Time,pu,pv
0,0,0
0.4930246005967336,0.10196352339895788,0.10196352339895788
0.9922677849123173,0.34644117300781363,0.34644117300781363
1.5146596579418756,0.6631794436719418,0.6631794436719418
2.012657936654551,0.9566384973041951,0.9566384973041951
2.5328225650759117,1.217261605712949,1.217261605712949
3.0979094701946615,1.4372255454348863,1.4372255454348863
3.6272907632289746,1.5898514819078302,1.5898514819078302
4.124015908258649,1.6955346830049387,1.6955346830049387
4.726545119858176,1.7871961778105376,1.7871961778105376
5.307330449349265,1.848289202792805,1.848289202792805
5.852957998731066,1.8886761533995517,1.8886761533995517
6.416792640820201,1.9183372330613426,1.9183372330613426
6.985507228194151,1.9395823144647968,1.9395823144647968
7.582647466248613,1.955413245202742,1.955413245202742
8.206385873970962,1.9670944822255236,1.9670944822255236
8.702224590678611,1.9739079287996262,1.9739079287996262
9.211660012217754,1.9792726929048763,1.9792726929048763
9.770229001782859,1.983754371464047,1.983754371464047
10.356381104968648,1.9873082844960643,1.9873082844960643
10.977804037887713,1.9901467047594434,1.9901467047594434
11.642185516652642,1.9924205564419828,1.9924205564419828
12.373940463704937,1.9942763910863055,1.9942763910863055
12.892481993883946,1.995289625331436,1.995289625331436
13.44172842287377,1.996155746150255,1.996155746150255
14.02669045272892,1.9968949601575343,1.9968949601575343
14.6473680834494,1.9975176768650311,1.9975176768650311
15.315340773044975,1.9980444900191998,1.9980444900191998
16.030608521515646,1.9984817699330744,1.9984817699330744
16.804530722570323,1.9988434272786875,1.9988434272786875
17.637107376209013,1.999135278075644,1.999135278075644
18.547395992786292,1.9993700864468131,1.9993700864468131
19.53539657230217,1.9995526687329783,1.9995526687329783
20.029396862060104,1.9996230007313724,1.9996230007313724
20.622734452995573,1.9996929827021825,1.9996929827021825
21.216072043931042,1.999749908042208,1.999749908042208
21.809409634866515,1.9997960826410037,1.9997960826410037
22.402747225801985,1.9998338767404784,1.9998338767404784
23.125606771768407,1.9998706204114787,1.9998706204114787
23.848466317734825,1.999899216733809,1.999899216733809
24.571325863701247,1.9999213076071367,1.9999213076071367
25.29418540966767,1.9999387235474453,1.9999387235474453
26.180146948801777,1.999954959489615,1.999954959489615
27.066108487935885,1.9999668929756313,1.9999668929756313
27.952070027069993,1.9999754786788533,1.9999754786788533
28.8380315662041,1.9999820005671443,1.9999820005671443
29.935525705546183,1.9999877924295637,1.9999877924295637
31.03301984488827,1.9999917337822863,1.9999917337822863
32.130513984230355,1.9999942271581233,1.9999942271581233
33.22800812357244,1.99999610583649,1.99999610583649
34.6132277042984,1.9999976934010104,1.9999976934010104
35.99844728502437,1.9999986585365257,1.9999986585365257
37.38366686575033,1.999999078982756,1.999999078982756
38.768886446476294,1.9999994665137415,1.9999994665137415
40.58915576427888,1.9999997939193142,1.9999997939193142
42.40942508208146,1.9999999572262392,1.9999999572262392
44.229694399884046,1.9999999143451177,1.9999999143451177
46.04996371768663,1.9999999690000518,1.9999999690000518
48.600658118580405,2.0000000817948953,2.0000000817948953
51.15135251947419,2.0000001074298703,2.0000001074298703
53.70204692036796,1.9999999468343534,1.9999999468343534
56.25274132126174,1.9999999764275804,1.9999999764275804
57.67784879337449,2.000000073289475,2.000000073289475
59.10295626548724,2.000000100489043,2.000000100489043
60.528063737599986,1.9999999671076378,1.9999999671076378
61.953171209712735,1.9999999825667882,1.9999999825667882
63.66481526190595,2.0000002236591063,2.0000002236591063
65.37645931409916,2.0000002770275676,2.0000002770275676
67.08810336629239,1.9999998873982046,1.9999998873982046
68.7997474184856,1.9999999371959498,1.9999999371959498
70.53139916600702,2.000000896453635,2.000000896453635
72.26305091352845,2.0000011053692526,2.0000011053692526
73.99470266104987,1.9999995441291218,1.9999995441291218
75.7263544085713,1.9999997459194372,1.9999997459194372
77.16149545938406,2.0000010326904465,2.0000010326904465
78.59663651019682,2.000001383865366,2.000001383865366
80.03177756100958,1.999999561093722,1.999999561093722
81.46691861182234,1.999999766584571,1.999999766584571
82.72715057691069,2.000000363621348,2.000000363621348
83.98738254199904,2.0000005529653713,2.0000005529653713
85.24761450708739,1.9999998492925644,1.9999998492925644
86.50784647217574,1.9999999321909443,1.9999999321909443
87.84994716987504,2.000000171025998,2.000000171025998
89.19204786757433,2.0000002414567786,2.0000002414567786
90.53414856527363,1.9999999298703584,1.9999999298703584
91.87624926297292,1.9999999650666151,1.9999999650666151
93.46174525850324,2.000000278874074,2.000000278874074
95.04724125403357,2.000000355051223,2.000000355051223
96.63273724956389,1.999999870333067,1.999999870333067
98.21823324509421,1.9999999279955982,1.9999999279955982
99.85251509333003,2.0000007027610747,2.0000007027610747
101.48679694156583,2.0000008840738337,2.0000008840738337
103.12107878980163,1.9999996631095893,1.9999996631095893
104.75536063803744,1.9999998121368407,1.9999998121368407
106.19891995134587,2.000000795126387,2.000000795126387
107.6424792646543,2.000001061581892,2.000001061581892
109.08603857796273,1.9999996605581178,1.9999996605581178
110.52959789127115,1.9999998187428691,1.9999998187428691
111.84398645806567,2.0000003915138906,2.0000003915138906
113.15837502486019,2.0000005645371024,2.0000005645371024
114.47276359165473,1.9999998399230656,1.9999998399230656
115.78715215844925,1.9999999225187437,1.9999999225187437
117.15823665543473,2.000000228210762,2.000000228210762
118.52932115242024,2.000000316161368,2.000000316161368
119.90040564940573,1.9999999056952096,1.9999999056952096
121.27149014639122,1.9999999518371872,1.9999999518371872
122.80853208419198,2.0000003124468124,2.0000003124468124
124.34557402199275,2.0000004032780248,2.0000004032780248
125.8826159597935,1.9999998590651051,1.9999998590651051
127.41965789759426,1.9999999223711535,1.9999999223711535
128.99468019516024,2.0000005929535245,2.0000005929535245
130.5697024927262,2.0000007570339076,2.0000007570339076
132.14472479029217,1.9999997261047953,1.9999997261047953
133.71974708785814,1.9999998481163723,1.9999998481163723
135.16826026363202,2.0000006582343097,2.0000006582343097
136.6167734394059,2.000000876958602,2.000000876958602
138.06528661517982,1.9999997182460463,1.9999997182460463
139.5137997909537,1.999999849203183,1.999999849203183
140.86818306560102,2.0000004065115675,2.0000004065115675
142.22256634024833,2.0000005691386784,2.0000005691386784
143.57694961489565,1.9999998328462545,1.9999998328462545
144.93133288954297,1.999999915801562,1.999999915801562
146.324134433508,2.000000277421066,2.000000277421066
147.71693597747299,2.0000003795913943,2.0000003795913943
149.10973752143798,1.9999998844220754,1.9999998844220754
150.502539065403,1.999999940034313,1.999999940034313
152.00895523535218,2.0000003396542203,2.0000003396542203
153.51537140530132,2.00000044272497,2.00000044272497
155.02178757525047,1.999999849650515,1.999999849650515
156.52820374519965,1.9999999178147234,1.9999999178147234
158.06348090151573,2.0000005290636915,2.0000005290636915
159.59875805783182,2.0000006832354784,2.0000006832354784
161.1340352141479,1.9999997616173033,1.9999997616173033
162.66931237046398,1.9999998687457656,1.9999998687457656
164.1203175808198,2.0000005756130137,2.0000005756130137
165.57132279117562,2.000000766079993,2.000000766079993
167.02232800153143,1.9999997532766187,1.9999997532766187
168.47333321188725,1.9999998678040847,1.9999998678040847
169.85656543158998,2.000000414738071,2.000000414738071
171.23979765129275,2.000000570501646,2.000000570501646
172.62302987099548,1.9999998278691442,1.9999998278691442
174.00626209069821,1.9999999112858675,1.9999999112858675
175.4150314641488,2.000000316783232,2.000000316783232
176.82380083759938,2.000000429850842,2.000000429850842
178.23257021104993,1.999999867098367,1.999999867098367
179.6413395845005,1.9999999303400193,1.9999999303400193
181.12807280098085,2.0000003608676904,2.0000003608676904
182.61480601746118,2.0000004736333423,2.0000004736333423
184.1015392339415,1.9999998421334277,1.9999998421334277
185.58827245042184,1.9999999142310805,1.9999999142310805
187.09665963938903,2.000000490126218,2.000000490126218
188.6050468283562,2.0000006384343694,2.0000006384343694
190.11343401732336,1.9999997827834481,1.9999997827834481
191.62182120629055,1.999999881197098,1.999999881197098
193.07390119293598,2.000000523672835,2.000000523672835
194.52598117958138,2.0000006966405617,2.0000006966405617
195.97806116622678,1.9999997754073369,1.9999997754073369
197.4301411528722,1.9999998796045966,1.9999998796045966
198.83383784205668,2.0000004191397993,2.0000004191397993
200.23753453124118,2.000000570210838,2.000000570210838
201.64123122042565,1.9999998245598654,1.9999998245598654
203.04492790961012,1.9999999083295719,1.9999999083295719
204.46531635461298,2.0000003467279988,2.0000003467279988
205.88570479961584,2.0000004678132854,2.0000004678132854
207.30609324461872,1.9999998537308488,1.9999998537308488
208.72648168962158,1.999999922815639,1.999999922815639
210.20043646973738,2.000000376983022,2.000000376983022
211.67439124985316,2.000000497145047,2.000000497145047
213.14834602996896,1.9999998363113745,1.9999998363113745
214.62230081008477,1.9999999114697433,1.9999999114697433
216.11237093781614,2.0000004656739874,2.0000004656739874
217.6024410655475,2.000000610453545,2.000000610453545
219.09251119327885,1.9999997958811064,1.9999997958811064
220.58258132101022,1.9999998889792903,1.9999998889792903
222.034951752987,2.0000004900440977,2.0000004900440977
223.48732218496383,2.0000006518255775,2.0000006518255775
224.93969261694062,1.9999997897965192,1.9999997897965192
226.3920630489174,1.999999887303674,1.999999887303674
227.81010164121514,2.000000421351388,2.000000421351388
229.22814023351287,2.0000005691378395,2.0000005691378395
230.64617882581058,1.999999822453431,1.999999822453431
232.0642174181083,1.9999999064342313,1.9999999064342313
233.49300239986655,2.000000368741722,2.000000368741722
234.92178738162477,2.0000004955619812,2.0000004955619812
236.35057236338298,1.999999843792125,1.999999843792125
237.77935734514122,1.999999917196822,1.999999917196822
239.2449650233164,2.0000003890055584,2.0000003890055584
240.71057270149157,2.0000005146637356,2.0000005146637356
242.17618037966676,1.9999998318973011,1.9999998318973011
243.64178805784195,1.9999999093742655,1.9999999093742655
245.11931755970028,2.0000004500196233,2.0000004500196233
246.5968470615586,2.000000592658114,2.000000592658114
248.07437656341696,1.999999804192727,1.999999804192727
249.5519060652753,1.9999998939592751,1.9999998939592751
251.00416286793978,2.000000467810077,2.000000467810077
252.45641967060428,2.0000006222807483,2.0000006222807483
253.90867647326877,1.9999997993463121,1.9999997993463121
255.36093327593326,1.9999998924289928,1.9999998924289928
256.7889363418894,2.0000004223248635,2.0000004223248635
258.21693940784553,2.000000567778149,2.000000567778149
259.6449424738016,1.9999998211638135,1.9999998211638135
261.07294553975777,1.9999999052408084,1.9999999052408084
262.50776811673336,2.0000003845492276,2.0000003845492276
263.9425906937089,2.000000515392126,2.000000515392126
265.3774132706845,1.99999983658994,1.99999983658994
266.8122358476601,1.9999999131107726,1.9999999131107726
268.2723722679858,2.0000003978583982,2.0000003978583982
269.7325086883115,2.000000527525783,2.000000527525783
271.1926451086372,1.9999998286018819,1.9999998286018819
272.6527815289629,1.9999999078028794,1.9999999078028794
274.1216945175526,2.000000439875376,2.000000439875376
275.5906075061423,2.0000005812124555,2.0000005812124555
277.05952049473194,1.9999998095560967,1.9999998095560967
278.52843348332163,1.9999998971965116,1.9999998971965116
279.98039446389214,2.0000004528923854,2.0000004528923854
281.4323554444626,2.0000006025114905,2.0000006025114905
282.88431642503303,1.9999998057763977,1.9999998057763977
284.33627740560354,1.999999895889768,1.999999895889768
285.7711606840495,2.000000422621809,2.000000422621809
287.2060439624955,2.0000005664034473,2.0000005664034473
288.6409272409415,1.9999998204057166,1.9999998204057166
290.07581051938746,1.999999904502295,1.999999904502295
291.5149578014792,2.0000003957174086,2.0000003957174086
292.95410508357105,2.000000529343419,2.000000529343419
294.3932523656629,1.9999998314630316,1.9999998314630316
295.83239964775464,1.9999999101932966,1.9999999101932966
297.28894439511544,2.00000040431451,2.00000040431451
298.74548914247623,2.0000005368683955,2.0000005368683955
300.2020338898371,1.999999826169523,1.999999826169523
301.6585786371979,1.9999999066356557,1.9999999066356557
303.1215571456805,2.000000433253387,2.000000433253387
304.58453565416323,2.00000057380241,2.00000057380241
306.04751416264594,1.9999998130548515,1.9999998130548515
307.5104926711286,1.9999998993225523,1.9999998993225523
308.9620995913459,2.000000442781456,2.000000442781456
310.4137065115633,2.000000589147278,2.000000589147278
311.86531343178063,1.999999810149381,1.999999810149381
313.31692035199796,1.999999898249761,1.999999898249761
314.75653272804465,2.0000004225711194,2.0000004225711194
316.19614510409133,2.000000565149596,2.000000565149596
317.635757480138,1.99999981998176,1.99999981998176
319.0753698561847,1.9999999040537435,1.9999999040537435
320.5176052566061,2.0000004035190186,2.0000004035190186
321.9598406570275,2.000000539051847,2.000000539051847
323.4020760574489,1.999999827858654,1.999999827858654
324.8443114578703,1.9999999081365891,1.9999999081365891
326.29849813123127,2.0000004089883694,2.0000004089883694
327.75268480459226,2.000000543601112,2.000000543601112
329.20687147795326,1.9999998243896417,1.9999998243896417
330.66105815131425,1.9999999057753304,1.9999999057753304
332.1199432344898,2.000000428913015,2.000000428913015
333.5788283176654,2.0000005689891323,2.0000005689891323
335.037713400841,1.999999815352907,1.999999815352907
336.4965984840166,1.9999999007278901,1.9999999007278901
337.9478579624099,2.000000435880997,2.000000435880997
339.39911744080325,2.0000005800499756,2.0000005800499756
340.8503769191966,1.9999998131436745,1.9999998131436745
342.3016363975899,1.9999998998699726,1.9999998998699726
343.74448829301366,2.0000004223614054,2.0000004223614054
345.1873401884375,2.000000564072201,2.000000564072201
346.63019208386123,1.9999998197611966,1.9999998197611966
348.073043979285,1.9999999037872827,1.9999999037872827
349.5174787279492,2.0000004089255268,2.0000004089255268
350.96191347661335,2.000000545755544,2.000000545755544
352.4063482252775,1.9999998253468851,1.9999998253468851
353.8507829739417,1.99999990669963,1.99999990669963
355.3034229195979,2.000000412352836,2.000000412352836
356.7560628652541,2.0000005484242274,2.0000005484242274
358.2087028109103,1.9999998230958915,1.9999998230958915
359.6613427565665,1.999999905145247,1.999999905145247
361.11740189847546,2.000000426062882,2.000000426062882
362.57346104038436,2.0000005658593936,2.0000005658593936
364.0295201822933,1.9999998168684407,1.9999998168684407
365.48557932420226,1.9999999016604402,1.9999999016604402
366.9365282430311,2.000000431149857,2.000000431149857
368.3874771618599,2.0000005738285265,2.0000005738285265
369.8384260806887,1.9999998152032863,1.9999998152032863
371.2893749995175,1.9999999009873144,1.9999999009873144
372.73444022805296,2.000000422097102,2.000000422097102
374.17950545658846,2.0000005631819353,2.0000005631819353
375.6245706851239,1.9999998196601785,1.9999998196601785
377.06963591365934,1.9999999036334646,1.9999999036334646
378.5156334971466,2.0000004126508566,2.0000004126508566
379.9616310806339,2.00000055035866,2.00000055035866
381.40762866412115,1.9999998236075056,1.9999998236075056
382.8536262476084,1.9999999057020532,1.9999999057020532
384.30525341760574,2.000000414763905,2.000000414763905
385.75688058760306,2.0000005518636206,2.0000005518636206
387.2085077576004,1.9999998221604638,1.9999998221604638
388.6601349275977,1.999999904686245,1.999999904686245
390.1142423838502,2.000000424190789,2.000000424190789
391.5683498401026,2.000000563825619,2.000000563825619
393.022457296355,1.9999998178700222,1.9999998178700222
394.4765647526075,1.9999999022805495,1.9999999022805495
395.92725081833464,2.0000004278963353,2.0000004278963353
397.3779368840618,2.000000569561015,2.000000569561015
398.82862294978895,1.9999998166241701,1.9999998166241701
400.2793090155161,1.9999999017601127,1.9999999017601127
401.7258833076369,2.000000421832839,2.000000421832839
403.17245759975765,2.0000005624663837,2.0000005624663837
404.6190318918784,1.999999819626398,1.999999819626398
406.0656061839992,1.999999903548167,1.999999903548167
407.512712095643,2.000000415207057,2.000000415207057
408.95981800728686,2.000000553506395,2.000000553506395
410.4069239189307,1.9999998224085025,1.9999998224085025
411.8540298305745,1.9999999050126953,1.9999999050126953
413.30499546041654,2.0000004164855056,2.0000004164855056
414.75596109025855,2.000000554307505,2.000000554307505
416.2069267201006,1.9999998214870063,1.9999998214870063
417.65789234994264,1.9999999043533787,1.9999999043533787
419.110651834029,2.0000004229621675,2.0000004229621675
420.5634113181153,2.0000005625065573,2.0000005625065573
422.0161708022016,1.999999818532425,1.999999818532425
423.46893028628796,1.9999999026932376,1.9999999026932376
424.91940170961243,2.0000004256547856,2.0000004256547856
426.36987313293696,2.0000005666283243,2.0000005666283243
427.8203445562615,1.9999998176062017,1.9999998176062017
429.27081597958596,1.9999999022955723,1.9999999022955723
430.7184173727511,2.0000004215944123,2.0000004215944123
432.16601876591625,2.000000561903006,2.000000561903006
433.6136201590814,1.9999998196281092,1.9999998196281092
435.06122155224654,1.999999903503716,1.999999903503716
436.50911206308075,2.000000416955534,2.000000416955534
437.957002573915,2.0000005556521647,2.0000005556521647
439.40489308474923,1.9999998215848054,1.9999998215848054
440.85278359558345,1.999999904537948,1.999999904537948
442.3033184209728,2.000000417711144,2.000000417711144
443.75385324636216,2.0000005560390415,2.0000005560390415
445.2043880717515,1.9999998210038676,1.9999998210038676
446.65492289714086,1.9999999041129186,1.9999999041129186
448.10675153868544,2.0000004221572207,2.0000004221572207
449.55858018023,2.0000005616535748,2.0000005616535748
451.01040882177466,1.9999998189703965,1.9999998189703965
452.46223746331924,1.9999999029678681,1.9999999029678681
453.9125380059444,2.0000004241087854,2.0000004241087854
455.3628385485695,2.0000005646107706,2.0000005646107706
456.81313909119467,1.9999998182856373,1.9999998182856373
458.2634396338198,1.9999999026669617,1.9999999026669617
459.71173904652835,2.000000421391487,2.000000421391487
461.16003845923683,2.000000561466468,2.000000561466468
462.6083378719453,1.9999998196466287,1.9999998196466287
464.05663728465385,1.999999903482982,1.999999903482982
465.5050823281065,2.000000418148611,2.000000418148611
466.9535273715591,2.000000557111313,2.000000557111313
468.40197241501176,1.9999998210204046,1.9999998210204046
469.8504174584644,1.9999999042118402,1.9999999042118402
471.3006727538886,2.000000418581522,2.000000418581522
472.75092804931285,2.000000557262981,2.000000557262981
474.20118334473705,1.999999820658296,1.999999820658296
475.65143864016125,1.9999999039397922,1.9999999039397922
477.1026247040559,2.0000004216311082,2.0000004216311082
478.5538107679506,2.0000005611041307,2.0000005611041307
480.0049968318453,1.999999819259691,1.999999819259691
481.45618289573997,1.9999999031505018,1.9999999031505018
482.9063499532623,2.0000004230419486,2.0000004230419486
484.3565170107846,2.000000563222059,2.000000563222059
485.80668406830694,1.9999998187559536,1.9999998187559536
487.25685112582926,1.999999902924676,1.999999902924676
488.70562427630017,2.000000421225172,2.000000421225172
490.1543974267711,2.0000005611324996,2.0000005611324996
491.60317057724194,1.9999998196713793,1.9999998196713793
493.05194372771285,1.999999903475519,1.999999903475519
494.5007801194256,2.0000004189611134,2.0000004189611134
495.9496165111384,2.0000005581015485,2.0000005581015485
497.39845290285115,1.999999820634466,1.999999820634466
498.8472892945639,1.9999999039882863,1.9999999039882863
500.2973639854945,2.0000004191982943,2.0000004191982943
501.7474386764251,2.0000005581264144,2.0000005581264144
503.1975133673556,1.9999998204117546,1.9999998204117546
504.6475880582862,1.999999903815511,1.999999903815511
506.0983307396799,2.0000004212882803,2.0000004212882803
507.5490734210737,2.0000005607519253,2.0000005607519253
508.9998161024674,1.9999998194504793,1.9999998194504793
510.4505587838611,1.9999999032718132,1.9999999032718132
511.9006230866206,2.000000422305665,2.000000422305665
513.3506873893801,2.00000056226606,2.00000056226606
514.8007516921397,1.9999998190815536,1.9999998190815536
516.2508159948992,1.999999903103527,1.999999903103527
517.6999102561366,2.0000004210924183,2.0000004210924183
519.1490045173741,2.000000560879647,2.000000560879647
520.5980987786115,1.9999998196967068,1.9999998196967068
522.0471930398489,1.99999990347508,1.99999990347508
523.496305233429,2.0000004195135146,2.0000004195135146
524.9454174270089,2.000000558772383,2.000000558772383
526.3945296205889,1.9999998203710088,1.9999998203710088
527.8436418141689,1.999999903835289,1.999999903835289
529.2936003966082,2.0000004196345347,2.0000004196345347
530.7435589790475,2.0000005587344822,2.0000005587344822
532.1935175614867,1.999999820236261,1.999999820236261
533.643476143926,1.9999999037265266,1.9999999037265266
535.0939130563565,2.000000421065692,2.000000421065692
536.5443499687872,2.000000560527476,2.000000560527476
537.9947868812177,1.9999998195760438,1.9999998195760438
539.4452237936482,1.9999999033522646,1.9999999033522646
540.8952099226855,2.000000421797579,2.000000421797579
542.3451960517227,2.000000561608027,2.000000561608027
543.7951821807601,1.9999998193069326,1.9999998193069326
545.2451683097974,1.9999999032276239,1.9999999032276239
546.6944799645394,2.000000420988504,2.000000420988504
548.1437916192815,2.000000560689858,2.000000560689858
549.5931032740235,1.999999819719856,1.999999819719856
551.0424149287655,1.9999999034780171,1.9999999034780171
552.4917212451978,2.000000419888544,2.000000419888544
553.94102756163,2.000000559226145,2.000000559226145
555.3903338780622,1.9999998201914164,1.9999998201914164
556.8396401944945,1.9999999037307217,1.9999999037307217
558.2895245576825,2.0000004199425656,2.0000004199425656
559.7394089208706,2.0000005591620593,2.0000005591620593
561.1892932840586,1.999999820111592,1.999999820111592
562.6391776472467,1.9999999036629643,1.9999999036629643
564.0894038192715,2.0000004209217734,2.0000004209217734
565.5396299912964,2.0000005603854345,2.0000005603854345
566.9898561633211,1.9999998196584803,1.9999998196584803
568.4400823353459,1.9999999034055216,1.9999999034055216
569.8900095651205,2.0000004214470817,2.0000004214470817
571.3399367948952,2.00000056115524,2.00000056115524
572.7898640246698,1.999999819462887,1.999999819462887
574.2397912544444,1.9999999033136993,1.9999999033136993
575.6892499093312,2.00000042090839,2.00000042090839
577.1387085642181,2.0000005605484525,2.0000005605484525
578.5881672191049,1.9999998197397237,1.9999998197397237
580.0376258739917,1.9999999034822689,1.9999999034822689
581.4870686555093,2.000000420142808,2.000000420142808
582.9365114370269,2.0000005595326225,2.0000005595326225
584.3859542185444,1.9999998200691533,1.9999998200691533
585.835397000062,1.9999999036593452,1.9999999036593452
587.2852342434585,2.0000004201597537,2.0000004201597537
588.735071486855,2.0000005594623302,2.0000005594623302
590.1849087302514,1.9999998200231845,1.9999998200231845
591.6347459736479,1.9999999036176552,1.9999999036176552
593.0848269869946,2.0000004208291795,2.0000004208291795
594.5349080003411,2.0000005602963076,2.0000005602963076
595.9849890136877,1.9999998197124453,1.9999998197124453
597.4350700270344,1.9999999034406986,1.9999999034406986
598.8849532276535,2.000000421205386,2.000000421205386
600.3348364282725,2.0000005608438025,2.0000005608438025
601.7847196288916,1.9999998195707587,1.9999998195707587
603.2346028295107,1.9999999033733773,1.9999999033733773
604.6841607684952,2.000000420847361,2.000000420847361
606.1337187074797,2.0000005604437514,2.0000005604437514
607.5832766464642,1.9999998197561057,1.9999998197561057
609.0328345854488,1.9999999034867322,1.9999999034867322
610.4823731912833,2.0000004203149895,2.0000004203149895
611.9319117971177,2.000000559739346,2.000000559739346
613.3814504029522,1.999999819986012,1.999999819986012
614.8309890087867,1.9999999036106748,1.9999999036106748
616.2807965705664,2.0000004203126673,2.0000004203126673
617.7306041323461,2.000000559672926,2.000000559672926
619.1804116941257,1.9999998199605988,1.9999998199605988
620.6302192559054,1.999999903585423,1.999999903585423
622.0802003532178,2.0000004207699376,2.0000004207699376
623.5301814505301,2.0000005602409456,2.0000005602409456
624.9801625478425,1.9999998197476585,1.9999998197476585
626.4301436451549,1.9999999034638787,1.9999999034638787
627.8799941628124,2.000000421038813,2.000000421038813
629.3298446804698,2.000000560629709,2.000000560629709
630.7796951981272,1.9999998196453297,1.9999998196453297
632.2295457157848,1.9999999034147282,1.9999999034147282
633.6791706315481,2.0000004208013302,2.0000004208013302
635.1287955473115,2.000000560366658,2.000000560366658
636.578420463075,1.999999819769238,1.999999819769238
638.0280453788383,1.999999903490859,1.999999903490859
639.4776511966545,2.0000004204314434,2.0000004204314434
640.9272570144708,2.000000559878592,2.000000559878592
642.3768628322871,1.999999819929538,1.999999819929538
643.8264686501033,1.9999999035775229,1.9999999035775229
645.2762576935605,2.0000004204201947,2.0000004204201947
646.7260467370177,2.0000005598204647,2.0000005598204647
648.1758357804749,1.9999998199163593,1.9999998199163593
649.6256248239322,1.9999999035625329,1.9999999035625329
651.07553719143,2.0000004207322815,2.0000004207322815
652.5254495589279,2.000000560206987,2.000000560206987
653.9753619264259,1.999999819770551,1.999999819770551
655.4252742939237,1.9999999034791116,1.9999999034791116
656.8751006929195,2.0000004209240756,2.0000004209240756
658.3249270919155,2.000000560482615,2.000000560482615
659.7747534909113,1.9999998196968507,1.9999998196968507
661.2245798899071,1.9999999034433642,1.9999999034433642
662.6742499340528,2.0000004207669004,2.0000004207669004
664.1239199781985,2.0000005603101703,2.0000005603101703
665.5735900223442,1.9999998197795494,1.9999998197795494
667.0232600664899,1.9999999034944245,1.9999999034944245
668.4729129761473,2.0000004205101143,2.0000004205101143
669.9225658858047,2.00000055997226,2.00000055997226
671.3722187954622,1.9999998198912181,1.9999998198912181
672.8218717051196,1.9999999035549638,1.9999999035549638
674.2716493275695,2.0000004204957165,2.0000004204957165
675.7214269500196,2.000000559923716,2.000000559923716
677.1712045724695,1.9999998198851325,1.9999998198851325
678.6209821949194,1.9999999035463047,1.9999999035463047
680.070847316493,2.000000420708531,2.000000420708531
681.5207124380665,2.000000560186487,2.000000560186487
682.9705775596402,1.999999819785372,1.999999819785372
684.4204426812138,1.999999903489094,1.999999903489094
685.8702513712398,2.0000004208451,2.0000004208451
687.3200600612657,2.0000005603816264,2.0000005603816264
688.7698687512917,1.9999998197324222,1.9999998197324222
690.2196774413177,1.9999999034631806,1.9999999034631806
691.6693778487705,2.0000004207413142,2.0000004207413142
693.1190782562232,2.000000560268943,2.000000560268943
694.5687786636761,1.9999998197875237,1.9999998197875237
696.0184790711289,1.9999999034973786,1.9999999034973786
697.4681649451607,2.000000420563187,2.000000420563187
698.9178508191924,2.000000560035168,2.000000560035168
700.3675366932241,1.9999998198652473,1.9999998198652473
701.8172225672558,1.9999999035396285,1.9999999035396285
703.2669932539022,2.000000420548699,2.000000420548699
704.7167639405485,2.0000005599959,2.0000005599959
706.1665346271948,1.9999998198631193,1.9999998198631193
707.6163053138412,1.9999999035348164,1.9999999035348164
709.0661379851867,2.000000420693704,2.000000420693704
710.5159706565323,2.0000005601743855,2.0000005601743855
711.9658033278778,1.999999819794914,1.999999819794914
713.4156359992234,1.9999999034956084,1.9999999034956084
714.8654317401757,2.0000004207907702,2.0000004207907702
716.315227481128,2.0000005603123343,2.0000005603123343
717.7650232220803,1.9999998197569673,1.9999998197569673
719.2148189630327,1.9999999034768858,1.9999999034768858
720.6645397725073,2.0000004207224142,2.0000004207224142
722.1142605819819,2.000000560238967,2.000000560238967
723.5639813914565,1.9999998197936137,1.9999998197936137
725.0137022009311,1.999999903499756,1.999999903499756
726.4634111271935,2.000000420598952,2.000000420598952
727.9131200534559,2.000000560077363,2.000000560077363
729.3628289797183,1.9999998198476636,1.9999998198476636
730.8125379059807,1.9999999035292142,1.9999999035292142
732.2623044566469,2.0000004205858315,2.0000004205858315
733.7120710073132,2.0000005600463187,2.0000005600463187
735.1618375579795,1.9999998198476205,1.9999998198476205
736.6116041086458,1.999999903526696,1.999999903526696
738.061414504341,2.00000042068454,2.00000042068454
739.511224900036,2.00000056016743,2.00000056016743
740.9610352957312,1.9999998198010296,1.9999998198010296
742.4108456914264,1.9999999034998472,1.9999999034998472
743.860632007572,2.0000004207534223,2.0000004207534223
745.3104183237176,2.000000560264823,2.000000560264823
746.7602046398632,1.9999998197738917,1.9999998197738917
748.2099909560088,1.999999903486357,1.999999903486357
749.6597254578598,2.0000004207085316,2.0000004207085316
751.1094599597109,2.000000560217255,2.000000560217255
752.559194461562,1.999999819798214,1.999999819798214
754.008928963413,1.9999999035016263,1.9999999035016263
755.4586539942835,2.000000420623022,2.000000420623022
756.908379025154,2.0000005601056214,2.0000005601056214
758.3581040560244,1.9999998198357711,1.9999998198357711
759.8078290868949,1.9999999035221483,1.9999999035221483
761.2575932331843,2.000000420611827,2.000000420611827
762.7073573794735,2.0000005600815,2.0000005600815
764.1571215257627,1.9999998198367224,1.9999998198367224
765.606885672052,1.9999999035209637,1.9999999035209637
767.0566807892619,2.000000420678962,2.000000420678962
768.5064759064719,2.000000560163601,2.000000560163601
769.9562710236819,1.9999998198049211,1.9999998198049211
771.4060661408918,1.999999903502593,1.999999903502593
772.8558456189403,2.000000420727764,2.000000420727764
774.3056250969889,2.000000560232268,2.000000560232268
775.7554045750375,1.9999998197855546,1.9999998197855546
777.205184053086,1.9999999034928992,1.9999999034928992
778.6549277304919,2.0000004206983784,2.0000004206983784
780.1046714078977,2.000000560201573,2.000000560201573
781.5544150853035,1.9999998198016613,1.9999998198016613
783.0041587627094,1.9999999035030749,1.9999999035030749
784.4538950348988,2.0000004206392035,2.0000004206392035
785.9036313070882,2.0000005601245197,2.0000005601245197
787.3533675792776,1.9999998198277358,1.9999998198277358
788.803103851467,1.9999999035173583,1.9999999035173583
790.2528666475381,2.000000420630008,2.000000420630008
791.7026294436091,2.000000560106028,2.000000560106028
793.1523922396802,1.9999998198290672,1.9999998198290672
794.6021550357514,1.9999999035169227,1.9999999035169227
796.0519396798079,2.0000004206756237,2.0000004206756237
797.5017243238644,2.0000005601616224,2.0000005601616224
798.9515089679211,1.9999998198073805,1.9999998198073805
800.4012936119776,1.9999999035043636,1.9999999035043636
801.8510681458274,2.000000420710151,2.000000420710151
803.3008426796773,2.00000056020998,2.00000056020998
804.7506172135272,1.999999819793585,1.999999819793585
806.200391747377,1.9999999034974134,1.9999999034974134
807.6501415631212,2.0000004206909825,2.0000004206909825
809.0998913788655,2.0000005601902786,2.0000005601902786
810.5496411946099,1.9999998198042255,1.9999998198042255
811.9993910103541,1.9999999035041822,1.9999999035041822
813.4491351215052,2.000000420650061,2.000000420650061
814.8988792326563,2.0000005601371313,2.0000005601371313
816.3486233438075,1.9999998198223146,1.9999998198223146
817.7983674549586,1.9999999035141158,1.9999999035141158
819.2481295347782,2.000000420642711,2.000000420642711
820.6978916145979,2.0000005601231114,2.0000005601231114
822.1476536944176,1.9999998198236968,1.9999998198236968
823.5974157742372,1.9999999035140779,1.9999999035140779
825.0471932471064,2.0000004206736794,2.0000004206736794
826.4969707199757,2.0000005601607227,2.0000005601607227
827.9467481928449,1.9999998198089186,1.9999998198089186
829.3965256657141,1.9999999035054976,1.9999999035054976
830.8462966338319,2.000000420698071,2.000000420698071
832.2960676019497,2.000000560194734,2.000000560194734
833.7458385700675,1.99999981979911,1.99999981979911
835.1956095381853,1.9999999035005267,1.9999999035005267
836.6453634524214,2.000000420685611,2.000000420685611
838.0951173666574,2.0000005601821598,2.0000005601821598
839.5448712808934,1.999999819806124,1.999999819806124
840.9946251951295,1.9999999035050213,1.9999999035050213
842.4443747703025,2.0000004206573365,2.0000004206573365
843.8941243454755,2.000000560145532,2.000000560145532
845.3438739206484,1.999999819818661,1.999999819818661
846.7936234958214,1.9999999035119227,1.9999999035119227
848.2433852311328,2.0000004206515802,2.0000004206515802
849.6931469664443,2.0000005601350033,2.0000005601350033
851.1429087017557,1.9999998198199311,1.9999998198199311
852.5926704370671,1.9999999035120763,1.9999999035120763
854.0424430028015,2.000000420672584,2.000000420672584
855.492215568536,2.00000056016042,2.00000056016042
856.9419881342706,1.9999998198098703,1.9999998198098703
858.391760700005,1.9999999035062197,1.9999999035062197
859.841529104312,2.0000004206897923,2.0000004206897923
861.291297508619,2.000000560184315,2.000000560184315
862.741065912926,1.9999998198029083,1.9999998198029083
864.1908343172331,1.9999999035026716,1.9999999035026716
865.6405909632286,2.000000420681729,2.000000420681729
867.0903476092242,2.000000560176347,2.000000560176347
868.5401042552196,1.9999998198075182,1.9999998198075182
869.9898609012151,1.9999999035056497,1.9999999035056497
871.4396142769253,2.000000420662203,2.000000420662203
872.8893676526357,2.0000005601511166,2.0000005601511166
874.3391210283459,1.9999998198162032,1.9999998198162032
875.7888744040561,1.9999999035104423,1.9999999035104423
877.238636002364,2.0000004206577637,2.0000004206577637
878.6883976006721,2.0000005601432687,2.0000005601432687
880.1381591989802,1.9999998198172964,1.9999998198172964
881.5879207972882,1.999999903510671,1.999999903510671
883.0376900078872,2.000000420671994,2.000000420671994
884.4874592184863,2.000000560160425,2.000000560160425
885.9372284290854,1.9999998198104523,1.9999998198104523
887.3869976396844,1.999999903506677,1.999999903506677
888.8367642064272,2.0000004206841218,2.0000004206841218
890.2865307731702,2.000000560177196,2.000000560177196
891.736297339913,1.999999819805518,1.999999819805518
893.1860639066558,1.9999999035041494,1.9999999035041494
894.6358223722647,2.000000420678934,2.000000420678934
896.0855808378735,2.0000005601721966,2.0000005601721966
897.5353393034825,1.9999998198085367,1.9999998198085367
898.9850977690913,1.9999999035061167,1.9999999035061167
900.4348537865536,2.0000004206654602,2.0000004206654602
901.8846098040159,2.0000005601548314,2.0000005601548314
903.3343658214782,1.9999998198145488,1.9999998198145488
904.7841218389405,1.9999999035094413,1.9999999035094413
906.2338834076752,2.0000004206620647,2.0000004206620647
907.6836449764098,2.0000005601490036,2.0000005601490036
909.1334065451446,1.9999998198154565,1.9999998198154565
910.5831681138793,1.9999999035096874,1.9999999035096874
912.0329350323386,2.0000004206716997,2.0000004206716997
913.4827019507981,2.0000005601605726,2.0000005601605726
914.9324688692575,1.9999998198108042,1.9999998198108042
916.3822357877168,1.9999999035069647,1.9999999035069647
917.8320010419102,2.000000420680243,2.000000420680243
919.2817662961037,2.0000005601723405,2.0000005601723405
920.7315315502972,1.9999998198073086,1.9999998198073086
922.1812968044906,1.9999999035051645,1.9999999035051645
923.6310564786801,2.000000420676923,2.000000420676923
925.0808161528696,2.000000560169234,2.000000560169234
926.5305758270592,1.9999998198092788,1.9999998198092788
927.9803355012488,1.9999999035064608,1.9999999035064608
929.4300933553837,2.0000004206676265,2.0000004206676265
930.8798512095187,2.000000560157284,2.000000560157284
932.3296090636537,1.9999998198134397,1.9999998198134397
933.7793669177887,1.9999999035087686,1.9999999035087686
935.2291285182833,2.0000004206650672,2.0000004206650672
936.6788901187781,2.0000005601529933,2.0000005601529933
938.1286517192727,1.9999998198141682,1.9999998198141682
939.5784133197674,1.9999999035089966,1.9999999035089966
941.0281786722719,2.0000004206715825,2.0000004206715825
942.4779440247765,2.000000560160785,2.000000560160785
943.9277093772812,1.9999998198110087,1.9999998198110087
945.3774747297857,1.999999903507142,1.999999903507142
946.8272390430634,2.0000004206775883,2.0000004206775883
948.2770033563411,2.0000005601690267,2.0000005601690267
949.7267676696189,1.9999998198085382,1.9999998198085382
951.1765319828966,1.999999903505864,1.999999903505864
952.6262924570213,2.0000004206754762,2.0000004206754762
954.0760529311463,2.0000005601671194,2.0000005601671194
955.525813405271,1.9999998198098201,1.9999998198098201
956.9755738793958,1.9999999035067162,1.9999999035067162
958.4253330103883,2.0000004206690667,2.0000004206690667
959.8750921413807,2.000000560158901,2.000000560158901
961.324851272373,1.9999998198126974,1.9999998198126974
962.7746104033655,1.9999999035083156,1.9999999035083156
964.2243720609431,2.000000420667153,2.000000420667153
965.6741337185207,2.000000560155758,2.000000560155758
967.1238953760983,1.999999819813269,1.999999819813269
968.5736570336759,1.999999903508512,1.999999903508512
970.0234213208952,2.000000420671558,2.000000420671558
971.4731856081144,2.000000560161004,2.000000560161004
972.9229498953337,1.9999998198111235,1.9999998198111235
974.372714182553,1.999999903507249,1.999999903507249
975.8224778265,2.000000420675777,2.000000420675777
977.2722414704469,2.000000560166773,2.000000560166773
978.7220051143938,1.9999998198093796,1.9999998198093796
980.1717687583408,1.9999999035063436,1.9999999035063436
981.6215297608736,2.0000004206744424,2.0000004206744424
983.0712907634065,2.000000560165618,2.000000560165618
984.5210517659393,1.9999998198102111,1.9999998198102111
985.9708127684721,1.9999999035069027,1.9999999035069027
987.4205727844051,2.0000004206700246,2.0000004206700246
988.8703328003379,2.000000560159968,2.000000560159968
990.3200928162707,1.9999998198121998,1.9999998198121998
991.7698528322037,1.9999999035080103,1.9999999035080103
993.219614550453,2.0000004206686057,2.0000004206686057
994.6693762687023,2.0000005601576776,2.0000005601576776
996.1191379869515,1.9999998198126403,1.9999998198126403
997.5688997052008,1.9999999035081724,1.9999999035081724
999.0186632630863,2.0000004206715776,2.0000004206715776
999.9999999949999,2.000000515091314,2.000000515091314
1000,2.000000515091314,2.000000515091314