Time,Input1,Input2,Signal
0,10,10,0
0.6008451099015035,8.364907966862926,9.984880770556648,0.013582639524795445
1.2074682138371577,7.012121976714996,9.94317425748686,0.0539750834026501
1.821235214377148,5.89260279919168,9.879674510607463,0.11643586916647285
2.4318580044710796,4.981875647916337,9.800020990599341,0.1952949417416051
3.0464611818086795,4.231974666640825,9.70722216837641,0.28749075424484716
3.668522346606945,3.6117454631730967,9.60370907680193,0.390556479492074
4.300054401218188,3.098136378402958,9.491524419748668,0.50242115074509
4.908136298919693,2.6934652058009316,9.37885020927849,0.6148884892391132
5.525749774084002,2.3558939435436446,9.26140384205373,0.7322058212522748
6.152840902055797,2.0748254213180477,9.140407472697591,0.8531361404200004
6.753021308655898,1.8532806611509813,9.023950248087962,0.9695787529600041
7.360148674303964,1.6677415311830097,8.906261871112635,1.0872892650123809
7.973391243257249,1.512562622903064,8.788106876420102,1.205495694288281
8.591707127458731,1.3828989331286259,8.67017648571637,1.3235006135227916
9.214175354432045,1.2745526768660391,8.55303516576383,1.4407342796065359
9.839945818601317,1.1839368365310552,8.4371424734784,1.5567320618807472
10.468292854175814,1.1080073862983801,8.32285585649629,1.6711329401800887
11.09853191888904,1.0442111138893835,8.210458417633408,1.7836510804844345
11.730131322421785,0.9904095744817287,8.100150405407208,1.894084015262405
12.362659044108648,0.9448275015605581,7.992069998899811,2.002291126592818
12.995775364961252,0.9059982637246957,7.886304182742985,2.1081841005479247
13.629201007788328,0.872716067734824,7.78290219904891,2.2117128441023453
14.262730681226753,0.8439912869456584,7.68187997912233,2.312860746100022
14.896209140873314,0.8190141962817142,7.583229625375218,2.411634512837824
15.52951775432707,0.7971234247649505,7.486925890314355,2.5080590665905382
16.162574908011727,0.7777790400276087,7.392929584751746,2.6021735475201155
16.795322587864895,0.7605406769423809,7.301192356452908,2.6940262581053878
17.42772172851039,0.7450491875210543,7.211659457260713,2.7836712487658604
18.05974242246993,0.7310117041030156,7.124272715506962,2.8711667499591225
18.69137639730085,0.718188961662292,7.038970026177014,2.956575114387154
19.32261867379763,0.7063856161965797,6.955688841779925,3.0399590666968597
19.953470338693315,0.6954419282926391,6.874366429231673,3.121380815081362
20.583931670650358,0.6852271856171263,6.794941226722736,3.2009021094063974
21.214016868655435,0.6756340331718982,6.7173513339489395,3.2785851928032668
21.843736861968516,0.6665743572934788,6.6415369544841445,3.3544901083518517
22.4731040086491,0.6579756237936076,6.5674399336701,3.42867453571968
23.10212700972714,0.6497780434172944,6.495004434713264,3.5011945331277676
23.73082446250486,0.641932041963553,6.424175421353653,3.572105500354053
24.35921021698349,0.6343965477531003,6.354900383363101,3.6414602064455144
24.987298042825106,0.6271373756921963,6.287128764360818,3.709308738599427
25.61509769459662,0.6201260115227665,6.2208123400600455,3.775699542269042
26.242626455279947,0.6133384593671053,6.155903949218359,3.8406801375342488
26.869897047410934,0.6067545479192743,6.092358734849159,3.904295633298528
27.49692170934588,0.6003572053909885,6.030133636978934,3.9665886119533194
28.123709063948,0.5941319389256995,5.969187628217326,4.02760031154183
28.750273695035595,0.5880662900249611,5.909480712949534,4.087371074686405
29.376626254022234,0.5821495683358766,5.85097483615363,4.145939196465824
30.00277687041247,0.5763725173030401,5.793633473924273,4.203340711521636
30.62873261494502,0.5707270924349122,5.73742179273623,4.25961065169496
31.254505390358297,0.5652061901382633,5.682305874893074,4.314783269157872
31.880103829834653,0.5598035583933041,5.628253394609401,4.368891117855553
32.50553611245405,0.5545136363552053,5.575233297712839,4.421964751468036
33.130807882480276,0.5493314613231599,5.523215915513684,4.474034025631032
33.7559287594557,0.5442525241798154,5.4721723671317495,4.52512814450406
34.380905673629826,0.5392727509758556,5.422075069517469,4.575274908853393
35.005745186786484,0.5343884216693086,5.372897489000063,4.624500342149687
35.63045176934415,0.5295961324506415,5.324614225720036,4.672830021510175
36.25503319635709,0.5248927122363675,5.277200550669211,4.720288989797051
36.87949503148212,0.520275230713276,5.23063279520885,4.766901124632783
37.50384254680075,0.5157409541752095,5.1848881580813435,4.812688709006933
38.12807928476736,0.5112873314747017,5.139944769525797,4.857673781923886
38.75221155727201,0.5069119415972143,5.095781330256452,4.901877948764368
39.37624385019097,0.5026125098787463,5.0523774122309515,4.945321839381832
40.00018042029157,0.4983868819655648,5.009713307895994,4.9880246364517165
40.62402408653305,0.49423301965272926,4.967770079670768,5.030005440235193
41.247780004493485,0.49014896538759595,4.9265292762393145,5.071283001799027
41.87145181310817,0.4861328594552078,4.88597316707979,5.111875247613758
42.49504297103697,0.4821829232949746,4.846084623841452,5.151798775754429
43.11855573441471,0.4782974592973976,4.806847158982342,5.191070231075316
43.74199434261499,0.4744748252610213,4.768244701045683,5.229705979595091
44.3653617672208,0.47071344997803855,4.730261779179415,5.267721683317442
44.988660837292755,0.4670118217256599,4.692883429057909,5.305131771875735
45.611893369761894,0.4633684894928217,4.656095223332382,5.341950825528039
46.23506287404007,0.45978204375461396,4.619883092238848,5.378193204340925
46.85817179296301,0.4562511297772553,4.584233469968001,5.413872661334479
47.48122245597961,0.452774439200746,4.549133219464081,5.449001795243065
48.10421633546599,0.4493507116443017,4.514569656605068,5.483593439469573
48.7271563553393,0.4459787197732802,4.480530405937962,5.517660256255729
49.35004453673478,0.4426572803637335,4.447003517662414,5.55121437935853
49.972882809971956,0.4393852478786222,4.413977407063495,5.5842668521737
50.59567237534925,0.4361615160391331,4.381440873842724,5.616829021274358
51.21841568390891,0.43298500597014633,4.349382985283947,5.648912103250367
51.84111441813401,0.4298546753035153,4.317793170409226,5.6805268503342985
52.463770187243874,0.4267695131289466,4.286661170848013,5.711682977087409
53.08638397529836,0.4237285413888426,4.255977056380627,5.742390557499352
53.70895784876137,0.4207308053227231,4.225731129696967,5.7726595703220696
54.33149321628054,0.4177753809331801,4.195914002673003,5.8024995826781485
54.9539914270128,0.41486137093585645,4.166516556247083,5.831919167740113
55.576453292024794,0.41198790594734697,4.137529952986884,5.860927304612058
56.19888056295541,0.40915413669574946,4.108945558967778,5.889532906620502
56.82127442556672,0.4063592401484154,4.080755005943595,5.917744519116233
57.44363601700066,0.4036024162165981,4.052950158370278,5.945569730007725
58.065966009068084,0.4008828887482778,4.025523123616703,5.973016571830865
58.68826589405293,0.3981998991232346,3.998466187512995,6.000093036437245
59.310536675175186,0.3955527112961074,3.9717718653135234,6.026806784078979
59.93277931567978,0.3929406090868507,3.9454328744335347,6.053164548231244
60.55499437459916,0.3903628970040714,3.919442142785541,6.07917353939073
61.17718312931167,0.3878188949409782,3.89379275531203,6.1048409488389215
61.79934643263552,0.3853079423413664,3.8684779959883846,6.130173666751787
62.42148510434863,0.38282939595335447,3.8434913251548055,6.155177682429491
63.04359961165002,0.380382630510563,3.818826386353122,6.17985948946761
63.66569105284562,0.3779670343130724,3.7944769617423417,6.204225580689923
64.28776015616191,0.3755820126831392,3.770437006892807,6.228282173523045
64.90980762235344,0.3732269860905841,3.7467006318402647,6.252034606506623
65.5318338434598,0.37090139071642025,3.7232621067146447,6.275488745561765
66.15383976778114,0.3686046747515332,3.7001158243827743,6.298650471742947
66.77582601978784,0.36633630127538147,3.677256329408417,6.321525412495681
67.39779320099593,0.3640957466825511,3.6546783021387332,6.344118335137001
68.01974164160454,0.36188250115005893,3.6323765633575498,6.366434554002216
68.64167216365979,0.3596960655218653,3.6103460428373113,6.38847941232858
69.26358530479544,0.357535953717288,3.5885818035547206,6.410258018300127
69.88548158337981,0.3554016914034717,3.567079028260503,6.431774636047529
70.5073612785088,0.35329281638384874,3.5458330233407964,6.453034093501187
71.12922510545332,0.351208875963923,3.524839192227855,6.474041259452549
71.75107352884027,0.3491494289745479,3.504093055735524,6.494800783516675
72.3729069970492,0.34711404464668366,3.4835902406748636,6.515316485088818
72.99472574676744,0.345102302935203,3.4633264830692503,6.535592761768285
73.61653040257245,0.34311379228223166,3.4432976055801894,6.555634062437046
74.23832136742982,0.34114811132369527,3.4234995346545056,6.575444630443665
74.86009903055255,0.33920486793135046,3.4039282908329547,6.595027890869382
75.48186359328308,0.33728367948353716,3.3845799914364676,6.614387859413967
76.10361560285322,0.33538417095846185,3.3654508313246447,6.6335286121704895
76.72535540993958,0.33350597637920076,3.346537097411611,6.6524540314698895
77.34708335353189,0.33164873799479305,3.3278351603825387,6.671167191741495
77.96879960539965,0.32981210650731463,3.3093414769452205,6.689671768774141
78.59050464654095,0.3279957394402866,3.291052573367461,6.707971506737841
79.21219878312215,0.32619930236670025,3.272965057810831,6.726069966236432
79.83388231133249,0.324422468206353,3.2550756132241414,6.743969908993377
80.45555537811296,0.32266491741680536,3.2373809992359694,6.761674707419006
81.07721840753345,0.32092633659222514,3.2198780380193353,6.779187809328001
81.69887166772205,0.31920641951068934,3.202563624808501,6.796512487832132
82.3205154182615,0.3175048665290606,3.1854347217799717,6.813651225040606
82.94214978516852,0.3158213847440429,3.1684883596479843,6.830607121877098
83.56377514341466,0.31415568678475597,3.151721625485507,6.847383360861624
84.18539172850956,0.31250749170895586,3.135131671722437,6.86398295754253
84.80699976861165,0.31087652448012415,3.118715710858864,6.880408143366529
85.42859937205584,0.30926251610362515,3.1024710168133303,6.896661775700654
86.05019087131384,0.30766520258287766,3.086394914395607,6.912746798980959
86.6717744738194,0.3060843256887382,3.0704847870302414,6.928665997437685
87.29335038067278,0.3045196325061122,3.054738072173507,6.944421377263376
87.9149186852191,0.30297087554939034,3.039152262455998,6.96001557680256
88.53647968303136,0.30143781185722585,3.023724896554641,6.9754513263179705
89.15803355730729,0.29992020365507327,3.008453565842702,6.9907312018058505
89.77958048576454,0.29841781796086025,2.9933359104044137,7.005857006568089
90.40112054899316,0.2969304266830799,2.9783696200055094,7.020831181539789
91.02265401043377,0.29545780583338566,2.9635524261543926,7.035656263881466
91.64418103229517,0.2939997360988553,2.948882107845272,7.050334641716177
92.26570177203334,0.29255600249797903,2.9343564880818716,7.064867935194112
92.88721629936599,0.29112639446420624,2.9199734347037176,7.079258406933624
93.50872484965949,0.2897107051590869,2.9057308534619977,7.093508419612435
94.1302275668929,0.288308731967931,2.891626692993233,7.107620191487671
94.75172459090692,0.2869202761988506,2.8776589417785625,7.121595177026348
95.37321598212344,0.2855451431540538,2.8638256288485224,7.1354354774400885
95.994701951318,0.284183141529049,2.8501248177272998,7.149143297420296
96.6161826265919,0.28283408384313097,2.8365546107518984,7.162720701324916
97.23765813243294,0.28149778617536275,2.823113146405025,7.17616899343664
97.85912852129434,0.2801740682255381,2.8097985999174764,7.18949012857482
98.48059398235208,0.27886275278727063,2.7966091779578015,7.202686168096485
99.10205462983524,0.27756366612286903,2.783543122393046,7.215759036652565
99.72351057481445,0.2762766377310902,2.770598707942927,7.228709902126025
100.34496186289594,0.27500150039938004,2.757774242695832,7.241540586307351
100.96640866423226,0.27373808974058766,2.745068063440263,7.254253020263981
101.58785108090997,0.2724862445202202,2.7324785389474644,7.2668490015846645
102.20928921224105,0.27124580645165164,2.720004067903228,7.279329574041124
102.83072309793562,0.2700166202409543,2.7076430793504698,7.291696438316188
103.45215289135075,0.26879853317856367,2.695394028574923,7.303951406828281
104.07357868391017,0.26759139542565685,2.6832553999774045,7.316096161395259
104.69500056459597,0.2663950598331234,2.671225705245856,7.328131632656894
105.31641856802997,0.2652093819801042,2.659303483735594,7.340059410846434
105.93783283271264,0.2640342198132307,2.647487298834785,7.3518812001437865
106.55924344067662,0.2628694338978589,2.6357757404839353,7.363598576700434
107.18065047181194,0.2617148872576199,2.6241674235559604,7.375212367854882
107.80205395633905,0.2605704454076308,2.6126609881837095,7.3867240629397095
108.42345401957553,0.25943597603504154,2.601255096541936,7.398135267225971
109.04485073527731,0.25831134921990523,2.5899484350620634,7.409447460260459
109.66624417530684,0.25719643729268626,2.5787397129937424,7.420661374900548
110.28763436607173,0.2560911148628995,2.567627662687126,7.431778408150746
110.90902142116995,0.25499525853562216,2.556611036737454,7.442800074751585
111.53040540704026,0.25390874710609174,2.545688609936158,7.453727765787451
112.15178638844024,0.25283146143289326,2.534859177990865,7.464562127563855
112.77316438847218,0.2517632844626653,2.524121557768768,7.475304472468458
113.39453951029222,0.25070410097802476,2.5134745847578603,7.485956232249805
114.0159118138543,0.24965379776936564,2.5029171147892897,7.496518716860262
114.63728135762447,0.24861226352174876,2.4924480228958004,7.506992493195613
115.25864816182363,0.2475793888362772,2.482066203522169,7.517378795975833
115.88001232028827,0.246555066005456,2.471770568262986,7.527678980753219
116.50137388721603,0.2455391891651892,2.461560047386333,7.537894282959841
117.12273291548013,0.24453165419369258,2.451433588813682,7.548025196526388
117.74408942279655,0.24353235872998563,2.441390158301841,7.558072884779335
118.36544349466597,0.24254120197332876,2.4314287374233836,7.568038633211864
118.98679518016252,0.24155808481796123,2.4215483249171967,7.57792360870981
119.60814452718347,0.24058290976256988,2.4117479357750087,7.587728238064566
120.22949155125585,0.23961558092631902,2.4020266013989993,7.5974536188834305
120.8508363304098,0.23865600386942717,2.3923833677952713,7.607100972152507
121.47217890915523,0.23770408571283594,2.3828172967732417,7.616671401618758
122.09351933094892,0.23675973505699002,2.3733274651262097,7.626165272209476
122.71485760941182,0.2358228619957229,2.363912964767785,7.635583620953562
123.33619381586047,0.23489337795548315,2.354572901113285,7.644927609361138
123.95752799072983,0.23397119580178397,2.345306394146529,7.654198282942723
124.57886017351164,0.23305622976621365,2.3361125776835245,7.663395949546189
125.20019037615309,0.23214839545848476,2.3269905994907685,7.672521590286686
125.8215186639384,0.23124760972208505,2.317939619832128,7.681576311765073
126.44284507365305,0.230353790729169,2.3089588124197133,7.690561105707181
127.0641696412409,0.22946685791482543,2.3000473637508567,7.6994762272280255
127.68549237718614,0.2285867319875449,2.2912044732107923,7.708322605768644
128.30681334133473,0.22771333479940517,2.2824293517659657,7.71710129717201
128.92813256720189,0.22684658943079128,2.2737212228129158,7.725813243428185
129.54945008754987,0.22598642013110393,2.265079321580272,7.734458650874004
130.17076591157632,0.2251327523278597,2.2565028952179578,7.7430384011353315
130.7920800942199,0.22428551250974305,2.2479912016201036,7.751553503077024
131.41339266606474,0.22344462830237194,2.239543510184141,7.760004852641438
132.03470365700957,0.22261002841474667,2.231159101270759,7.768392610990632
132.65601307512932,0.2217816426471326,2.2228372662810902,7.776717615453186
133.27732097092303,0.22095940178556453,2.2145773065949763,7.784980831362167
133.89862737233258,0.22014323766970334,2.2063785342507747,7.793183111976268
134.51993230669,0.21933308314436772,2.1982402714566143,7.801324576571133
135.14123578107723,0.2185288720664017,2.1901618506575824,7.809406021389278
135.76253784197473,0.2177305392093316,2.182142613576241,7.8174283713789094
136.38383851494922,0.21693802032423964,2.1741819118224317,7.825392440188158
137.0051378250147,0.21615125209584385,2.166279106450429,7.833298308210915
137.62643577837812,0.21537017214846538,2.1584335680172666,7.841146733539192
138.24773241787923,0.21459471895972915,2.1506446757143265,7.848938603613798
138.86902776693938,0.2138248319152693,2.142911817915309,7.856674695283222
139.49032184848306,0.21306045126885606,2.1352343917742327,7.86435505280904
140.11161466794823,0.2123015181475879,2.127611803276131,7.871980398819932
140.73290626486357,0.21154797447366894,2.1200434664499674,7.879551585883737
141.35419666071533,0.21079976301362663,2.1125288038616055,7.887069356623993
141.975485876538,0.21005682734207487,2.105067246248497,7.894533721688995
142.5967739170909,0.2093191118462244,2.097658232563666,7.9019453707070175
143.2180608188933,0.20858656165487682,2.090301209261299,7.909305123788172
143.83934660167878,0.2078591226827766,2.0829956307409363,7.916613691692232
144.4606312847708,0.2071367415976246,2.0757409590149654,7.923871053765185
145.081914872332,0.20641936582399395,2.068536663746754,7.931077868895179
145.70319739814056,0.20570694347879032,2.0613822216013404,7.938234926951608
146.32447888034105,0.20499942341127272,2.0542771166462255,7.945342908998615
146.94575933670546,0.20429675517298407,2.0472208400482876,7.9524017652025725
147.56703877087017,0.20359888902114628,2.0402128901068015,7.959412125788321
148.18831721411297,0.20290577585992228,2.033252771662539,7.966374752422022
148.8095946831375,0.20221736727657394,2.0263399964598388,7.9732902984655425
149.4308711943098,0.20153361551401455,2.0194740828699893,7.980158686857735
150.0521467507981,0.20085447347375748,2.0126545559198488,7.98698052107063
150.67342138159748,0.20017989466237748,2.0058809467532885,7.993756536441957
151.29469510210188,0.1995098332242269,1.9991527929587867,8.000487360466002
151.91596792739986,0.19884424391634692,1.992469638316585,8.0071728906514
152.53723986024698,0.1981830821110256,1.9858310328234903,8.013813705476968
153.15851092755105,0.19752630374693786,1.9792365322014063,8.020410515679036
153.77978114351458,0.19687386535878454,1.9726856981940961,8.026963924574993
154.40105052206192,0.19622572405433159,1.9661780983358061,8.033473805899865
155.02231906558353,0.195581837516624,1.9597133059726868,8.039940714761672
155.64358679907636,0.19494216395934047,1.9532908998137495,8.046365338888043
156.26485373565836,0.1943066621536782,1.9469104642000317,8.052748258979143
156.88611988819423,0.19367529140731415,1.9405715888926076,8.059089326525106
157.50738525875164,0.1930480115663183,1.9342738690910577,8.065389074760676
158.12864987057324,0.1924247829743129,1.928016905022724,8.071648169875193
158.74991373579033,0.19180556649687985,1.921800302187049,8.07786717139199
159.371176866299,0.19119032350226925,1.9156236711612074,8.084045909968413
159.99243926388178,0.1905790158630428,1.9094866276159381,8.090184898349696
160.61370095017435,0.18997160591866985,1.903388791939376,8.096284782545922
161.234961936401,0.18936805649772212,1.8973297894592316,8.102346102235106
161.85622223357805,0.1887683309001445,1.891309250264178,8.108368668547671
162.47748184323297,0.18817239289868098,1.8853268092175508,8.114352975019262
163.0987407855248,0.18758020670456788,1.879382105612355,8.120299648737985
163.71999907085277,0.18699173698773894,1.8734747833735121,8.126209210768849
164.34125670942507,0.1864069488605245,1.8676044908936449,8.132081453924066
164.9625137025457,0.1858258078788728,1.8617708810447844,8.137916853714835
165.5837700690135,0.1852482800108597,1.8559736108617095,8.143716019471638
166.2050258184727,0.18467433165509622,1.850212341726191,8.149479454787988
166.8262809603903,0.18410392962572725,1.844486739215885,8.155206935277846
167.44753549587378,0.18353704115347094,1.8387964731142523,8.160898919526382
168.06878944247057,0.18297363385668397,1.833141217119612,8.166556000185803
168.69004280913194,0.18241367575815134,1.8275206490131914,8.172178664436606
169.311295604648,0.18185713527126157,1.821934450519871,8.17776667173326
169.93254782995007,0.18130398120089325,1.8163823073166172,8.183320464753876
170.5537995014315,0.18075418271679503,1.810863908764823,8.188840620473904
171.17505062740838,0.18020770936891684,1.8053789480637523,8.194327610643196
171.79630121604993,0.17966453107465646,1.7999271221220818,8.199781179521064
172.4175512681319,0.17912461811961214,1.7945081315650309,8.205201754824754
173.03880079898244,0.178587941133067,1.7891216804878751,8.210589898783118
173.6600498163356,0.17805447110200134,1.7837674765961764,8.21594606862799
174.28129832778893,0.17752417935931858,1.7784452310872063,8.221269994319522
174.9025463339797,0.17699703758447827,1.773154658655899,8.226562089493543
175.52379384925447,0.17647301778089305,1.7678954772676165,8.231822902496967
176.1450408808103,0.17595209228875464,1.7626674082864928,8.237052876892152
176.76628743571962,0.1754342337741477,1.7574701763658096,8.242251729173436
177.38753351449833,0.17491941522957896,1.7523035094529353,8.247419859713288
178.008779130584,0.17440760995312027,1.7471671385796579,8.252557803781162
178.63002429068072,0.17389879156015556,1.7420607979797247,8.257665992059664
179.25126900137735,0.17339293397330957,1.7369842249874288,8.262744128352997
179.87251326308342,0.17289001142288365,1.7319371600416413,8.267792600531946
180.49375708839324,0.17238999842759403,1.7269193464921946,8.272811931537644
181.1150004835574,0.17189286980533777,1.7219305307075903,8.27780253990849
181.73624345472004,0.17139860066386722,1.7169704619811068,8.282764117481191
182.3574860021947,0.17090716640114664,1.7120388925340666,8.2876970403346
182.9787281377969,0.17041854268754253,1.707135577336815,8.292601819779742
183.5999698673585,0.16993270547570355,1.7022602742075708,8.297478862896476
184.22121119661273,0.1694496309919166,1.6974127437253872,8.302327850227819
184.84245212579066,0.16896929573639125,1.692592749232732,8.30714914672262
185.46369266598504,0.16849167646678168,1.6878000566698526,8.311943252713048
186.0849328226405,0.16801675020726065,1.6830344346655548,8.31671056446014
186.70617260111206,0.16754449424049742,1.678295654456442,8.32145075184198
187.32741200155525,0.16707488610788404,1.673583489888921,8.326164169295208
187.9486510343926,0.1666079035942704,1.668897717265773,8.330851306781085
188.5698897047124,0.16614352473630656,1.6642381154296106,8.335512550339143
189.1911280175208,0.1656817278149931,1.659604465687879,8.340147559769743
189.81236597290865,0.16522249135585496,1.6549965518143612,8.344756679574408
190.4336035806734,0.16476579411479156,1.6504141599069568,8.349340389911454
191.05484084557486,0.16431161508574788,1.6458570784644262,8.353899067157082
191.67607777229395,0.16385993349379507,1.6413250983167318,8.358432361582693
192.29731436086487,0.16341072879525442,1.6368180126260559,8.362940608294176
192.91855062050706,0.16296398066456919,1.6323356167548624,8.367424278177953
193.5397865556747,0.16251966900137058,1.6278777083365772,8.371883738468835
194.16102217074985,0.16207777392403896,1.6234440872107747,8.376318630422594
194.7822574657153,0.16163827576978923,1.619034555423826,8.380729280254158
195.40349244925162,0.16120115508247804,1.6146489171063676,8.385116150074914
196.02472712553134,0.16076639261911624,1.6102869785384337,8.389479598466767
196.64596149865835,0.16033396934387567,1.6059485480891438,8.393819258150309
197.26719556857174,0.15990386642813811,1.6016334362169868,8.398135446922014
197.88842934345138,0.15947606523916322,1.5973414553559544,8.402428618583468
198.50966282720648,0.1590505473460975,1.5930724199756356,8.406699123521134
199.13089602368498,0.1586272945143873,1.5888261465249855,8.410946586370496
199.75212893278643,0.15820628870579972,1.5846024534323573,8.415171316952216
200.37336156222287,0.15778751206788133,1.58040116099957,8.41937376119402
200.99459391566148,0.15737094693950368,1.5762220914573775,8.423554261715667
201.61582599671183,0.15695657584565567,1.5720650689130526,8.427712435489392
202.2370578052398,0.1565443814974373,1.5679299193501595,8.431848584775063
202.85828934852134,0.15613434678224633,1.5638164705299464,8.435963148035311
203.47952062999735,0.155726454768903,1.559724552042594,8.44005646052528
204.10075165305696,0.15532068870278756,1.5556539952582848,8.444128131949672
204.72198241753676,0.15491703200581358,1.5516046333267792,8.44817845739692
205.3432129303054,0.15451546826728552,1.5475763010855486,8.4522078682481
205.9644431945951,0.15411598124863526,1.5435688351071488,8.456216692771125
206.58567321358817,0.15371855487888322,1.5395820736535397,8.460204533774572
207.206902987096,0.1533231732545902,1.535615856675459,8.464171679540973
207.82813252160747,0.15292982063133387,1.5316700257267823,8.468118554730003
208.44936182016005,0.15253848142809168,1.5277444240083553,8.4720454809767
209.0705908857451,0.152149140222999,1.5238388963252987,8.475952054542416
209.69181971815266,0.15176178175328353,1.5199532890862257,8.479838557247177
210.3130483235148,0.1513763909073143,1.5160874502233552,8.48370540736761
210.93427670468867,0.15099295272865768,1.5122412292330667,8.487552920238917
211.55550486448746,0.1506114524121109,1.5084144771359902,8.491380685903119
212.17673280268244,0.15023187530362306,1.5046070464760897,8.495188980040536
212.7979605250746,0.14985420689286977,1.5008187912460604,8.498978214862891
213.41918803435064,0.14947843281701384,1.497049566924934,8.502748699718692
214.04041533315882,0.14910453885699013,1.4932992304406942,8.506500018739006
214.66164242125421,0.14873251093741585,1.489567640169266,8.510232441768098
215.28286930412656,0.14836233511965258,1.485854655864809,8.513946375252054
215.90409598430634,0.14799399760529267,1.4821601386945769,8.51764212284735
216.52532246428612,0.14762748473268084,1.4784839512039243,8.521319263064303
217.1465487438089,0.14726278297681236,1.4748259573151727,8.524978060196927
217.767774828072,0.14689987894284856,1.4711860222624678,8.528618915207382
218.3890007194594,0.14653875936934926,1.467564012624098,8.532242126337538
219.01022642031953,0.14617941112501384,1.4639597962897106,8.535847266750231
219.63145193038494,0.1458218212085706,1.4603732424590912,8.539434595458374
220.25267725457934,0.14546597674271014,1.4568042215812311,8.543004508205586
220.87390239514963,0.14511186497708628,1.4532526053843224,8.546557298080439
221.49512735431065,0.14475947328525898,1.4497182668450057,8.55009253315579
222.1163521317851,0.1444087891645781,1.4462010801871092,8.553610467417084
222.73757673224065,0.14405980023050238,1.442700920824579,8.557111491639473
223.35880115779628,0.14371249421938787,1.4392176653893582,8.560595894004603
223.9800254105415,0.14336685898561854,1.4357511917025212,8.56406323773808
224.60124949019152,0.14302288250148504,1.432301378772966,8.567513772037039
225.22247340117346,0.14268055285186176,1.4288681067439482,8.570947882944031
225.84369714548706,0.14233985823679926,1.4254512569189999,8.5743658539661
226.4649207251045,0.1420007869688298,1.4220507117348151,8.577767243710575
227.0861441397351,0.14166332747284108,1.4186663547599112,8.581152296811906
227.70736739358023,0.14132746828108658,1.4152980706445055,8.584521394802584
228.32859048852825,0.14099319803559704,1.4119457451446182,8.587874816734312
228.9498134264416,0.14066050548564826,1.4086092650966067,8.591212116812263
229.57103620702512,0.14032937948763177,1.4052885184157868,8.594533535321201
230.1922588342665,0.1399998090003747,1.4019833940494253,8.597839449493614
230.8134813099517,0.13967178308738162,1.3986937819991503,8.60113013413293
231.43470363583933,0.1393452909144574,1.3954195732970371,8.604405139246225
232.05592581163134,0.13902032174957246,1.3921606600041927,8.60766470096975
232.67714784111678,0.13869686495847058,1.3889169351666288,8.610909192434455
233.29836972598238,0.1383749100067584,1.3856882928361578,8.61413888439107
233.91959146789114,0.13805444645766624,1.382474628047863,8.61735332284141
234.540813066543,0.13773546397191347,1.3792758368186866,8.62055273996333
235.16203452553953,0.1374179523035823,1.3760918161059847,8.623737504973802
235.78325584647507,0.1371019013020662,1.3729224638270021,8.626907884755711
236.4044770309236,0.1367873009099604,1.369767678837652,8.63006342148795
237.02569807858316,0.13647414116292764,1.3666273609311161,8.633204343569693
237.64691899287834,0.13616241218581962,1.3635014107988799,8.636331016481273
238.26813977531884,0.13585210419449303,1.3603897300488912,8.639443703412628
238.88936042739348,0.13554320749382445,1.3572922211855893,8.642541942892125
239.5105809488,0.13523571247757402,1.3542087876084845,8.645625959710289
240.13180134279622,0.1349296096247388,1.351139333575529,8.648696115778643
240.75302161081098,0.13462488950124737,1.3480837642200552,8.651752670759581
241.37424175425457,0.1343215427580875,1.345041985531949,8.654795159694146
241.99546177282556,0.13401956013117153,1.342013904356238,8.657823803925158
242.61668166962386,0.133718932437905,1.3389994283586362,8.66083896195414
243.23790144600378,0.13341965057876698,1.3359984660413378,8.663840890072601
243.8591211033009,0.13312170553554695,1.3330109267252783,8.66682911998874
244.48034064121393,0.13282508837120896,1.3300367205487313,8.669803869750066
245.10156006269597,0.1325297902266606,1.3270757584348545,8.672765494598536
245.72277936902995,0.13223580232223106,1.3241279521064604,8.675714247603114
246.34399856148147,0.13194311595600602,1.321193214069273,8.678649657285536
246.96521763975153,0.1316517225036928,1.318271457610529,8.68157193854237
247.5864366066532,0.13136161341557784,1.3153625967684188,8.684481443498541
248.20765546340252,0.13107278021790722,1.3124665463458853,8.687378422141052
248.8288742111996,0.13078521451131447,1.3095832218948178,8.690262399943881
249.45009284974824,0.13049890797068733,1.30671253971466,8.69313358878952
250.0713113817289,0.13021385234230065,1.30385441682363,8.695992337820943
250.69252980829506,0.12993003944510606,1.3010087709716025,8.698838894076522
251.31374813058574,0.1296474611692482,1.2981755206251853,8.701672780113983
251.93496634830677,0.12936610947593205,1.2953545849663521,8.704494204931533
252.55618446401434,0.1290859763947197,1.2925458838652941,8.707303514818365
253.17740247880312,0.12880705402473683,1.2897493378924765,8.710100953990608
253.7986203937537,0.12852933453327045,1.286964868304536,8.712886042214521
254.41983820857553,0.12825281015563744,1.2841923970429283,8.715658985727162
255.04105592570681,0.12797747319263503,1.28143184670832,8.718420128085521
255.66227354618667,0.12770331601166948,1.2786831405718724,8.721169710803467
256.2834910710412,0.12743033104543022,1.2759462025619033,8.723907250974246
256.90470849998326,0.12715851079176027,1.2732209572625595,8.7266329521906
257.5259258353393,0.12688784781125004,1.2705073298896454,8.729347155392775
258.14714307809675,0.12661833472829354,1.2678052463011835,8.732050099506278
258.7683602292303,0.12634996422983447,1.2651146329848042,8.734741299063753
259.38957728845594,0.12608272906523937,1.262435417056436,8.737420955124659
260.01079425799537,0.1258166220440237,1.259767526237477,8.740089406122072
260.63201113878665,0.1255516360368426,1.2571108888646922,8.74274688850138
261.2532279317561,0.12528776397430375,1.2544654338782777,8.745392914341425
261.87444463662365,0.12502499884684215,1.2518310908205736,8.748027682273815
262.49566125551104,0.12476333370257223,1.249207789814493,8.75065152832863
263.11687778931037,0.12450276164821629,1.2465954615728034,8.753264686573928
263.7380942389023,0.12424327584798008,1.2439940373868161,8.755866666736255
264.3593106040105,0.12398486952343042,1.241403449125134,8.758457665119609
264.9805268866621,0.12372753595146434,1.2388236292132566,8.761038015450069
265.60174308770604,0.12347126846517927,1.2362545106422738,8.763607949516096
266.2229592079796,0.12321606045280861,1.233696026958167,8.766166974788483
266.84417524721096,0.12296190535760121,1.2311481122605679,8.768715285338867
267.4653912073386,0.12270879667590039,1.228610701183475,8.771253212683506
268.0866070891686,0.12245672795796174,1.2260837289034194,8.773780986424214
268.70782289349853,0.12220569280694188,1.2235671311293028,8.776298111867806
269.32903862006117,0.12195568487878193,1.221060844101199,8.778804780944242
269.95025427070925,0.12170669788039028,1.2185648045721071,8.781301323049501
270.57146984621096,0.1214587255704081,1.2160789498156037,8.78378796568721
271.1926853473248,0.12121176175825277,1.2136032176162213,8.786264212087554
271.8139007737885,0.12096580030400203,1.2111375462682634,8.788730252125081
272.4351161273744,0.12072083511667428,1.208681874558539,8.791186413160746
273.0563314088139,0.1204768601549476,1.2062361417735452,8.79363292068416
273.6775466188302,0.1202338694262517,1.203800287690337,8.796069275932027
274.2987617571639,0.11999185698665568,1.20137425257538,8.798495666805627
274.919976825512,0.11975081693923777,1.1989579771681806,8.800912418712054
275.5411918245711,0.1195107434347618,1.1965514026880462,8.803319755207067
276.1624067550297,0.11927163067081531,1.194154470825418,8.805717175613088
276.78362161663375,0.11903347289169898,1.1917671237407417,8.808104865936334
277.40483641100775,0.11879626438688298,1.1893893040489694,8.810483149707359
278.0260511388151,0.11855999949164228,1.1870209548259043,8.812852248624433
278.64726580071243,0.11832467258623769,1.1846620195999704,8.815211660171128
279.2684803964505,0.11809027809580883,1.1823124423511169,8.81756156853314
279.8896949275843,0.11785681048891024,1.1799721674961217,8.819902295438148
280.5109093947473,0.11762426427810847,1.1776411398945557,8.822234060799703
281.13212379856463,0.11739263401920498,1.1753193048409698,8.82455636033444
281.75333813879195,0.11716191431113074,1.1730066080638206,8.826869376478568
282.37455241691896,0.11693209979455832,1.1707029957115342,8.829173429227115
282.9957666335498,0.1167031851524634,1.1684084143581175,8.831468736778298
283.6169807892811,0.11647516510938602,1.1661228109957311,8.833754793150357
284.23819488387267,0.11624803443132835,1.1638461330336436,8.83603177909777
284.8594089187532,0.11602178792443701,1.161578328285006,8.838300012949865
285.48062289449786,0.11579642043553255,1.1593193449721384,8.840559711255697
286.1018368116764,0.11557192685140612,1.1570691317194612,8.8428103664005
286.72305067005357,0.11534830209871977,1.15482763755248,8.845052157521627
287.34426447099816,0.11512554114275683,1.152594811885234,8.84728540134661
287.96547821506016,0.1149036389879185,1.1503706045252642,8.84951031283846
288.5866919027828,0.11468259067705663,1.1481549656669006,8.851726382811798
289.2079055339356,0.11446239129137561,1.145947845890265,8.853933788848508
289.8291191098316,0.11424303594924567,1.1437491961493582,8.856132846135287
290.45033263099526,0.11402451980667125,1.1415589677767324,8.85832376810935
291.0715460979459,0.11380683805665509,1.139377112477109,8.860506044074247
291.69275951045717,0.11358998592910374,1.137203582326408,8.862679850115263
292.313972869789,0.1133739586896992,1.1350383297604212,8.86484549993647
292.9351861764426,0.11315875164034071,1.1328813075792303,8.867003205506805
293.55639943091353,0.1129443601185396,1.1307324689411187,8.869152454675618
294.17761263298024,0.11273077949732654,1.1285917673616281,8.871293422087783
294.79882578385184,0.11251800518418005,1.126459156702805,8.873426420020332
295.42003888400717,0.11230603262144205,1.1243345911773475,8.875551659028867
296.04125193391985,0.11209485728574203,1.122218025342819,8.877668625562844
296.6624649333728,0.11188447468790684,1.1201094141007295,8.879777492880436
297.2836778835266,0.11167488037194157,1.1180087126863063,8.881878571884716
297.90489078483915,0.11146606991542146,1.1159158766724093,8.883972071770453
298.526103637763,0.1112580389289436,1.1138308619640154,8.886057477639097
299.1473164420859,0.11105078305603874,1.111753624797325,8.88813496141343
299.768529198922,0.11084429797220231,1.1096841217300342,8.890204832673332
300.3897419087093,0.11063857938526386,1.1076223096450242,8.892267299302889
301.0109545718802,0.11043362303486447,1.1055681457451099,8.894321845105159
301.63216718822724,0.11022942469237089,1.1035215875521647,8.896368640716563
302.25337975882064,0.1100259801599539,1.1014825928978715,8.89840799444231
302.874592284079,0.10982328527093661,1.0994511199271972,8.900440112903775
303.49580476441633,0.10962133588929603,1.097427127093389,8.902464478653036
304.1170171996294,0.10942012790957995,1.095410573157125,8.90448126108708
304.7382295907467,0.10921965725602938,1.0934014171777056,8.906490767282818
305.3594419381686,0.10901991988290738,1.0913996185163395,8.908493202644795
305.98065424229105,0.1088209117740239,1.0894051368313662,8.91048804851949
306.60186650291524,0.10862262894265454,1.0874179320774302,8.912475473109293
307.22307872103,0.10842506743070499,1.0854379644970964,8.914455782307217
307.84429089701825,0.10822822330902179,1.0834651946239526,8.916429180344855
308.4655030312593,0.10803209267693863,1.0814995832780467,8.918395147406477
309.0867151235582,0.10783667166219756,1.0795410915650907,8.920353850542833
309.7079271748655,0.10764195642015317,1.0775896808684697,8.922305594505497
310.3291391855482,0.10744794313406571,1.0756453128521692,8.924250582395107
310.9503511559695,0.10725462801466812,1.0737079494564261,8.926188293275297
311.5715630859389,0.10706200730008987,1.0717775528969535,8.928118893086232
312.1927749763705,0.10687007725509826,1.0698540856573233,8.930042685478723
312.8139868276153,0.10667883417137544,1.0679375104917377,8.93195987246266
313.4351986400211,0.106488274367105,1.0660277904208688,8.933869932020801
314.0564104134022,0.1062983941868977,1.0641248887311094,8.935773029022085
314.67762214863734,0.10610919000106865,1.0622287689673147,8.937669466055468
315.29883384606325,0.10592065820589872,1.0603393949354125,8.939559444078627
315.920045506013,0.10573279522324006,1.0584567306984436,8.941442440031524
316.54125712830466,0.10554559750044372,1.0565807405758207,8.943318617749554
317.1624687137844,0.1053590615096702,1.0547113891364124,8.945188278797124
317.78368026277457,0.10517318374813688,1.0528486412010118,8.947051623116558
318.40489177559436,0.10498796073774105,1.0509924618385513,8.948908126641511
319.0261032520659,0.10480338902498927,1.0491428163653829,8.95075795220996
319.6473146930038,0.10461946518034007,1.047299670338682,8.952601400397473
320.2685260987167,0.10443618579843782,1.0454629895587821,8.954438670166379
320.8897374695107,0.10425354749775237,1.0436327400655543,8.956269236479011
321.51094880521214,0.10407154692051027,1.0418088881377106,8.958093261210486
322.13216010660517,0.10389018073206795,1.0399914002865094,8.959911043981807
322.75337137398606,0.10370944562113249,1.0381802432579643,8.961722782809186
323.37458260764816,0.1035293382994174,1.0363753840293806,8.963527951717131
323.9957938074213,0.10334985550157591,1.0345767898086822,8.965326711651098
324.61700497406093,0.1031709939846021,1.0327844280283998,8.967119361310356
325.2382161078514,0.1029927505280401,1.0309982663477595,8.968906097797465
325.85942720907383,0.1028151219336551,1.0292182726493775,8.970686394231263
326.48063827756164,0.10263810502536826,1.0274444150385988,8.972460410659355
327.10184931404297,0.10246169664868476,1.0256766618377595,8.974228444890722
327.72306031879043,0.1022858936708922,1.0239149815881654,8.975990693145462
328.344271292074,0.10211069298074535,1.0221593430469242,8.977746627667578
328.9654822337312,0.10193609148840323,1.0204097151863103,8.979496407637312
329.58669314446297,0.10176208612488304,1.018666067188282,8.981240330003592
330.20790402453093,0.10158867384224746,1.0169283684463521,8.982978590133916
330.82911487419426,0.10141585161330323,1.015196588562559,8.98471065942703
331.4503256932944,0.10124361643153994,1.0134706973468466,8.986436696225095
332.07153648250704,0.10107196531060836,1.0117506648118306,8.988156996645962
332.6927472420831,0.10090089528449768,1.0100364611745651,8.989871755233224
333.31395797227145,0.10073040340724725,1.008328056853647,8.991580442568743
333.9351686729169,0.10056048675288683,1.0066254224686122,8.993283216184706
334.5563793446708,0.10039114241493792,1.0049285288349294,8.994980371395704
335.1775899877747,0.10022236750658182,1.0032373469656795,8.996672101948931
335.7988006024673,0.10005415916038357,1.0015518480687797,8.998357877636638
336.4200111885967,0.09988651452823395,0.9998720035463976,9.000037855207996
337.04122174679145,0.09971943078087268,0.9981977849901656,9.001712329201055
337.6624322772832,0.09955290510804757,0.9965291641827712,9.003381492593055
338.2836427803013,0.09938693471825022,0.9948661130952977,9.005044814412788
338.9048532556972,0.09922151683865957,0.9932086038866575,9.006702450652325
339.5260637040774,0.09905664871468578,0.9915566088990119,9.008354695098811
340.14727412566435,0.09889232761012134,0.9899101006592796,9.010001739984926
340.7684845206785,0.09872855080688772,0.9882690518765908,9.011643053601135
341.38969488897465,0.09856531560498044,0.9866334354417341,9.01327879120729
342.0109052311378,0.09840261932203295,0.9850032244227751,9.014909245864269
342.63211554738206,0.09824045929345955,0.9833783920664875,9.016534609084578
343.253325837919,0.09807883287221274,0.9817589117959126,9.018154348444506
343.8745361026068,0.09791773742872986,0.9801447572098215,9.019768618495585
344.49574634201,0.09775717035051575,0.9785359020785241,9.021377711596102
345.11695655633423,0.09759712904227834,0.9769323203452241,9.022981818561838
345.7381667457831,0.09743761092569574,0.9753339861236795,9.0245804062781
346.35937691021826,0.09727861343936471,0.9737408736976805,9.026173628611087
346.9805870501845,0.09712013403840107,0.9721529575170393,9.027761777239252
347.60179716587936,0.09696217019456817,0.9705702121988737,9.02934504230417
348.22300725749886,0.09680471939605372,0.9689926125253632,9.03092289002247
348.8442173249075,0.09664777914741972,0.967420133443243,9.032495473597105
349.46542736863137,0.09649134696921954,0.965852750059963,9.034063084048578
350.08663738886065,0.09633542039812026,0.9642904376449066,9.035625910865896
350.7078473857836,0.09617999698668821,0.9627331716272371,9.037183419618483
351.32905735926806,0.09602507430334042,0.9611809275954085,9.038735762867276
351.95026730982215,0.09587064993197807,0.9596336812934836,9.040283230995849
352.5714772376287,0.09571672147210221,0.9580914086222919,9.0418260128615
353.19268714286886,0.09556328653860839,0.9565540856373645,9.04336357340706
353.8138970254131,0.09541034276173921,0.9550216885484566,9.044896064571876
354.4351068857526,0.09525788778673318,0.9534941937160208,9.046423776122834
355.0563167240633,0.09510591927393455,0.9519715776523063,9.04794689630556
355.6775265405194,0.09495443489859638,0.950453817019378,9.049464889456114
356.2987363349947,0.0948034323508342,0.9489408886286493,9.050977906911926
356.91994610796337,0.09465290933528947,0.9474327694375066,9.052486237842663
357.54115585959494,0.09450286357123422,0.94592943655035,9.05399006990154
358.162365590057,0.0943532927923815,0.9444308672166918,9.055488866836969
358.78357529922596,0.09420419474684066,0.9429370388307041,9.056982779403345
359.40478498756056,0.09405556719679481,0.9414479289279809,9.058472096191867
360.02599465522366,0.09390740791859982,0.9399635151865291,9.059957004281904
360.6472043023766,0.09375971470260261,0.9384837754249392,9.061436966852579
361.268413928899,0.0936124853530977,0.9370086876019487,9.06291213409347
361.889623535234,0.09346571768801774,0.9355382298133357,9.064382794035314
362.51083312153867,0.09331940953902762,0.9340723802928595,9.06584913320151
363.1320426879683,0.09317355875135004,0.9326111174105068,9.067310614219588
363.753252234405,0.09302816318372299,0.9311544196720635,9.068767386731828
364.37446176127713,0.09288322070810336,0.9297022657161389,9.070219738225894
364.995671268736,0.09273872920975597,0.9282546343150557,9.071667854686382
365.6168807569313,0.09259468658708621,0.9268115043731673,9.073111198206282
366.238090225748,0.09245109075159863,0.9253728549264408,9.074549917897452
366.8592996756005,0.09230793962761244,0.9239386651396017,9.07598430072119
367.48050910663443,0.09216523115234639,0.9225089143069818,9.077414532139867
368.10171851899383,0.09202296327575771,0.9210835818509,9.078840073728323
368.72292791256626,0.09188113396050199,0.919662647321257,9.080261074084266
369.34413728775235,0.09173974118166013,0.9182460903927974,9.081677819658735
369.9653466446929,0.09159878292681889,0.9168338908659116,9.083090495407832
370.58655598352635,0.09145825719591627,0.9154260286650835,9.084498562404066
371.20776530414327,0.09131816200120238,0.9140224838384936,9.085902168746637
371.8289746069312,0.09117849536697738,0.912623236555393,9.087301600391854
372.45018389202517,0.09103925532966824,0.9112282671068661,9.088697041804926
373.0713931595595,0.09090043993767948,0.9098375559043331,9.090087953571254
373.69260240942634,0.0907620472513559,0.908451083479173,9.09147448330663
374.3138116420014,0.09062407534273034,0.9070688304801926,9.092856916487584
374.9350208574148,0.09048652229559698,0.9056907776743572,9.09423543710326
375.5562300557955,0.0903493862053679,0.9043169059453532,9.095609505266628
376.1774392370387,0.09021266517903638,0.9029471962932124,9.096979268124628
376.79864840150793,0.09007635733493519,0.9015816298318896,9.098345010688424
377.4198575493283,0.08994046080280604,0.9002201877899569,9.099706916485369
378.0410666806247,0.08980497372366154,0.8988628515092139,9.10106444517016
378.6622757952942,0.08966989424974962,0.8975096024443313,9.10241774343491
379.2834848936888,0.08953522054432121,0.8961604221605188,9.103767095839316
379.9046939759295,0.08940095078169641,0.8948152923341848,9.105112685462712
380.5259030421364,0.08926708314713172,0.8934741947516031,9.106453971515183
381.14711209220917,0.08913361583678539,0.8921371113085635,9.107791100247526
381.76832112648844,0.08900054705749415,0.8908040240081327,9.109124355781397
382.38953014509104,0.08886787502683621,0.8894749149612803,9.110453920761383
383.010739148133,0.08873559797300337,0.8881497663855961,9.11177925396611
383.63194813551587,0.08860371413476752,0.8868285606049513,9.113100501218119
384.2531571075698,0.08847222176126587,0.8855112800473445,9.11441794621393
384.8743660644073,0.08834111911206104,0.8841979072454998,9.115731771176213
385.4955750061403,0.08821040445701778,0.8828884248356307,9.11704143446484
386.11678393267306,0.08808007607627051,0.8815828155571096,9.118347081486654
386.7379928443251,0.08795013226001697,0.8802810622504004,9.119648995525553
387.359201741205,0.08782057130857507,0.8789831478576237,9.120947358394634
387.9804106234209,0.08769139153226464,0.8776890554213694,9.12224162804726
388.6016194908787,0.08756259125137553,0.8763987680843752,9.12353194948675
389.22282834388824,0.0874341687959691,0.875112269087536,9.124818605596365
389.84403718255464,0.08730612250593268,0.8738295417704447,9.126101777791606
390.46524600698183,0.08717845073086546,0.8725505695702482,9.127380923631133
391.08645481707856,0.08705115183004734,0.8712753360213336,9.12865618772645
391.70766361314475,0.08692422417224852,0.8700038247534143,9.129927852571841
392.3288723952814,0.08679766613578074,0.868736019492046,9.131196099196684
392.95008116358923,0.08667147610838778,0.8674719040575226,9.132460384776365
393.5712899179788,0.08654565248721499,0.8662114623645714,9.133720853541897
394.1924986587407,0.08642019367862597,0.8649546784205141,9.134977787609788
394.8137073859732,0.0862950980982516,0.8637015363257547,9.13623136763442
395.4349160997731,0.0861703641708845,0.8624520202727178,9.13748105041893
396.0561248000529,0.0860459903304493,0.8612061145455537,9.138726979824758
396.6773334870943,0.0859219750198263,0.8599638035183654,9.139969437601474
397.2985421609923,0.08579831669089824,0.8587250716556746,9.141208604039189
397.9197508218403,0.08567501380444828,0.8574899035114002,9.142443935579438
398.54095946955306,0.08555206483013134,0.8562582837285676,9.143675575724636
399.1621681044037,0.08542946824630451,0.8550301970376063,9.14490380586786
399.7833767264834,0.08530722254007123,0.8538056282567924,9.146128805945354
400.4045853358831,0.08518532620718326,0.8525845622912623,9.147350032047315
401.02579393251887,0.08506377775201267,0.8513669841327328,9.148567627327319
401.6470025166556,0.08494257568738849,0.8501528788578593,9.149781872832081
402.268211088382,0.084821718534639,0.8489422316286592,9.150992948153956
402.8894196477855,0.08470120482349702,0.8477350276915607,9.15220030904175
403.51062819478403,0.08458103309207285,0.8465312523771301,9.153404098310048
404.13183672963476,0.08446120188669679,0.8453308910984914,9.154604596668952
404.75304525242314,0.08434170976195947,0.8441339293517287,9.155801983376627
405.3742537632338,0.08422255528062064,0.8429403527149703,9.15699571385007
405.9954622619866,0.08410373701358273,0.8417501468481224,9.158185930574401
406.6166707489308,0.08398525353973928,0.8405632974913477,9.159372913932534
407.237879224149,0.08386710344601327,0.839379790465448,9.160556842857801
407.8590876877233,0.08374928532726901,0.8381996116709809,9.161737172444667
408.48029613957505,0.08363179778628686,0.8370227470880017,9.162914044857974
409.1015045799463,0.08351463943361677,0.8358491827745967,9.164087740162577
409.7227130089168,0.08339780888761497,0.8346789048672485,9.165258436976005
410.3439214265658,0.08328130477435906,0.8335118995799838,9.16642559007916
410.9651298328166,0.08316512572762323,0.832348153204122,9.167589341325497
411.5863382279041,0.08304927038873712,0.8311876521068609,9.168749970470623
412.20754661190534,0.08293373740662116,0.8300303827316281,9.169907655825018
412.82875498489676,0.08281852543770422,0.8288763315972549,9.171061851864685
413.44996334680366,0.08270363314589964,0.8277254852977335,9.172212700140278
414.07117169785397,0.08258905920246928,0.826577830500855,9.173360480106691
414.69238003812217,0.08247480228605707,0.8254333539485413,9.174505369775789
415.3135883676822,0.08236086108260966,0.8242920424560516,9.17564682332706
415.93479668646086,0.08224723428535295,0.8231538829117431,9.176784982016688
416.55600499467954,0.08213392059466121,0.8220188622757599,9.177920125007075
417.1772132924104,0.0820209187180889,0.820886967580349,9.179052430019668
417.79842157972485,0.08190822737029438,0.8197581859290936,9.180181350945535
418.4196298565513,0.08179584527301655,0.8186325044966802,9.18130702875441
419.04083812310466,0.08168377115494911,0.8175099105276359,9.182429742324212
419.66204637945464,0.08157200375177072,0.8163903913366284,9.183549669093848
420.2832546256706,0.08146054180607128,0.815273934307726,9.184666262673826
420.9044628616826,0.08134938406732937,0.8141605268941718,9.185779663755214
421.5256710876989,0.08123852929179094,0.8130501566171644,9.186890150939142
422.14687930378744,0.08112797624249792,0.8119428110661445,9.187997901389645
422.76808751001516,0.08101772368921713,0.8108384778980817,9.189102368444251
423.3892957063132,0.08090777040841847,0.809737144837254,9.190203692522882
424.01050389288446,0.08079811518315758,0.80863879967407,9.191302151957345
424.6317120697943,0.0806887568031034,0.8075434302653455,9.192397923644211
425.2529202371078,0.08057969406446944,0.8064510245336096,9.193490460655367
425.8741283947575,0.08047092576999244,0.8053615704668956,9.194579903146876
426.49533654294055,0.08036245072881935,0.8042750561176016,9.19566652918844
427.11654468172014,0.08025426775653344,0.8031914696027547,9.196750515416337
427.7377528111591,0.08014637567508806,0.802110799103343,9.19783131464391
428.3589609311917,0.08003877331278576,0.8010330328641072,9.198909066770419
428.9801690420094,0.07993145950416901,0.7999581591924455,9.19998404961047
429.6013771436734,0.07982443309004571,0.7988861664586636,9.201056439546962
430.2225852362447,0.07971769291742453,0.7978170430953294,9.202125689141576
430.8437933196587,0.07961123783949506,0.7967507775970718,9.203191938043608
431.4650013941016,0.0795050667155221,0.7956873585195205,9.204255463819317
432.0862094596326,0.07939917841087006,0.7946267744795478,9.20531644260495
432.7074175163106,0.07929357179694041,0.7935690141546432,9.206374326717208
433.32862556407264,0.07918824575115244,0.792514066282717,9.207429255561992
433.9498336030997,0.07908319915684119,0.7914619196610789,9.208481506463801
434.57104163344917,0.07897843090328066,0.7904125631466672,9.209531255318716
435.192249655178,0.0788739398856236,0.7893659856554448,9.210577954204904
435.8134576682245,0.07876972500488234,0.7883221761622076,9.211621742291292
436.4346656727647,0.07866578516783063,0.7872811236995984,9.21266289666694
437.05587366885413,0.07856211928702553,0.7862428173583258,9.213701592994088
437.67708165654807,0.07845872628074939,0.7852072462865801,9.214737283118598
438.2982896357862,0.07835560507299111,0.7841743996898468,9.215770105978624
438.91949760673936,0.07825275459335143,0.7831442668299554,9.216800338433954
439.5407055694616,0.07815017377706356,0.7821168370252856,9.217828155919074
440.16191352400625,0.07804786156493734,0.7810920996502048,9.21885301005361
440.78312147031454,0.07794581690334083,0.7800700441348859,9.21987503955094
441.40432940855254,0.07784403874410893,0.7790506599643879,9.220894521047525
442.0255373387725,0.07774252604456316,0.7780339366788545,9.22191162975602
442.64674526102647,0.07764127776745727,0.7770198638729674,9.22292581707566
443.26795317525637,0.07754029288095987,0.776008431195772,9.22393722150088
443.8891610816237,0.07743957035856569,0.7749996283497856,9.2249461194506
444.5103689801796,0.07733910917911452,0.773993445091189,9.225952685921353
445.1315768709742,0.07723890832673885,0.772989871229299,9.226956372097687
445.7527847539507,0.0771389667908467,0.7719888966263951,9.227957316260719
446.3739926292667,0.07703928356603593,0.7709905111968619,9.228955794617413
446.99520049697105,0.07693985765211253,0.7699947049073683,9.229951981953748
447.61640835711233,0.07684068805403978,0.7690014677763605,9.230945329245081
448.2376162096354,0.07674177378192132,0.7680107898738893,9.231935974564678
448.8588240546933,0.0766431138509187,0.7670226613207837,9.23292419391299
449.4800318923335,0.07654470728126868,0.7660370722888231,9.233910161870794
450.10123972260317,0.07644655309823396,0.7650540130002441,9.234893329209624
450.7224475454482,0.0763486503320869,0.7640734737275744,9.235873833800184
451.34365536101734,0.07625099801802962,0.7630954447928329,9.236851951441645
451.964863169357,0.07615359519621058,0.7621199165676938,9.237827856514832
452.5860709705127,0.07605644091167697,0.7611468794730095,9.238800999592607
453.2072787644313,0.07595953421435873,0.7601763239786499,9.239771518348258
453.8284865512579,0.07586287415899134,0.7592082406027271,9.240739688384787
454.44969433103716,0.07576645980513173,0.7582426199117543,9.24170568388812
455.0709021038135,0.07567029021711201,0.7572794525201823,9.242668955237457
455.6921098695351,0.07557436446402413,0.7563187290902434,9.243629639913657
456.3133176283428,0.07547868161964512,0.755360440331202,9.24458801332849
456.9345253802799,0.07538324076245227,0.7544045769995061,9.245544249477895
457.55573312538957,0.07528804097557831,0.753451129898339,9.246497798552278
458.176940863621,0.07519308134679649,0.7525000898774654,9.247448797844902
458.79814859511134,0.07509836096844823,0.7515514478325094,9.248397522581111
459.4193563199026,0.07500387893745773,0.7506051947050977,9.249344146571596
460.04056403803685,0.07490963435528851,0.7496613214824241,9.250288119822702
460.661771749464,0.07481562632792887,0.7487198191971037,9.251229579444777
461.2829794543178,0.07472185396582195,0.7477806789264697,9.252168800481387
461.90418715263917,0.07462831638387936,0.7468438917927126,9.25310595656259
462.5253948444685,0.07453501270143965,0.7459094489624589,9.254040497515259
463.14660252975693,0.07444194204225371,0.7449773416466277,9.254972560271366
463.76781020863484,0.07434910353441726,0.7440475610997516,9.255902419697216
464.38901788114174,0.07425649631038397,0.7431200986201077,9.256830249246724
465.01022554731696,0.07416411950692499,0.742194945549312,9.257755498571724
465.63143320711265,0.0740719722651148,0.7412720932721776,9.258678304430232
466.25264086065545,0.07398005373026607,0.7403515332160583,9.259598941515666
466.873848507984,0.07388836305194195,0.7394332568509752,9.260517583110136
467.49505614913653,0.07379689938391701,0.7385172556892209,9.261433678694758
468.116263784066,0.07370566188416339,0.737603521285223,9.262347364857872
468.73747141289596,0.07361464971478765,0.7366920452349093,9.263258916124258
469.35867903566384,0.0735238620420428,0.7357828191758266,9.264168505608446
469.9798866524066,0.07343329803629013,0.7348758347867603,9.26507558262501
470.60109426307827,0.07334295687198605,0.7339710837875991,9.265980283596779
471.22230186779916,0.07325283772762056,0.7330685579387203,9.26688288288401
471.84350946660555,0.07316293978572906,0.7321682490411053,9.267783553437752
472.46471705953337,0.07307326223285514,0.7312701489359686,9.268681744410113
473.0859246465378,0.07298380425953792,0.7303742495046271,9.269577592062431
473.7071322277358,0.07289456506025248,0.7294805426679057,9.270471370594453
474.32833980316275,0.07280554383342094,0.7285890203862462,9.271363252797718
474.94954737285354,0.07271673978137663,0.7276996746593486,9.2722526876658
475.57075493676405,0.07262815211035172,0.7268124975260432,9.273139811302467
476.1919624950085,0.07253978003041925,0.7259274810637153,9.27402489775086
476.813170047621,0.07245162275550412,0.7250446173884099,9.274908119646856
477.4343775946354,0.07236367950334821,0.7241638986544822,9.275788925829335
478.055585136009,0.07227594949549794,0.723285317054475,9.27666745224831
478.6767926718526,0.07218843195724889,0.7224088648185593,9.277543972794057
479.2980002021994,0.07210112611765568,0.7215345342146368,9.278418659950562
479.91920772708255,0.07201403120949833,0.7206623175479987,9.279290962405726
480.5404152464595,0.07192714646927025,0.7197922071612077,9.28016101595948
481.16162276043883,0.07184047113712441,0.7189241954335562,9.281029094352949
481.78283026905285,0.07175400445688287,0.7180582747811624,9.281895369921832
482.4040377723336,0.07166774567600417,0.717194437656642,9.282759291206682
483.0252452702397,0.07158169404557163,0.7163326765489916,9.283620993860941
483.6464527628766,0.07149584882024118,0.7154729839830641,9.284480751480107
484.26766025027575,0.07141020925825037,0.7146153525196598,9.28533873625516
484.88886773246816,0.07132477462138694,0.71375977475521,9.286194396582792
485.5100752094134,0.07123954417497727,0.7129062433216609,9.287047867973458
486.13128268121443,0.07115451718783582,0.7120547508859665,9.287899423880505
486.75249014790165,0.07106969293227387,0.7112052901501771,9.288749236353613
487.37369760950526,0.07098507068406883,0.7103578538511289,9.289596753649034
487.99490506598556,0.0709006497224531,0.7095124347603334,9.290442111137608
488.6161125174429,0.07081642933006504,0.7086690256834854,9.29128558213389
489.237319963907,0.07073240879295747,0.7078276194605465,9.292127338549605
489.858527405407,0.07064858740056768,0.7069882089654465,9.29296682850388
490.4797348419041,0.07056496444570663,0.7061507871059733,9.293804187231228
491.10094227349623,0.07048153922451145,0.7053153468232963,9.294639687910673
491.722149700212,0.07039831103645353,0.704481881092047,9.295473502319242
492.34335712208014,0.0703152791843095,0.703650382920028,9.296305078442147
492.9645645390623,0.07023244297415064,0.7028208453481068,9.297134551380777
493.58577195125406,0.07014980171529689,0.7019932614497545,9.297962194181814
494.2069793586833,0.07006735472032435,0.7011676243311202,9.298788178490717
494.82818676137794,0.06998510130503748,0.7003439271307514,9.299611952161927
495.4493941593003,0.06990304078845846,0.6995221630194883,9.300433650166806
496.0706015525436,0.06982117249278277,0.698702325200017,9.301253545422778
496.69180894113526,0.06973949574338638,0.6978844069069419,9.30207180944681
497.31301632510184,0.0696580098687986,0.6970684014065126,9.302887889965609
497.934223704407,0.06957671420069189,0.6962543019965225,9.303701921823542
498.5554310791413,0.06949560807383859,0.6954421020058736,9.304514177811768
499.1766384493312,0.06941469082611794,0.6946317947946475,9.30532482932174
499.7978458150032,0.06933396179848962,0.693823373753839,9.306133323955386
500.41905317612117,0.06925342033498397,0.6930168323052572,9.30693979643302
501.0402605327737,0.0691730657826598,0.6922121639011056,9.30774451942246
501.66146788498656,0.06909289749161138,0.691409362024046,9.308547664192528
502.2826752327851,0.06901291481494247,0.6906084201869432,9.309348678223262
502.90388257613427,0.06893311710875688,0.6898093319327675,9.310147696113773
503.52508991512036,0.06885350373211763,0.6890120908341854,9.310944990411356
504.14629724976845,0.06877407404705344,0.6882166904936257,9.311740732265053
504.76750458010343,0.0686948274185338,0.6874231245430262,9.312534369035786
505.38871190609063,0.06861576321445945,0.6866313866437418,9.313326035204241
506.0099192278144,0.06853688080562305,0.6858414704861455,9.314116003199977
506.6311265452991,0.06845817956571516,0.6850533697896931,9.314904444054962
507.2523338585687,0.06837965887130011,0.6842670783026762,9.315690805013741
507.8735411675897,0.06830131810180665,0.6834825898021324,9.316475220441276
508.49474847244403,0.0682231566394899,0.6826998980934607,9.317257962652063
509.1159557731555,0.06814517386943696,0.6819189970104782,9.318039202563664
509.7371630697479,0.06806736917954358,0.6811398804151859,9.3188183873069
510.35837036218743,0.06798974196050499,0.6803625421976783,9.319595651133639
510.9795776505547,0.06791229160577895,0.6795869762757686,9.320371266245912
511.6007849348727,0.06783501751159106,0.6788131765950465,9.321145403449485
512.2219922151644,0.06775791907691213,0.6780411371286481,9.321917509764011
512.8431994913972,0.06768099570344945,0.6772708518771671,9.32268771933082
513.4644067636493,0.0676042467956104,0.6765023148682938,9.32345630424203
514.0856140319434,0.06752767176050815,0.6757355201568687,9.324223435194122
514.7068212963014,0.06745127000793927,0.6749704618246583,9.324988559098099
515.3280285566917,0.06737504095037525,0.6742071339802701,9.325751809987233
515.9492358131907,0.06729898400292733,0.6734455307588015,9.326513459846206
516.5704430658203,0.06722309858335182,0.6726856463218897,9.327273679264668
517.1916503146018,0.06714738411202839,0.6719274748574959,9.328031915047397
517.8128575595041,0.06707184001195171,0.6711710105798212,9.32878830112204
518.4340648006021,0.06699646570869758,0.6704162477289658,9.329543109368236
519.0552720379169,0.06692126063042757,0.6696631805709762,9.33029651027119
519.6764792714694,0.0668462242078684,0.6689118033976376,9.331047950531843
520.2976865012289,0.06677135587430347,0.6681621105263883,9.33179756397457
520.9188937272686,0.0666966550655399,0.6674140962999925,9.332545622376312
521.5401009496092,0.06662212121991337,0.666667755086583,9.333292296120158
522.1613081682709,0.06654775377826753,0.6659230812794593,9.3340370318055
522.7825153832238,0.06647355218394622,0.6651800692970065,9.334779963155738
523.403722594539,0.06639951588276126,0.6644387135823742,9.335521361847386
524.0249298022368,0.06632564432299701,0.6636990086035198,9.336261398163693
524.646137006337,0.06625193695539046,0.6629609488530117,9.336999518604754
525.26734420681,0.06617839323312356,0.6622245288479484,9.337735856795216
525.8885514037254,0.06610501261179201,0.6614897431296485,9.33847068431341
526.509758597103,0.06603179454940952,0.6607565862636924,9.339204171344916
527.1309657869622,0.06595873850638863,0.6600250528397285,9.339935764292719
527.7521729732739,0.06588584394553298,0.6592951374713979,9.340665596684918
528.3733801561059,0.06581311033200718,0.65856683479603,9.341393940003776
528.9945873354777,0.06574053713334084,0.657840139474683,9.342120964339374
529.615794511408,0.06566812381940978,0.6571150461919569,9.342846115999732
530.2370016838684,0.06559586986242875,0.6563915496559181,9.34356952841849
530.8582088529251,0.0655237747369219,0.6556696445978053,9.344291472983963
531.479416018597,0.06545183791972678,0.654949325772068,9.34501211969282
532.1006231809023,0.06538005888997603,0.6542305879561833,9.345730914760187
532.7218303398131,0.06530843712909021,0.653513425950583,9.346447991527292
533.3430374953946,0.06523697212074925,0.6527978345783686,9.34716362129057
533.9642446476645,0.06516566335089609,0.6520838086853468,9.347877973955303
534.5854517966409,0.065094510307719,0.6513713431398523,9.34859049564574
535.2066589422964,0.06502351248164455,0.6506604328326762,9.349301319612719
535.8278660846945,0.06495266936530984,0.6499510726767891,9.350010717062775
536.4490732238527,0.06488198045356597,0.6492432576073747,9.350718857811787
537.0702803597884,0.06481144524346096,0.6485369825816578,9.351425187895087
537.6914874924751,0.06474106323423266,0.6478322425788349,9.352129840475097
538.3126946219745,0.06467083392728193,0.647129032599803,9.352833086670381
538.9339017483037,0.06460075682617598,0.6464273476671947,9.353535096209349
539.55510887148,0.0645308314366316,0.6457271828252085,9.354235315040343
540.1763159914767,0.06446105726650835,0.6450285331395416,9.35493387623925
540.7975231083545,0.06439143382578245,0.644331393697127,9.35563105083858
541.4187302221304,0.06432196062654993,0.6436357596061658,9.35632700848114
542.0399373328206,0.06425263718301046,0.6429416259959637,9.357021195030143
542.6611444403993,0.06418346301146052,0.6422489880168636,9.357713743476811
543.2823515449259,0.06411443763026817,0.6415578408399918,9.35840492476943
543.9035586464165,0.0640455605598759,0.6408681796572867,9.359094908467045
544.5247657448873,0.06397683132278499,0.640179999681342,9.359783140349567
545.1459728403131,0.06390824944354885,0.6394932961453391,9.360469753325344
545.7671799327513,0.06383981444874841,0.6388080643028011,9.361155018260245
546.3883870222182,0.06377152586699503,0.6381242994276206,9.361839104631335
547.0095941087295,0.06370338322891493,0.6374419968139056,9.362521458137001
547.63080119226,0.06363538606714307,0.6367611517759153,9.363202211604477
548.2520082728668,0.06356753391629895,0.6360817596478193,9.36388163581896
548.873215350565,0.06349982631298946,0.6354038157837257,9.364559900177277
549.4944224253701,0.0634322627957939,0.6347273155575299,9.365236450298013
550.1156294972575,0.06336484290525764,0.6340522543628515,9.365911418929024
550.7368365662826,0.06329756618386886,0.6333786276128017,9.366585076776522
551.3580436324603,0.06323043217606131,0.632706430740009,9.367257593158806
551.9792506958058,0.06316344042819937,0.6320356591964713,9.367928413616326
552.6004577562949,0.06309659048857234,0.6313663084534975,9.368597670819236
553.2216648139822,0.06302988190737144,0.6306983740014764,9.36926563539645
553.8428718688818,0.06296331423669257,0.6300318513499049,9.36993247658937
554.4640789210084,0.06289688703052196,0.6293667360272442,9.370597639861968
555.0852859703385,0.06283059984473024,0.6287030235808586,9.371261257808314
555.7064930169254,0.0627644522370503,0.6280407095767961,9.371923600981637
556.327700060783,0.06269844376707978,0.6273797895998116,9.372584838548065
556.9489071019253,0.06263257399626723,0.6267202592532268,9.3732444158967
557.5701141403295,0.06256684248790628,0.6260621141588746,9.373902465547106
558.1913211760474,0.062501248807114,0.62540534995688,9.374559257978426
558.8125282090929,0.06243579252083357,0.6247499623056861,9.375214962283069
559.4337352394798,0.062370473197820325,0.6240959468819174,9.375869023776813
560.0549422671855,0.062305290408636416,0.6234432993803218,9.376521574906302
560.6761492922606,0.06224024372562978,0.6227920155135627,9.377172886078101
561.2973563147184,0.062175332722936384,0.6221420910122399,9.377823126312448
561.9185633345727,0.06211055697646696,0.6214935216247583,9.378471740853325
562.5397703518013,0.06204591606390159,0.6208463031172712,9.37911886207595
563.1609773664535,0.06198140956466934,0.620200431273476,9.37976476031583
563.7821843785428,0.0619170370599503,0.6195559018946379,9.380409604522521
564.403391388082,0.06185279813266277,0.6189127107994576,9.381052839869698
565.0245983950497,0.06178869236745793,0.6182708538240194,9.381694598662612
565.6458053994938,0.061724719350699966,0.6176303268215912,9.382335151167187
566.2670124014278,0.061660878670468114,0.616991125662646,9.382974666263749
566.888219400864,0.06159716991654408,0.6163532462347343,9.383612589057103
567.5094263977815,0.06153359268040686,0.615716684442433,9.384249051784002
568.1306333922273,0.061470146555213406,0.6150814362071514,9.384884324642199
568.7518403842141,0.06140683113580055,0.6144474974671498,9.385518576444218
569.3730473737545,0.06134364601867288,0.6138148641774179,9.386151252227402
569.9942543608273,0.061280590801997485,0.6131835323096231,9.386782484161396
570.6154613454789,0.061217665085585224,0.6125534978519211,9.387412542377179
571.2366683277219,0.06115486847089255,0.6119247568089752,9.388041595620857
571.8578753075682,0.061092200561009655,0.6112973052018369,9.388669088863704
572.479082284997,0.06102966096065546,0.610671139067895,9.389295154209622
573.1002892600541,0.06096724927615925,0.6100462544606933,9.389920061724192
573.721496232751,0.06090496511546246,0.6094226474499459,9.390543980088433
574.3427032031001,0.06084280808810711,0.6088003141214228,9.391166354208897
574.9639101710809,0.060780777805230925,0.6081792505769,9.391787316125075
575.5851171367376,0.060718873879549405,0.6075594529339813,9.392407135838464
576.2063241000819,0.060657095925357625,0.6069409173261139,9.393025981966346
576.827531061126,0.0605954435585189,0.6063236399024758,9.393643299351838
577.4487380198495,0.06053391639645995,0.6057076168279284,9.394259219971337
578.0699449762958,0.06047251405815358,0.60509284428284,9.394874013763548
578.6911519304763,0.06041123616412025,0.6044793184631045,9.395487849283283
579.3123588824027,0.06035008233641715,0.6038670355800294,9.396100171311534
579.9335658320554,0.06028905219863338,0.6032559918602886,9.396711111762855
580.5547727794763,0.06022814537587318,0.602646183545754,9.397320940514433
581.1759797246772,0.06016736149475732,0.6020376068935096,9.397929826059869
581.7971866676692,0.06010670018341251,0.6014302581757444,9.398537213119265
582.4183936084326,0.06004616107146667,0.6008241336797056,9.39914323354658
583.0396005470092,0.059985743790032624,0.6002192297075342,9.399748157158715
583.66080748341,0.05992544797170939,0.5996155425762787,9.400352152389301
584.2820144176459,0.05986527325057183,0.599013068617792,9.400954663898748
584.9032213496978,0.05980521926216611,0.598411804178684,9.401555823481642
585.5244282796064,0.05974528564349363,0.5978117456201621,9.402155900895803
586.1456352073825,0.059685472033012506,0.5972128893180441,9.402755064516068
586.7668421330367,0.059625778070627286,0.5966152316626566,9.403352758944369
587.3880490565504,0.05956620339768463,0.5960187690587901,9.403949115917085
588.0092559779632,0.059506747656957557,0.5954234979255432,9.404544405134127
588.630462897286,0.05944741049264689,0.5948294146963357,9.405138794912723
589.2516698145287,0.059388191550371304,0.5942365158188081,9.405731729797477
589.8728767296732,0.05932909047716293,0.593644797754778,9.406323341467727
590.4940836427586,0.05927010692145221,0.5930542569800892,9.406913899566614
591.1152905537948,0.059211240533069115,0.5924648899846223,9.407503572354893
591.7364974627923,0.059152490963233474,0.5918766932721986,9.408091804320975
592.3577043697329,0.05909385786455074,0.5912896633605373,9.408678727088285
592.9789112746548,0.059035340890997164,0.5907037967811064,9.409264610244323
593.6001181775679,0.058976939697920984,0.5901190900791359,9.409849621994482
594.2213250784823,0.05891865394203299,0.5895355398135215,9.410433206772074
594.8425319773801,0.058860483281402365,0.5889531425567834,9.411015496145716
595.463738874299,0.05880242737544224,0.588371894894922,9.411596759648361
596.0849457692483,0.058744485884910866,0.5877917934274294,9.412177165431112
596.7061526622379,0.058686658471902305,0.5872128347671945,9.412756157873298
597.3273595532505,0.0586289447998425,0.586635015540466,9.41333386848978
597.9485664423225,0.058571344533475136,0.5860583323867089,9.413910566760023
598.5697733294636,0.05851385733886267,0.5854827819586148,9.414486420781936
599.1909802146832,0.05845648288337742,0.5849083609220138,9.415060874881878
599.8121870979643,0.05839922083569759,0.584335065955832,9.415634060522024
599.9948950044476,0.05838240040139401,0.5841666636115971,9.41580243481719
599.9999999940001,0.05838193058831287,0.5841619599513598,9.415807172905184
600,0.05838193058831287,0.5841619599513598,9.415807172905184