Time,Input1,Input1_1,Input2,Input2_1,Output,Output_1,Signal,Signal_1
0,10,10,10,10,0,0,0,0
0.57411157647578,8.430976503523247,8.430976503523247,9.986152280733773,9.986152280733773,0.01307288881153414,0.01307288881153414,0.0007748304546900852,0.0007748304546900852
1.2317553802829788,6.963390217584924,6.963390217584924,9.941036554677735,9.941036554677735,0.05208953286208107,0.05208953286208107,0.00687391246018094,0.00687391246018094
1.8335728154373823,5.872335427491608,5.872335427491608,9.878228125865059,9.878228125865059,0.10119879814430432,0.10119879814430432,0.020573075990632367,0.020573075990632367
2.5206231265910652,4.864028452571655,4.864028452571655,9.78737758076215,9.78737758076215,0.1647312110826015,0.1647312110826015,0.04789120815524141,0.04789120815524141
3.1682332101244493,4.100460374001103,4.100460374001103,9.687783179365235,9.687783179365235,0.22635236846578544,0.22635236846578544,0.08586445216897406,0.08586445216897406
3.8646499303247515,3.4408411591630745,3.4408411591630745,9.569871049245783,9.569871049245783,0.2902864576014482,0.2902864576014482,0.13984249315276245,0.13984249315276245
4.494839479154198,2.959782916868945,2.959782916868945,9.456472059319877,9.456472059319877,0.3437729542625553,0.3437729542625553,0.19975498641756084,0.19975498641756084
5.199647664360608,2.5258232109805796,2.5258232109805796,9.324786698087435,9.324786698087435,0.3971832775266998,0.3971832775266998,0.2780300243858598,0.2780300243858598
5.971165285472267,2.1506177318701,2.1506177318701,9.177337770722298,9.177337770722298,0.44707200877501135,0.44707200877501135,0.37559022050268387,0.37559022050268387
6.604414688695128,1.9043614576041101,1.9043614576041101,9.05528021677138,9.05528021677138,0.4812272264479136,0.4812272264479136,0.4634925567806996,0.4634925567806996
7.263958469787772,1.6949399051666083,1.6949399051666083,8.928252831197035,8.928252831197035,0.5105385617395449,0.5105385617395449,0.5612086070634119,0.5612086070634119
7.933405022409689,1.5219430224558326,1.5219430224558326,8.800226989004791,8.800226989004791,0.5342007050257213,0.5342007050257213,0.6655723059694826,0.6655723059694826
8.6421998454462,1.373524237332177,1.373524237332177,8.666354984342822,8.666354984342822,0.5531940652534157,0.5531940652534157,0.7804509504037569,0.7804509504037569
9.364585175484896,1.2514879749541987,1.2514879749541987,8.532226962755393,8.532226962755393,0.5668781804912215,0.5668781804912215,0.9008948567533814,0.9008948567533814
10.105517671600111,1.150515654162545,1.150515654162545,8.397478343371928,8.397478343371928,0.5757689641785368,0.5757689641785368,1.0267526924495316,1.0267526924495316
10.869953992866176,1.066513055732708,1.066513055732708,8.261734759148943,8.261734759148943,0.5803165067196396,0.5803165067196396,1.1579487341314116,1.1579487341314116
11.66374530606217,0.9962097159775005,0.9962097159775005,8.124488230956661,8.124488230956661,0.580917676722592,0.580917676722592,1.2945940923207422,1.2945940923207422
12.48437910932482,0.9375810819333704,0.9375810819333704,7.986670737812662,7.986670737812662,0.577964322225864,0.577964322225864,1.43536493996147,1.43536493996147
13.33218987381486,0.8885639106414386,0.8885639106414386,7.848652852234809,7.848652852234809,0.5719003325291627,0.5719003325291627,1.579446815236024,1.579446815236024
14.207512070693019,0.8473830666878333,0.8473830666878333,7.71075951292035,7.71075951292035,0.5631767290941984,0.5631767290941984,1.726063757985448,1.726063757985448
14.825209355691552,0.8228323392376181,0.8228323392376181,7.616211921026382,7.616211921026382,0.5558696600688813,0.5558696600688813,1.827918418904733,1.827918418904733
15.442906640690087,0.8012808976527965,0.8012808976527965,7.523896646106924,7.523896646106924,0.5478327483208226,0.5478327483208226,1.9282706055722498,1.9282706055722498
16.098429013292602,0.7811164982003812,0.7811164982003812,7.428311537954693,7.428311537954693,0.5386892799096207,0.5386892799096207,2.0329991821356828,2.0329991821356828
16.75395138589512,0.7632508265926345,0.7632508265926345,7.335114371782696,7.335114371782696,0.5290769293127924,0.5290769293127924,2.135808698904507,2.135808698904507
17.4546611357342,0.7462380624121661,0.7462380624121661,7.238054143209026,7.238054143209026,0.5184419671173149,0.5184419671173149,2.2435038896736548,2.2435038896736548
18.155370885573273,0.7309921656884057,0.7309921656884057,7.143555136783225,7.143555136783225,0.5075734695891423,0.5075734695891423,2.348871393627628,2.348871393627628
18.907777984360763,0.7162264784092655,0.7162264784092655,7.044836008450877,7.044836008450877,0.49577480650459144,0.49577480650459144,2.459389185044526,2.459389185044526
19.660185083148257,0.7028195493366218,0.7028195493366218,6.948861861947998,6.948861861947998,0.4839551777594551,0.4839551777594551,2.567182960292543,2.567182960292543
20.473790468442445,0.6895667060180419,0.6895667060180419,6.848049238604513,6.848049238604513,0.4712547081900905,0.4712547081900905,2.680696053205393,2.680696053205393
21.287395853736633,0.6773710055998078,0.6773710055998078,6.750194809292527,6.750194809292527,0.45872310379399345,0.45872310379399345,2.7910820869134763,2.7910820869134763
22.172509767153024,0.6650825728265198,0.6650825728265198,6.646954717756681,6.646954717756681,0.4453579077945891,0.4453579077945891,2.9076873744487264,2.9076873744487264
23.057623680569417,0.6536327947926162,0.6536327947926162,6.546916344853887,6.546916344853887,0.43233013313220847,0.43233013313220847,3.0207535220139,3.0207535220139
24.02801672039488,0.641872515236731,0.641872515236731,6.440746834031902,6.440746834031902,0.41848266719334637,0.41848266719334637,3.140770498774747,3.140770498774747
24.99840976022034,0.6308022495264184,0.6308022495264184,6.338070447247285,6.338070447247285,0.4051224808586069,0.4051224808586069,3.2568070718941042,3.2568070718941042
26.070687771051066,0.6192403572831661,0.6192403572831661,6.2284715619830076,6.2284715619830076,0.3909456433024638,0.3909456433024638,3.380582794714525,3.380582794714525
27.14296578188179,0.6082761593335981,0.6082761593335981,6.1227146897036,6.1227146897036,0.3773896588948513,0.3773896588948513,3.4998956514015447,3.4998956514015447
28.339104855302146,0.5966482770091457,0.5966482770091457,6.009029161170749,6.009029161170749,0.36299116289463634,0.36299116289463634,3.6279796759346117,3.6279796759346117
29.5352439287225,0.5855732475436635,0.5855732475436635,5.899615255851441,5.899615255851441,0.3493352543594217,0.3493352543594217,3.7510494897891333,3.7510494897891333
30.147706774257813,0.5800943124821326,0.5800943124821326,5.845166713405517,5.845166713405517,0.3426206476339507,0.3426206476339507,3.8122126389605286,3.8122126389605286
30.760169619793125,0.5747356804231847,0.5747356804231847,5.791744407063517,5.791744407063517,0.3360884904624871,0.3360884904624871,3.872167102473992,3.872167102473992
31.372632465328437,0.5694911731385386,0.5694911731385386,5.739319036967901,5.739319036967901,0.32973439941342075,0.32973439941342075,3.930946563618675,3.930946563618675
31.98509531086375,0.5643548329740009,0.5643548329740009,5.687862482214684,5.687862482214684,0.3235526979860626,0.3235526979860626,3.9885848197992484,3.9885848197992484
32.60182138511496,0.5592872668568217,0.5592872668568217,5.636999225425338,5.636999225425338,0.31749755291414644,0.31749755291414644,4.0455032216605105,4.0455032216605105
33.21854745936618,0.554320009799084,0.554320009799084,5.587064164365454,5.587064164365454,0.3116076276189592,0.3116076276189592,4.101328208015581,4.101328208015581
33.83527353361739,0.5494490047835072,0.5494490047835072,5.53803161795085,5.53803161795085,0.3058781949380591,0.3058781949380591,4.1560901871110865,4.1560901871110865
34.4519996078686,0.5446703326202341,0.5446703326202341,5.4898769127248475,5.4898769127248475,0.3003034451598266,0.3003034451598266,4.209819642115321,4.209819642115321
35.07764130184618,0.5399135449624185,0.5399135449624185,5.441898575466864,5.441898575466864,0.2948014976916572,0.2948014976916572,4.263299926841474,4.263299926841474
35.703282995823756,0.535245104152884,0.535245104152884,5.394775179446876,5.394775179446876,0.2894491136727678,0.2894491136727678,4.315775706880352,4.315775706880352
36.32892468980133,0.5306620157769071,0.5306620157769071,5.348483626257896,5.348483626257896,0.2842416737213081,0.2842416737213081,4.367274700020792,4.367274700020792
36.95456638377891,0.526161381433618,0.526161381433618,5.303001708027667,5.303001708027667,0.27917358192869673,0.27917358192869673,4.417824710043631,4.417824710043631
37.585724663457206,0.5217020158528752,0.5217020158528752,5.257917318406893,5.257917318406893,0.27419765818361086,0.27419765818361086,4.467885023409491,4.467885023409491
38.2168829431355,0.5173214447847844,0.5173214447847844,5.213613827591372,5.213613827591372,0.2693546346016779,0.2693546346016779,4.517031537806945,4.517031537806945
38.848041222813805,0.5130173191444286,0.5130173191444286,5.1700707329755735,5.1700707329755735,0.264640303407666,0.264640303407666,4.565288963616756,4.565288963616756
39.4791995024921,0.5087873623405674,0.5087873623405674,5.127268304229105,5.127268304229105,0.26004958566326614,0.26004958566326614,4.612682110107625,4.612682110107625
40.119020118675756,0.5045729218470276,0.5045729218470276,5.084614845233841,5.084614845233841,0.2555181099981614,0.2555181099981614,4.659867044767993,4.659867044767993
40.75884073485942,0.5004304743953903,0.5004304743953903,5.042683724692289,5.042683724692289,0.25110559945955474,0.25110559945955474,4.706210675848153,4.706210675848153
41.398661351043074,0.49635804339416123,0.49635804339416123,5.001456407281358,5.001456407281358,0.24680827168933986,0.24680827168933986,4.751735321029298,4.751735321029298
42.03848196722673,0.49235371125328575,0.49235371125328575,4.960915043929725,4.960915043929725,0.24262153416331372,0.24262153416331372,4.796463421906957,4.796463421906957
42.68575490907421,0.48837020136068804,0.48837020136068804,4.920581802679593,4.920581802679593,0.23849508554541854,0.23849508554541854,4.840923111774983,4.840923111774983
43.333027850921695,0.4844527599717623,0.4844527599717623,4.880915620340117,4.880915620340117,0.234474672280521,0.234474672280521,4.884609707379357,4.884609707379357
43.980300792769185,0.480599674492562,0.480599674492562,4.841899787481844,4.841899787481844,0.2305569597172436,0.2305569597172436,4.927543252800907,4.927543252800907
44.62757373461667,0.47680928207962586,0.47680928207962586,4.803518201916103,4.803518201916103,0.22673786275234598,0.22673786275234598,4.969743935331547,4.969743935331547
45.28404988112079,0.47302741576793367,0.47302741576793367,4.765222710184917,4.765222710184917,0.22296212750620226,0.22296212750620226,5.011815162308876,5.011815162308876
45.9405260276249,0.4693068276933766,0.4693068276933766,4.727547840685203,4.727547840685203,0.21928151569601595,0.21928151569601595,5.053170643618777,5.053170643618777
46.59700217412902,0.46564598990083383,0.46564598990083383,4.690478365982823,4.690478365982823,0.215693084628457,0.215693084628457,5.093828549388715,5.093828549388715
47.253478320633135,0.46204341777653146,0.46204341777653146,4.653999603868889,4.653999603868889,0.2121931822136036,0.2121931822136036,5.133807213917503,5.133807213917503
47.918616186633386,0.4584512838745923,0.4584512838745923,4.6176273941157,4.6176273941157,0.20873469764238095,0.20873469764238095,5.173637908241915,5.173637908241915
48.58375405263364,0.45491608036652964,0.45491608036652964,4.581832638977331,4.581832638977331,0.20536153760995637,0.20536153760995637,5.212805823412708,5.212805823412708
49.24889191863388,0.4514364303933889,0.4514364303933889,4.546601463760993,4.546601463760993,0.2020711185078363,0.2020711185078363,5.251327417731167,5.251327417731167
49.91402978463413,0.4480109952631059,0.4480109952631059,4.511920483145519,4.511920483145519,0.19886018770671465,0.19886018770671465,5.289219329147762,5.289219329147762
50.58868636204854,0.4445906049572939,0.4445906049572939,4.477291906661997,4.477291906661997,0.1956821419353616,0.1956821419353616,5.327025951402637,5.327025951402637
51.26334293946295,0.44122337258843364,0.44122337258843364,4.4432028888087265,4.4432028888087265,0.1925809797116318,0.1925809797116318,5.364216131479637,5.364216131479637
51.93799951687736,0.4379080432205742,0.4379080432205742,4.409640710744857,4.409640710744857,0.18955442558398655,0.18955442558398655,5.400804863671151,5.400804863671151
52.61265609429177,0.4346433959459187,0.4346433959459187,4.376593096499253,4.376593096499253,0.18659956726639942,0.18659956726639942,5.436807336234342,5.436807336234342
53.2965135386372,0.43138474536943067,0.43138474536943067,4.34360769036791,4.34360769036791,0.18367549992846416,0.18367549992846416,5.47271680970362,5.47271680970362
53.980370982982635,0.4281757762692241,0.4281757762692241,4.311126691675119,4.311126691675119,0.1808207835913409,0.1808207835913409,5.508052524733534,5.508052524733534
54.66422842732806,0.4250153410175722,0.4250153410175722,4.2791384348302435,4.2791384348302435,0.17803341540144915,0.17803341540144915,5.542828149768301,5.542828149768301
55.34808587167349,0.42190232241637066,0.42190232241637066,4.247631655307223,4.247631655307223,0.1753107872637178,0.1753107872637178,5.577057557429054,5.577057557429054
56.04151195961692,0.4187930580191983,0.4187930580191983,4.216164417862151,4.216164417862151,0.1726143362999977,0.1726143362999977,5.611221245837846,5.611221245837846
56.73493804756035,0.41573035102814687,0.41573035102814687,4.185169896089801,4.185169896089801,0.1699806395975729,0.1699806395975729,5.644849464312621,5.644849464312621
57.42836413550378,0.41271314678175125,0.41271314678175125,4.154637353126074,4.154637353126074,0.16740792915115682,0.16740792915115682,5.677954717722763,5.677954717722763
58.121790223447206,0.4097404179694742,0.4097404179694742,4.124556417050164,4.124556417050164,0.16489385933585715,0.16489385933585715,5.7105497236139735,5.7105497236139735
58.82456232777388,0.40677198550613536,0.40677198550613536,4.09452047986723,4.09452047986723,0.16240412016064248,0.16240412016064248,5.743075399972122,5.743075399972122
59.52733443210056,0.4038472163830538,0.4038472163830538,4.06492784961617,4.06492784961617,0.1599712439152932,0.1599712439152932,5.7751009064685315,5.7751009064685315
60.23010653642723,0.40096513990890653,0.40096513990890653,4.035768636559517,4.035768636559517,0.15759366863704588,0.15759366863704588,5.806637694803432,5.806637694803432
60.932878640753906,0.3981248100053492,0.3981248100053492,4.007033283383873,4.007033283383873,0.15526928164088827,0.15526928164088827,5.837697434975234,5.837697434975234
61.64511973138912,0.39528786801698645,0.39528786801698645,3.978333679815807,3.978333679815807,0.15296641621619195,0.15296641621619195,5.868699903967996,5.868699903967996
62.35736082202433,0.39249194372938073,0.39249194372938073,3.9500504751016035,3.9500504751016035,0.1507151962200276,0.1507151962200276,5.899234328678364,5.899234328678364
63.06960191265955,0.3897361414277066,0.3897361414277066,3.922174539693215,3.922174539693215,0.1485142385200937,0.1485142385200937,5.929311221786686,5.929311221786686
63.78184300329477,0.38701958760388255,0.38701958760388255,3.894697047767831,3.894697047767831,0.14636163389728607,0.14636163389728607,5.958941318334879,5.958941318334879
64.50338329610369,0.3843067218911514,0.3843067218911514,3.8672582721331654,3.8672582721331654,0.14422896453660292,0.14422896453660292,5.9885127633302275,5.9885127633302275
65.22492358891263,0.3816324177954962,0.3816324177954962,3.8402109044699433,3.8402109044699433,0.1421432692130801,0.1421432692130801,6.017645826316972,6.017645826316972
65.94646388172157,0.37899584789062013,0.37899584789062013,3.813546509522183,3.813546509522183,0.14010332167033843,0.14010332167033843,6.046350168807474,6.046350168807474
66.6680041745305,0.37639620480355557,0.37639620480355557,3.787256929876091,3.787256929876091,0.13810739334887015,0.13810739334887015,6.074635676775034,6.074635676775034
67.39885140058942,0.37379987489978855,0.37379987489978855,3.761002199820572,3.761002199820572,0.13612947417389,0.13612947417389,6.102868326005533,6.102868326005533
68.12969862664835,0.3712398415786693,0.3712398415786693,3.7351158257909955,3.7351158257909955,0.134194360793701,0.134194360793701,6.130689813415299,6.130689813415299
68.86054585270728,0.368715339200453,0.368715339200453,3.709590001646402,3.709590001646402,0.13230096401377484,0.13230096401377484,6.158109034339819,6.158109034339819
69.5913930787662,0.36622562026403915,0.36622562026403915,3.6844171759707933,3.6844171759707933,0.13044771457676796,0.13044771457676796,6.185135109452434,6.185135109452434
70.33141115115322,0.36373936082083375,0.36373936082083375,3.6592806036150303,3.6592806036150303,0.12861112154716267,0.12861112154716267,6.212108274837802,6.212108274837802
71.07142922354022,0.3612872922587105,0.3612872922587105,3.634490955387006,3.634490955387006,0.12681359141291387,0.12681359141291387,6.238695453200076,6.238695453200076
71.81144729592722,0.35886870539962656,0.35886870539962656,3.610041000542582,3.610041000542582,0.1250541554950413,0.1250541554950413,6.2649048439623725,6.2649048439623725
72.55146536831424,0.356482907486209,0.356482907486209,3.585923742173174,3.585923742173174,0.1233313863800446,0.1233313863800446,6.290744871446776,6.290744871446776
73.30061062931658,0.3541003961316912,0.3541003961316912,3.5618409140407166,3.5618409140407166,0.12162383259550791,0.12162383259550791,6.31653525336377,6.31653525336377
74.04975589031892,0.3517501240519892,0.3517501240519892,3.5380851463606993,3.5380851463606993,0.1199519839958324,0.1199519839958324,6.341962869643463,6.341962869643463
74.79890115132126,0.3494314334991664,0.3494314334991664,3.514649732778734,3.514649732778734,0.11831497775896803,0.11831497775896803,6.367035289462293,6.367035289462293
75.5480464123236,0.34714368160898645,0.34714368160898645,3.4915281819831883,3.4915281819831883,0.1167115124467533,0.1167115124467533,6.391760305570053,6.391760305570053
76.30620518000003,0.3448592671487207,0.3448592671487207,3.468441502826106,3.468441502826106,0.11512211601754264,0.11512211601754264,6.4164363811563465,6.4164363811563465
77.06436394767647,0.3426052751527438,0.3426052751527438,3.4456633933503156,3.4456633933503156,0.11356540066414947,0.11356540066414947,6.44077120598553,6.44077120598553
77.8225227153529,0.3403810949719539,0.3403810949719539,3.4231876275897664,3.4231876275897664,0.11204059692165166,0.11204059692165166,6.464771775488577,6.464771775488577
78.58068148302934,0.3381861294590581,0.3381861294590581,3.4010081776027703,3.4010081776027703,0.11054651591663055,0.11054651591663055,6.488445306480594,6.488445306480594
79.34778885281463,0.33599439953674703,0.33599439953674703,3.3788624998746304,3.3788624998746304,0.10906536711121302,0.10906536711121302,6.5120721330141516,6.5120721330141516
80.11489622259992,0.33383140272941314,0.33383140272941314,3.3570081996324785,3.3570081996324785,0.10761417509510454,0.10761417509510454,6.535377625272412,6.535377625272412
80.8820035923852,0.33169657146792064,0.33169657146792064,3.335439490403146,3.335439490403146,0.1061922527628413,0.1061922527628413,6.558368256834008,6.558368256834008
81.6491109621705,0.32958935044365567,0.32958935044365567,3.314150768351834,3.314150768351834,0.10479851178273271,0.10479851178273271,6.581050719865429,6.581050719865429
82.42506841212997,0.3274853588329614,0.3274853588329614,3.2928956888147622,3.2928956888147622,0.1034167358155614,0.1034167358155614,6.603687575369672,6.603687575369672
83.20102586208944,0.3254085253524649,0.3254085253524649,3.271915960163773,3.271915960163773,0.10206245574709034,0.10206245574709034,6.626021584089132,6.626021584089132
83.9769833120489,0.32335832196290215,0.32335832196290215,3.251206199260951,3.251206199260951,0.10073505733175321,0.10073505733175321,6.648058743407291,6.648058743407291
84.75294076200838,0.32133423176718284,0.32133423176718284,3.230761191640546,3.230761191640546,0.09943354241027638,0.09943354241027638,6.669805265949172,6.669805265949172
85.53767599412517,0.3193132910900767,0.3193132910900767,3.210348955183385,3.210348955183385,0.09814306917529696,0.09814306917529696,6.691507975641312,6.691507975641312
86.32241122624197,0.31731804046441753,0.31731804046441753,3.190197132701141,3.190197132701141,0.09687786706771302,0.09687786706771302,6.712925000231141,6.712925000231141
87.10714645835876,0.31534798811852766,0.31534798811852766,3.1703007111398818,3.1703007111398818,0.09563738635712217,0.09563738635712217,6.734061902502991,6.734061902502991
87.89188169047554,0.31340265241524407,0.31340265241524407,3.1506548334431677,3.1506548334431677,0.09442070981201715,0.09442070981201715,6.75492445674481,6.75492445674481
88.68620867446138,0.3114582330815192,0.3114582330815192,3.1310191148417905,3.1310191148417905,0.09321290222512901,0.09321290222512901,6.7757679829330755,6.7757679829330755
89.48053565844722,0.30953818777605885,0.30953818777605885,3.1116304201511134,3.1116304201511134,0.09202840264668874,0.09202840264668874,6.796341177202192,6.796341177202192
90.27486264243308,0.30764205652935145,0.30764205652935145,3.092484060824254,3.092484060824254,0.0908667172580338,0.0908667172580338,6.816649221917707,6.816649221917707
91.06918962641892,0.30576938863180825,0.30576938863180825,3.0735754934781347,3.0735754934781347,0.08972699804474961,0.08972699804474961,6.83669750847711,6.83669750847711
91.88004959310587,0.30388149023813954,0.30388149023813954,3.054514007592671,3.054514007592671,0.08858575225291741,0.08858575225291741,6.856900240154406,6.856900240154406
92.69090955979283,0.30201713327280016,0.30201713327280016,3.0356910589872586,3.0356910589872586,0.08746640074127655,0.08746640074127655,6.8768425402714595,6.8768425402714595
93.50176952647979,0.3001758759700394,0.3001758759700394,3.0171021446394066,3.0171021446394066,0.08636849053359366,0.08636849053359366,6.8965293648269945,6.8965293648269945
94.31262949316674,0.298357285275581,0.298357285275581,2.998742901876912,2.998742901876912,0.08529120979108203,0.08529120979108203,6.915965888331999,6.915965888331999
95.13684943974945,0.2965315279295697,0.2965315279295697,2.980312135318529,2.980312135318529,0.08421690358212539,0.08421690358212539,6.935470961099338,6.935470961099338
95.96106938633216,0.2947283262941975,0.2947283262941975,2.9621098715397203,2.9621098715397203,0.08316300408299719,0.08316300408299719,6.954727124377276,6.954727124377276
96.78528933291487,0.29294726115267306,0.29294726115267306,2.944131837494862,2.944131837494862,0.08212910018809463,0.08212910018809463,6.973739062317036,6.973739062317036
97.60950927949759,0.2911879213655029,0.2911879213655029,2.926373893559278,2.926373893559278,0.08111442575972341,0.08111442575972341,6.992511680680991,6.992511680680991
98.4506503749491,0.28941444745487194,0.28941444745487194,2.9084740774166273,2.9084740774166273,0.08009836229246749,0.08009836229246749,7.0114275602908975,7.0114275602908975
99.29179147040063,0.2876627715307997,0.2876627715307997,2.8907950427324915,2.8907950427324915,0.07910148978259011,0.07910148978259011,7.030103467484911,7.030103467484911
100.13293256585213,0.2859324906691459,0.2859324906691459,2.873332682479814,2.873332682479814,0.07812343187272486,0.07812343187272486,7.048543885647454,7.048543885647454
100.97407366130365,0.28422320953182517,0.28422320953182517,2.8560830188815123,2.8560830188815123,0.0771634524721533,0.0771634524721533,7.066753528646326,7.066753528646326
101.83044970525106,0.2825041468459404,0.2825041468459404,2.8387353981031302,2.8387353981031302,0.07620430981274191,0.07620430981274191,7.08506029208412,7.08506029208412
102.68682574919846,0.2808060595106207,0.2808060595106207,2.8216001832911464,2.8216001832911464,0.07526314121734796,0.07526314121734796,7.1031366754914975,7.1031366754914975
103.54320179314587,0.2791285627549462,0.2791285627549462,2.804673452478553,2.804673452478553,0.07433960436165168,0.07433960436165168,7.120986943159787,7.120986943159787
104.39957783709328,0.2774712788727414,0.2774712788727414,2.7879514077971925,2.7879514077971925,0.0734329971304408,0.0734329971304408,7.138615595072357,7.138615595072357
105.2730907316452,0.2758012749385983,0.2758012749385983,2.7711017410601335,2.7711017410601335,0.07252537029300583,0.07252537029300583,7.156372888646851,7.156372888646851
106.14660362619713,0.2741515407448075,0.2741515407448075,2.754457293052248,2.754457293052248,0.07163465415040313,0.07163465415040313,7.17390805279734,7.17390805279734
107.02011652074906,0.27252170654273555,0.27252170654273555,2.7380142948465425,2.7380142948465425,0.07076053646476849,0.07076053646476849,7.19122516868868,7.19122516868868
107.89362941530098,0.27091140919642015,0.27091140919642015,2.7217690978257645,2.7217690978257645,0.06990234096001285,0.06990234096001285,7.208328561214214,7.208328561214214
108.78342893431046,0.26929081019505924,0.26929081019505924,2.7054206661749953,2.7054206661749953,0.06904422521151803,0.06904422521151803,7.225535108613478,7.225535108613478
109.67322845331995,0.26768975502720505,0.26768975502720505,2.68927006362544,2.68927006362544,0.06820198729056376,0.06820198729056376,7.242527949083987,7.242527949083987
110.56302797232945,0.26610788958806253,0.26610788958806253,2.673313680655318,2.673313680655318,0.06737534368777652,0.06737534368777652,7.259310975656897,7.259310975656897
111.45282749133894,0.26454486592923726,0.26454486592923726,2.6575480238589333,2.6575480238589333,0.06656364514196096,0.06656364514196096,7.275888330999097,7.275888330999097
112.35998326131306,0.262970401269139,0.262970401269139,2.641667627540381,2.641667627540381,0.06575123533307792,0.06575123533307792,7.2925811371265326,7.2925811371265326
113.2671390312872,0.2614148213033009,0.2614148213033009,2.625978349552468,2.625978349552468,0.06495376948952027,0.06495376948952027,7.309067880958003,7.309067880958003
114.17429480126134,0.2598777858341098,0.2598777858341098,2.6104767220092446,2.6104767220092446,0.0641709902673009,0.0641709902673009,7.325352287723446,7.325352287723446
115.08145057123546,0.25835896040230094,0.25835896040230094,2.595159389678346,2.595159389678346,0.06340227076185136,0.06340227076185136,7.341438339559794,7.341438339559794
116.00557566879769,0.25683011234970426,0.25683011234970426,2.5797416117796232,2.5797416117796232,0.06263338950445459,0.06263338950445459,7.357624998715913,7.357624998715913
116.9297007663599,0.2553194912035241,0.2553194912035241,2.564508258048658,2.564508258048658,0.06187856013731466,0.06187856013731466,7.373613181814019,7.373613181814019
117.85382586392213,0.25382677070147874,0.25382677070147874,2.5494560025267674,2.5494560025267674,0.0611375499867938,0.0611375499867938,7.389406447486429,7.389406447486429
118.77795096148435,0.25235162990852655,0.25235162990852655,2.5345816283256544,2.5345816283256544,0.0604097543939912,0.0604097543939912,7.405008617280346,7.405008617280346
119.71969031202931,0.25086613564211535,0.25086613564211535,2.519603460856862,2.519603460856862,0.059681465205738776,0.059681465205738776,7.420715073937391,7.420715073937391
120.66142966257426,0.24939825350170106,0.24939825350170106,2.5048034613918784,2.5048034613918784,0.05896640720285908,0.05896640720285908,7.436230131405255,7.436230131405255
121.60316901311921,0.24794767007433122,0.24794767007433122,2.4901784347820533,2.4901784347820533,0.05826437049696501,0.05826437049696501,7.451557194720974,7.451557194720974
122.54490836366418,0.24651407688768978,0.24651407688768978,2.4757252917990478,2.4757252917990478,0.0575747697312145,0.0575747697312145,7.46669993846973,7.46669993846973
123.50412962256837,0.24507102828764613,0.24507102828764613,2.46117739912049,2.46117739912049,0.0568849570687595,0.0568849570687595,7.481937643810742,7.481937643810742
124.46335088147255,0.243644988338213,0.243644988338213,2.446801535400642,2.446801535400642,0.0562075985133093,0.0562075985133093,7.4969908660860405,7.4969908660860405
125.42257214037673,0.24223565623463839,0.24223565623463839,2.432594633834726,2.432594633834726,0.05554250553787224,0.05554250553787224,7.511862860627394,7.511862860627394
126.38179339928092,0.24084273573734719,0.24084273573734719,2.4185537304027585,2.4185537304027585,0.054889111423513964,0.054889111423513964,7.52655715817372,7.52655715817372
127.35892151649145,0.2394403890500043,0.2394403890500043,2.4044183609190464,2.4044183609190464,0.054235372742430205,0.054235372742430205,7.541346266338516,7.541346266338516
128.33604963370198,0.23805447868234117,0.23805447868234117,2.390449199008891,2.390449199008891,0.05359336675842686,0.05359336675842686,7.555957434232674,7.555957434232674
129.3131777509125,0.2366847156728134,0.2366847156728134,2.3766432983776,2.3766432983776,0.05296292480637036,0.05296292480637036,7.570393776816022,7.570393776816022
130.29030586812303,0.23533081526758215,0.23533081526758215,2.362997812665085,2.362997812665085,0.052343496768405336,0.052343496768405336,7.584658690566502,7.584658690566502
131.28534771178732,0.23396810998799542,0.23396810998799542,2.3492641126340623,2.3492641126340623,0.051723874320930875,0.051723874320930875,7.599012013044999,7.599012013044999
132.2803895554516,0.23262128413980454,0.23262128413980454,2.335690957519927,2.335690957519927,0.05111530457225712,0.05111530457225712,7.613193737907808,7.613193737907808
133.27543139911586,0.23129006025324872,0.23129006025324872,2.322275517941823,2.322275517941823,0.050517637438309254,0.050517637438309254,7.6272068446198595,7.6272068446198595
134.27047324278016,0.2299741647210126,0.2299741647210126,2.309015061678677,2.309015061678677,0.04993033854216374,0.04993033854216374,7.641054599779151,7.641054599779151
135.28373825521874,0.22864964791698847,0.22864964791698847,2.295668230893985,2.295668230893985,0.04934279851694476,0.04934279851694476,7.654988970589062,7.654988970589062
136.29700326765732,0.2273404784201942,0.2273404784201942,2.2824765352119214,2.2824765352119214,0.048765676803823134,0.048765676803823134,7.668757787984247,7.668757787984247
137.31026828009587,0.22604638965840035,0.22604638965840035,2.2694372560793266,2.2694372560793266,0.0481988406549175,0.0481988406549175,7.682363903265748,7.682363903265748
138.32353329253445,0.22476711859109563,0.22476711859109563,2.2565477695354583,2.2565477695354583,0.047641769916843275,0.047641769916843275,7.695810460547691,7.695810460547691
139.3551042651386,0.22347969424924574,0.22347969424924574,2.2435766138955158,2.2435766138955158,0.047084542302276225,0.047084542302276225,7.709338843802201,7.709338843802201
140.38667523774276,0.222207101837105,0.222207101837105,2.2307553552030868,2.2307553552030868,0.046537136305713864,0.046537136305713864,7.722707508491192,7.722707508491192
141.41824621034692,0.22094908529456112,0.22094908529456112,2.21808138178808,2.21808138178808,0.04599943539143673,0.04599943539143673,7.735919182820476,7.735919182820476
142.44981718295108,0.21970539177443485,0.21970539177443485,2.205552174104889,2.205552174104889,0.04547093274141847,0.04547093274141847,7.748976893153685,7.748976893153685
143.4999420877105,0.21845378791332837,0.21845378791332837,2.1929437348294067,2.1929437348294067,0.044942262653518826,0.044942262653518826,7.762114002517067,7.762114002517067
144.55006699246997,0.21721652158808696,0.21721652158808696,2.1804801686970863,2.1804801686970863,0.044422855945831945,0.044422855945831945,7.775096975357075,7.775096975357075
145.60019189722942,0.21599334675658013,0.21599334675658013,2.168158965860516,2.168158965860516,0.04391261123888206,0.04391261123888206,7.7879284229005945,7.7879284229005945
146.65031680198885,0.21478402028324753,0.21478402028324753,2.1559777062919703,2.1559777062919703,0.04341103385681448,0.04341103385681448,7.800611259851207,7.800611259851207
147.71911975334342,0.2135671611149067,0.2135671611149067,2.143721009571873,2.143721009571873,0.04290933915849006,0.04290933915849006,7.813369651269629,7.813369651269629
148.787922704698,0.212364161793007,0.212364161793007,2.1316043331698453,2.1316043331698453,0.04241638322893673,0.04241638322893673,7.825979283601209,7.825979283601209
149.85672565605256,0.2111747859096009,0.2111747859096009,2.1196252651332426,2.1196252651332426,0.04193207886878126,0.04193207886878126,7.838442655997968,7.838442655997968
150.92552860740713,0.20999879966810303,0.20999879966810303,2.107781481129992,2.107781481129992,0.041455942702513265,0.041455942702513265,7.850762576167487,7.850762576167487
152.01322439235716,0.20881553915197287,0.20881553915197287,2.0958648533194535,2.0958648533194535,0.040979692861713234,0.040979692861713234,7.863155453818825,7.863155453818825
153.10092017730722,0.20764567927447783,0.20764567927447783,2.0840835818098618,2.0840835818098618,0.04051169013139701,0.04051169013139701,7.875404728058733,7.875404728058733
154.18861596225724,0.2064889928333245,0.2064889928333245,2.072435348155864,2.072435348155864,0.04005186058710462,0.04005186058710462,7.8875127912570235,7.8875127912570235
155.27631174720727,0.20534525495330747,0.20534525495330747,2.0609179194690554,2.0609179194690554,0.03959973118034715,0.03959973118034715,7.899482349350589,7.899482349350589
156.38304689645958,0.20419456277146364,0.20419456277146364,2.0493308601210205,2.0493308601210205,0.039147519681855245,0.039147519681855245,7.911521620197116,7.911521620197116
157.4897820457119,0.20305682806977188,0.20305682806977188,2.037874657172865,2.037874657172865,0.03870309334367532,0.03870309334367532,7.923422249483451,7.923422249483451
158.59651719496424,0.20193183248522004,0.20193183248522004,2.026547081937632,2.026547081937632,0.03826639067187645,0.03826639067187645,7.935186527390483,7.935186527390483
159.70325234421654,0.20081935970782003,0.20081935970782003,2.0153459893252457,2.0153459893252457,0.037836948178414744,0.037836948178414744,7.946817062496331,7.946817062496331
160.82922341952144,0.19970018666833492,0.19970018666833492,2.0040778151582996,2.0040778151582996,0.037407431843680575,0.037407431843680575,7.958514752998012,7.958514752998012
161.95519449482634,0.1985935445909654,0.1985935445909654,1.9929361674566883,1.9929361674566883,0.03698526721925097,0.03698526721925097,7.9700785653240525,7.9700785653240525
163.08116557013122,0.1974992235712589,0.1974992235712589,1.9819189033952291,1.9819189033952291,0.036570404461566695,0.036570404461566695,7.981510692143195,7.981510692143195
164.20713664543612,0.19641701549348375,0.19641701549348375,1.9710239619020635,1.9710239619020635,0.036162388829841,0.036162388829841,7.992813649268087,7.992813649268087
165.3525022423187,0.1953283869377074,0.1953283869377074,1.9600647471114607,1.9600647471114607,0.03575432023774872,0.03575432023774872,8.004180932650783,8.004180932650783
166.49786783920132,0.19425187796564294,0.19425187796564294,1.949227883548485,1.949227883548485,0.03535319603285148,0.03535319603285148,8.015418920418655,8.015418920418655
167.6432334360839,0.19318728678873515,0.19318728678873515,1.9385113107444627,1.9385113107444627,0.03495897729216377,0.03495897729216377,8.026529711963365,8.026529711963365
168.7885990329665,0.19213441315210722,0.19213441315210722,1.9279130482382072,1.9279130482382072,0.03457121733814542,0.03457121733814542,8.03751573442364,8.03751573442364
169.95354547034256,0.19107536014461068,0.19107536014461068,1.9172529312773476,1.9172529312773476,0.03418341321582367,0.03418341321582367,8.04856365550682,8.04856365550682
171.11849190771864,0.19002803050813197,0.19002803050813197,1.9067111451549084,1.9067111451549084,0.0338021709424533,0.0338021709424533,8.05948668390263,8.05948668390263
172.28343834509474,0.1889922302272061,0.1889922302272061,1.896285708251678,1.896285708251678,0.03342746184120772,0.03342746184120772,8.070286829907106,8.070286829907106
173.4483847824708,0.1879677665737732,0.1879677665737732,1.885974717312418,1.885974717312418,0.03305884660785602,0.03305884660785602,8.080966436079716,8.080966436079716
174.63307702923518,0.1869373729546441,0.1869373729546441,1.875604374272535,1.875604374272535,0.0326902014709291,0.0326902014709291,8.091705424256526,8.091705424256526
175.81776927599955,0.18591832064237515,0.18591832064237515,1.8653484861559637,1.8653484861559637,0.03232775857870825,0.03232775857870825,8.102323755265319,8.102323755265319
177.00246152276392,0.1849104230774035,0.1849104230774035,1.8552051469495077,1.8552051469495077,0.031971498869391254,0.031971498869391254,8.112823354181092,8.112823354181092
178.1871537695283,0.18391349474966312,0.18391349474966312,1.8451725274508868,1.8451725274508868,0.03162098980812598,0.03162098980812598,8.123206482740978,8.123206482740978
179.39177219061074,0.18291086143069474,0.18291086143069474,1.8350828123149312,1.8350828123149312,0.031270458582019725,0.031270458582019725,8.13364672910304,8.13364672910304
180.5963906116932,0.18191920126794048,0.18191920126794048,1.8251038181860368,1.8251038181860368,0.03092579162564892,0.03092579162564892,8.143970390188304,8.143970390188304
181.80100903277565,0.18093833484680114,0.18093833484680114,1.8152337114775778,1.8152337114775778,0.030586978908079102,0.030586978908079102,8.154179309614333,8.154179309614333
183.0056274538581,0.17996808357216448,0.17996808357216448,1.805470733951759,1.805470733951759,0.030253594072568092,0.030253594072568092,8.16427567197566,8.16427567197566
184.23034024060476,0.17899235221164458,0.17899235221164458,1.795652916571607,1.795652916571607,0.029920196961491785,0.029920196961491785,8.17442688646689,8.17442688646689
185.45505302735143,0.17802723901496995,0.17802723901496995,1.7859422205615654,1.7859422205615654,0.029592346266778816,0.029592346266778816,8.184465433171644,8.184465433171644
186.6797658140981,0.17707257142045915,0.17707257142045915,1.7763368817765732,1.7763368817765732,0.02927004044187825,0.02927004044187825,8.194393077781536,8.194393077781536
187.90447860084475,0.17612817746345003,0.17612817746345003,1.7668352100412088,1.7668352100412088,0.028952858777768025,0.028952858777768025,8.204211931181012,8.204211931181012
189.1494624775327,0.1751785115749088,0.1751785115749088,1.7572807857083148,1.7572807857083148,0.02863567102197371,0.02863567102197371,8.2140835432697,8.2140835432697
190.39444635422063,0.17423912166903086,0.17423912166903086,1.7478300137911382,1.7478300137911382,0.02832373075029766,0.02832373075029766,8.223846255458554,8.223846255458554
191.63943023090857,0.1733098417538803,0.1733098417538803,1.7384811966922167,1.7384811966922167,0.028017044393798388,0.028017044393798388,8.233501758913974,8.233501758913974
192.8844141075965,0.17239050621919183,0.17239050621919183,1.7292327094859985,1.7292327094859985,0.02771519638102334,0.02771519638102334,8.243052094132969,8.243052094132969
194.14983872359812,0.17146610297808534,0.17146610297808534,1.7199335174457868,1.7199335174457868,0.027413349099918792,0.027413349099918792,8.252653133454285,8.252653133454285
195.41526333959973,0.17055164574496506,0.17055164574496506,1.7107346333592126,1.7107346333592126,0.02711646802946887,0.02711646802946887,8.26214889861131,8.26214889861131
196.68068795560131,0.16964697482948365,0.16964697482948365,1.7016344234369631,1.7016344234369631,0.026824567104436835,0.026824567104436835,8.271541009458591,8.271541009458591
197.94611257160292,0.16875193071440756,0.16875193071440756,1.6926313253394485,1.6926313253394485,0.02653723542625515,0.02653723542625515,8.280831439234287,8.280831439234287
199.23215225531482,0.16785201069026287,0.16785201069026287,1.6835794451968957,1.6835794451968957,0.026249909075386445,0.026249909075386445,8.29017064572771,8.29017064572771
200.5181919390267,0.16696171851969718,0.16696171851969718,1.6746246490559187,1.6746246490559187,0.025967284244227628,0.025967284244227628,8.299408066699845,8.299408066699845
201.8042316227386,0.16608090055548066,0.16608090055548066,1.665765364295334,1.665765364295334,0.025689381930966364,0.025689381930966364,8.30854525377369,8.30854525377369
203.0902713064505,0.16520940312135446,0.16520940312135446,1.6570000885947544,1.6570000885947544,0.02541579546763721,0.02541579546763721,8.317584115937601,8.317584115937601
204.3970961577275,0.16433321602480536,0.16433321602480536,1.6481878978608904,1.6481878978608904,0.025142218910489757,0.025142218910489757,8.326669883228613,8.326669883228613
205.7039210090045,0.16346634993649609,0.16346634993649609,1.6394696824487829,1.6394696824487829,0.024873094689814686,0.024873094689814686,8.335657222861395,8.335657222861395
207.0107458602815,0.1626086570064335,0.1626086570064335,1.6308439283948781,1.6308439283948781,0.02460845045558792,0.02460845045558792,8.344547621149527,8.344547621149527
208.31757071155852,0.16175998915956238,0.16175998915956238,1.622309190956121,1.622309190956121,0.024347883363615614,0.024347883363615614,8.353342925680257,8.353342925680257
209.64535332139707,0.16090680804836868,0.16090680804836868,1.6137293065046634,1.6137293065046634,0.0240873293368561,0.0240873293368561,8.362183364158474,8.362183364158474
210.97313593123562,0.16006265201907008,0.16006265201907008,1.6052403999553624,1.6052403999553624,0.023830993018437736,0.023830993018437736,8.370928607026194,8.370928607026194
212.3009185410742,0.15922737878267218,0.15922737878267218,1.5968410135907891,1.5968410135907891,0.02357890832705854,0.02357890832705854,8.379580078082146,8.379580078082146
213.62870115091275,0.1584008456348568,0.1584008456348568,1.5885297578997681,1.5885297578997681,0.023330675857450137,0.023330675857450137,8.388139566242778,8.388139566242778
214.9776114730791,0.15756996955469282,0.15756996955469282,1.5801750622799124,1.5801750622799124,0.023082459339718198,0.023082459339718198,8.396742478380366,8.396742478380366
216.32652179524547,0.156747833101283,0.156747833101283,1.5719084538133719,1.5719084538133719,0.022838239532795263,0.022838239532795263,8.40525330665383,8.40525330665383
217.67543211741184,0.15593429932132463,0.15593429932132463,1.5637285287297258,1.5637285287297258,0.022598056265948227,0.022598056265948227,8.413673415004322,8.413673415004322
219.0243424395782,0.15512923066141618,0.15512923066141618,1.555633950512816,1.555633950512816,0.022361513216545333,0.022361513216545333,8.422004536270636,8.422004536270636
220.39455165711587,0.15431998120532373,0.15431998120532373,1.5474975571096796,1.5474975571096796,0.0221249880514994,0.0221249880514994,8.430377454838819,8.430377454838819
221.76476087465352,0.1535191960147662,0.1535191960147662,1.5394464629071734,1.5394464629071734,0.021892251392520642,0.021892251392520642,8.438661285700304,8.438661285700304
223.1349700921912,0.1527267432560369,0.1527267432560369,1.5314793158773226,1.5314793158773226,0.021663348645657568,0.021663348645657568,8.446857335477018,8.446857335477018
224.50517930972887,0.15194249031573703,0.15194249031573703,1.5235948303540694,1.5235948303540694,0.021437886235049747,0.021437886235049747,8.454967283410879,8.454967283410879
225.89685685266483,0.15115421267141765,0.15115421267141765,1.5156700936931968,1.5156700936931968,0.021212443297499977,0.021212443297499977,8.4631174630093,8.4631174630093
227.28853439560078,0.1503741336244671,0.1503741336244671,1.5078279669682064,1.5078279669682064,0.020990592653806983,0.020990592653806983,8.471181440377984,8.471181440377984
228.6802119385367,0.14960212625437325,0.14960212625437325,1.500067147788612,1.500067147788612,0.020772384974644384,0.020772384974644384,8.479160467236742,8.479160467236742
230.07188948147265,0.1488380626862526,0.1488380626862526,1.4923863992899196,1.4923863992899196,0.020557429118605093,0.020557429118605093,8.487056171591473,8.487056171591473
231.4852052623798,0.1480701234556936,0.1480701234556936,1.4846668928971507,1.4846668928971507,0.020342493655273193,0.020342493655273193,8.494990613447573,8.494990613447573
232.89852104328693,0.147310126490231,0.147310126490231,1.4770274021995322,1.4770274021995322,0.020130965531461053,0.020130965531461053,8.502841632269003,8.502841632269003
234.31183682419407,0.14655794958476673,0.14655794958476673,1.469466672427567,1.469466672427567,0.019922900391162443,0.019922900391162443,8.510610427181268,8.510610427181268
235.72515260510121,0.14581346940978762,0.14581346940978762,1.4619835135557422,1.4619835135557422,0.019717909233546112,0.019717909233546112,8.51829857721071,8.51829857721071
237.16027526277443,0.1450652568435252,0.1450652568435252,1.4544630321058956,1.4544630321058956,0.019512939054158452,0.019512939054158452,8.526024028839943,8.526024028839943
238.59539792044762,0.1443247391824661,0.1443247391824661,1.4470200634102943,1.4470200634102943,0.019311201822280234,0.019311201822280234,8.533668734767422,8.533668734767422
240.03052057812084,0.1435917987478522,0.1435917987478522,1.439653398393316,1.439653398393316,0.01911275788267963,0.01911275788267963,8.541233843724001,8.541233843724001
241.46564323579406,0.14286631657084964,0.14286631657084964,1.4323618919924321,1.4323618919924321,0.01891722010096084,0.01891722010096084,8.548720887906605,8.548720887906605
242.9227414293636,0.14213723907856743,0.14213723907856743,1.4250344361397325,1.4250344361397325,0.018721703399834172,0.018721703399834172,8.55624386046043,8.55624386046043
244.37983962293313,0.1414156177696422,0.1414156177696422,1.4177820779735313,1.4177820779735313,0.018529255173077144,0.018529255173077144,8.56368866685339,8.56368866685339
245.83693781650265,0.14070133931056478,0.14070133931056478,1.410603652266829,1.410603652266829,0.018339940211583236,0.018339940211583236,8.571056407521585,8.571056407521585
247.2940360100722,0.13999428891621388,0.13999428891621388,1.4034980571236018,1.4034980571236018,0.018153372989641366,0.018153372989641366,8.578348569886755,8.578348569886755
248.77327736614902,0.13928377489315105,0.13928377489315105,1.3963578315693328,1.3963578315693328,0.01796682665840221,0.01796682665840221,8.585675341772262,8.585675341772262
250.25251872222583,0.1385804866375148,0.1385804866375148,1.389290373105916,1.389290373105916,0.017783193641021922,0.017783193641021922,8.59292643325306,8.59292643325306
251.7317600783026,0.13788431498783138,0.13788431498783138,1.382294558590522,1.382294558590522,0.017602542936129093,0.017602542936129093,8.600102898473347,8.600102898473347
253.21100143437943,0.13719514917336248,0.13719514917336248,1.375369327575486,1.375369327575486,0.017424490385679538,0.017424490385679538,8.607206182038832,8.607206182038832
254.71255329096266,0.13650264590234804,0.13650264590234804,1.3684107298540797,1.3684107298540797,0.01724645818136718,0.01724645818136718,8.61434281196455,8.61434281196455
256.21410514754587,0.13581714597766112,0.13581714597766112,1.361522649914126,1.361522649914126,0.017071192879554154,0.017071192879554154,8.621406157206318,8.621406157206318
257.7156570041291,0.13513854424400085,0.13513854424400085,1.3547040050078314,1.3547040050078314,0.01689876746361291,0.01689876746361291,8.628397227528552,8.628397227528552
259.21720886071233,0.13446673378278878,0.13446673378278878,1.3479537744909003,1.3479537744909003,0.016728798916585567,0.016728798916585567,8.63531742659251,8.63531742659251
260.7412376182877,0.1337917070642353,0.1337917070642353,1.3411713910817198,1.3411713910817198,0.0165588499302739,0.0165588499302739,8.642269758988002,8.642269758988002
262.2652663758631,0.13312346896094024,0.13312346896094024,1.334457354311378,1.334457354311378,0.016391529654743674,0.016391529654743674,8.649151116033874,8.649151116033874
263.7892951334385,0.13246191816507227,0.13246191816507227,1.3278106202113358,1.3278106202113358,0.01622691484920966,0.01622691484920966,8.65596246493945,8.65596246493945
265.31332389101385,0.13180695145491692,0.13180695145491692,1.3212302063668366,1.3212302063668366,0.016064623425518884,0.016064623425518884,8.66270517020764,8.66270517020764
266.8599954293944,0.13114888474060665,0.13114888474060665,1.314618803828255,1.314618803828255,0.015902350515708753,0.015902350515708753,8.669478845656032,8.669478845656032
268.406666967775,0.13049739931199889,0.13049739931199889,1.3080736520001401,1.3080736520001401,0.015742575850978463,0.015742575850978463,8.676183772148878,8.676183772148878
269.9533385061555,0.1298523975567778,0.1298523975567778,1.3015937441465062,1.3015937441465062,0.015585379770761658,0.015585379770761658,8.682820876082728,8.682820876082728
271.50001004453605,0.12921377980131094,0.12921377980131094,1.2951781345754059,1.2951781345754059,0.015430380916082297,0.015430380916082297,8.689391484508509,8.689391484508509
273.06948930446174,0.12857217373853314,0.12857217373853314,1.2887326548109237,1.2887326548109237,0.015275399338351854,0.015275399338351854,8.695991945850722,8.695991945850722
274.63896856438737,0.12793694875295092,0.12793694875295092,1.2823514021741311,1.2823514021741311,0.01512279280275081,0.01512279280275081,8.702525805023114,8.702525805023114
276.20844782431305,0.12730801078233459,0.12730801078233459,1.2760334056816558,1.2760334056816558,0.01497264504552082,0.01497264504552082,8.70899394927282,8.70899394927282
277.77792708423874,0.12668526355864862,0.12668526355864862,1.2697777549224334,1.2697777549224334,0.014824575249523316,0.014824575249523316,8.715397669828041,8.715397669828041
279.37037828459336,0.12605963526931693,0.12605963526931693,1.2634933077921509,1.2634933077921509,0.014676521302423425,0.014676521302423425,8.721830170905424,8.721830170905424
280.96282948494803,0.12544019470259163,0.12544019470259163,1.2572711338206122,1.2572711338206122,0.014530726024526474,0.014530726024526474,8.72819814015486,8.72819814015486
282.5552806853027,0.12482685120708785,0.12482685120708785,1.2511102963603744,1.2511102963603744,0.014387276376941942,0.014387276376941942,8.734502427262681,8.734502427262681
284.1477318856573,0.12421951178383885,0.12421951178383885,1.245009918900781,1.245009918900781,0.0142457919080889,0.0142457919080889,8.740744289191127,8.740744289191127
285.7633182337146,0.12360939438045115,0.12360939438045115,1.2388817772202143,1.2388817772202143,0.014104321715968015,0.014104321715968015,8.747013901063815,8.747013901063815
287.37890458177185,0.12300527794049823,0.12300527794049823,1.2328140217009418,1.2328140217009418,0.013965000244257996,0.013965000244257996,8.753220978054797,8.753220978054797
288.9944909298291,0.12240707509015629,0.12240707509015629,1.2268057486756303,1.2268057486756303,0.013827917517586807,0.013827917517586807,8.75936633380678,8.75936633380678
290.6100772778864,0.12181469596872853,0.12181469596872853,1.2208561142126597,1.2208561142126597,0.013692693284255453,0.013692693284255453,8.765451192503082,8.765451192503082
292.2489610596974,0.12121963793099794,0.12121963793099794,1.214879707359337,1.214879707359337,0.013557481618776773,0.013557481618776773,8.771562811021884,8.771562811021884
293.88784484150847,0.12063040044582213,0.12063040044582213,1.2089618641159026,1.2089618641159026,0.013424314769385935,0.013424314769385935,8.77761382111471,8.77761382111471
295.52672862331946,0.12004689928932559,0.12004689928932559,1.2031017124971857,1.2031017124971857,0.013293285672805983,0.013293285672805983,8.783605001830006,8.783605001830006
297.1656124051305,0.11946904761372122,0.11946904761372122,1.197298439885467,1.197298439885467,0.01316401412119786,0.01316401412119786,8.789537545993332,8.789537545993332
298.8279547633218,0.1188886123061791,0.1188886123061791,1.1914693488287296,1.1914693488287296,0.013034753324339614,0.013034753324339614,8.795495897846926,8.795495897846926
300.4902971215132,0.11831382325008134,0.11831382325008134,1.1856970608399426,1.1856970608399426,0.01290743912763603,0.01290743912763603,8.801395500032418,8.801395500032418
302.15263947970453,0.11774459924933518,0.11774459924933518,1.1799807343736963,1.1799807343736963,0.012782167237673003,0.012782167237673003,8.807237098388628,8.807237098388628
303.81498183789586,0.11718085634891674,0.11718085634891674,1.174319586914999,1.174319586914999,0.012658557343628574,0.012658557343628574,8.813021855741367,8.813021855741367
305.50094277634685,0.11661462146785578,0.11661462146785578,1.168633538542859,1.168633538542859,0.012534956297376458,0.012534956297376458,8.818831505159759,8.818831505159759
307.1869037147978,0.11605386441835282,0.11605386441835282,1.1630025923721785,1.1630025923721785,0.012413208990310148,0.012413208990310148,8.824584198637506,8.824584198637506
308.8728646532487,0.11549850691512964,0.11549850691512964,1.157425936107841,1.157425936107841,0.012293413765248905,0.012293413765248905,8.830280650126904,8.830280650126904
310.5588255916997,0.1149484677807376,0.1149484677807376,1.1519028161778588,1.1519028161778588,0.012175190069967697,0.012175190069967697,8.83592199375217,8.83592199375217
312.2685637832898,0.11439602488843172,0.11439602488843172,1.1463556785068807,1.1463556785068807,0.012056973245056984,0.012056973245056984,8.841587348248058,8.841587348248058
313.9783019748799,0.11384889706875388,0.11384889706875388,1.1408619995976426,1.1408619995976426,0.011940522340569922,0.011940522340569922,8.847197478061783,8.847197478061783
315.68804016647005,0.11330700883525877,0.11330700883525877,1.135420995266586,1.135420995266586,0.011825938209913548,0.011825938209913548,8.852753066523496,8.852753066523496
317.3977783580601,0.11277028167762829,0.11277028167762829,1.1300319397743077,1.1300319397743077,0.011712839929004919,0.011712839929004919,8.858255220296684,8.858255220296684
319.1314510862203,0.11223123570351483,0.11223123570351483,1.124619716833852,1.124619716833852,0.011599746481317728,0.011599746481317728,8.863780536684827,8.863780536684827
320.86512381438047,0.11169734749269779,0.11169734749269779,1.1192593644850888,1.1192593644850888,0.011488335884389203,0.011488335884389203,8.869252299630519,8.869252299630519
322.5987965425407,0.11116854425034861,0.11116854425034861,1.1139501255656947,1.1139501255656947,0.011378711384035976,0.011378711384035976,8.874671163050266,8.874671163050266
324.33246927070087,0.11064475002734897,0.11064475002734897,1.108691301105501,1.108691301105501,0.011270491561211881,0.011270491561211881,8.880038207333282,8.880038207333282
326.09023224302734,0.11011871882591803,0.11011871882591803,1.1034101283972575,1.1034101283972575,0.011162274492117224,0.011162274492117224,8.88542759711062,8.88542759711062
327.84799521535376,0.1095976933245073,0.1095976933245073,1.0981792913036907,1.0981792913036907,0.011055661678191196,0.011055661678191196,8.890765047018112,8.890765047018112
329.6057581876802,0.10908160331725882,0.10908160331725882,1.0929980586397574,1.0929980586397574,0.01095075864642471,0.01095075864642471,8.896051182713812,8.896051182713812
331.36352116000666,0.10857037531463451,0.10857037531463451,1.0878657571862493,1.0878657571862493,0.010847183366629378,0.010847183366629378,8.901287059447116,8.901287059447116
333.14552839828605,0.10805698921086665,0.10805698921086665,1.082711897024301,1.082711897024301,0.010743608728669552,0.010743608728669552,8.906544494247024,8.906544494247024
334.9275356365654,0.10754846179440244,0.10754846179440244,1.077606888699088,1.077606888699088,0.010641563966431145,0.010641563966431145,8.911751547334475,8.911751547334475
336.7095428748448,0.10704472535008083,0.10704472535008083,1.0725500260031748,1.0725500260031748,0.010541156783336095,0.010541156783336095,8.916908817213484,8.916908817213484
338.49155011312416,0.1065457087504276,0.1065457087504276,1.0675406604931106,1.0675406604931106,0.01044200442829128,0.01044200442829128,8.922017335078595,8.922017335078595
340.29795375652895,0.10604461012416826,0.10604461012416826,1.0625104977402144,1.0625104977402144,0.010342850584002708,0.010342850584002708,8.927146651675779,8.927146651675779
342.10435739993375,0.1055482280348616,0.1055482280348616,1.0575277523263102,1.0575277523263102,0.010245156210022486,0.010245156210022486,8.932227091463664,8.932227091463664
343.91076104333854,0.10505649716396293,0.10505649716396293,1.0525917420642974,1.0525917420642974,0.010149031087505719,0.010149031087505719,8.937259226848193,8.937259226848193
345.71716468674333,0.10456934865245812,0.10456934865245812,1.0477018423525102,1.0477018423525102,0.010054091640725972,0.010054091640725972,8.94224406600676,8.94224406600676
347.5481148353108,0.10408019152151991,0.10408019152151991,1.0427918801486178,1.0427918801486178,0.009959148563133216,0.009959148563133216,8.947248971288245,8.947248971288245
349.3790649838782,0.1035956134586747,0.1035956134586747,1.0379279482224635,1.0379279482224635,0.009865598297258475,0.009865598297258475,8.952206453480274,8.952206453480274
351.2100151324456,0.10311555145192935,0.10311555145192935,1.0331093874905273,1.0331093874905273,0.00977355260894556,0.00977355260894556,8.957117059900522,8.957117059900522
353.0409652810131,0.10263993882084808,0.10263993882084808,1.028335596298378,1.028335596298378,0.009682626999712852,0.009682626999712852,8.961981776701906,8.961981776701906
354.89660977676834,0.1021623884523943,0.1021623884523943,1.0235424520778256,1.0235424520778256,0.009591695617791711,0.009591695617791711,8.96686585230438,8.96686585230438
356.7522542725236,0.10168928419057305,0.10168928419057305,1.0187939967362067,1.0187939967362067,0.009502093922455506,0.009502093922455506,8.971703909341334,8.971703909341334
358.60789876827886,0.10122056524373008,0.10122056524373008,1.0140895934156144,1.0140895934156144,0.009413935576464146,0.009413935576464146,8.976496471007918,8.976496471007918
360.4635432640341,0.10075616702367003,0.10075616702367003,1.009428662552034,1.009428662552034,0.009326835065724851,0.009326835065724851,8.98124450238224,8.98124450238224
362.34402748898685,0.10028989955029327,0.10028989955029327,1.0047490641123835,1.0047490641123835,0.00923972664745741,0.00923972664745741,8.986011209240157,8.986011209240157
364.22451171393953,0.0998279495620846,0.0998279495620846,1.0001128571099094,1.0001128571099094,0.009153888123742071,0.009153888123742071,8.990733254766347,8.990733254766347
366.1049959388922,0.0993702584052084,0.0993702584052084,0.9955194260714363,0.9955194260714363,0.009069434971414136,0.009069434971414136,8.995411138957147,8.995411138957147
367.98548016384495,0.09891676350073936,0.09891676350073936,0.9909682127026398,0.9909682127026398,0.008985980572818483,0.008985980572818483,9.000045806724541,9.000045806724541
369.890946789801,0.09846146555825085,0.09846146555825085,0.9863989944957211,0.9863989944957211,0.008902516146789495,0.008902516146789495,9.004698489357489,9.004698489357489
371.79641341575694,0.09801036065833776,0.09801036065833776,0.9818719126003019,0.9818719126003019,0.008820264968144875,0.008820264968144875,9.009307822431554,9.009307822431554
373.7018800417129,0.09756339220600634,0.09756339220600634,0.9773863721225554,0.9773863721225554,0.008739344249559874,0.008739344249559874,9.013874283627885,9.013874283627885
375.60734666766893,0.09712049955183179,0.09712049955183179,0.9729418352516674,0.9729418352516674,0.008659366186470147,0.008659366186470147,9.018398798561861,9.018398798561861
377.53793540762933,0.09667586792469121,0.09667586792469121,0.9684799347553716,0.9684799347553716,0.008579375997004972,0.008579375997004972,9.022940689247623,9.022940689247623
379.46852414758973,0.09623530892141277,0.09623530892141277,0.9640589561828872,0.9640589561828872,0.008500545375762612,0.008500545375762612,9.027440498441349,9.027440498441349
381.39911288755013,0.09579876793026762,0.09579876793026762,0.9596783244483066,0.9596783244483066,0.00842299319733387,0.00842299319733387,9.031898682354358,9.031898682354358
383.32970162751053,0.0953661861545986,0.0953661861545986,0.9553375214712004,0.9553375214712004,0.008346330391195707,0.008346330391195707,9.036316148137603,9.036316148137603
385.28554894673914,0.09493192743884446,0.09493192743884446,0.9509799757407656,0.9509799757407656,0.008269653386817172,0.008269653386817172,9.040750370872416,9.040750370872416
387.24139626596775,0.09450162480293021,0.09450162480293021,0.9466621767658525,0.9466621767658525,0.008194085073267484,0.008194085073267484,9.04514373816088,9.04514373816088
389.1972435851964,0.09407522554607949,0.09407522554607949,0.942383568529546,0.942383568529546,0.00811974591715965,0.00811974591715965,9.049496685553294,9.049496685553294
391.153090904425,0.09365267265055023,0.09365267265055023,0.9381436519603157,0.9381436519603157,0.008046245506996886,0.008046245506996886,9.053810102532685,9.053810102532685
393.13432972255765,0.09322850292569192,0.09322850292569192,0.9338875942732012,0.9338875942732012,0.007972728858637292,0.007972728858637292,9.058139676868159,9.058139676868159
395.11556854069033,0.09280817646778813,0.09280817646778813,0.9296701459318506,0.9296701459318506,0.007900272669203377,0.007900272669203377,9.062429581398943,9.062429581398943
397.09680735882296,0.0923916424178376,0.0923916424178376,0.9254907692805098,0.9254907692805098,0.007828998931213837,0.007828998931213837,9.066680231788274,9.066680231788274
399.0780461769556,0.0919788454658873,0.0919788454658873,0.9213489835653448,0.9213489835653448,0.007758515820956209,0.007758515820956209,9.070892500613695,9.070892500613695
401.0848055341992,0.09156448998136954,0.09156448998136954,0.9171916402158022,0.9171916402158022,0.007688014469128004,0.007688014469128004,9.075120345315066,9.075120345315066
403.0915648914428,0.0911538685438668,0.0911538685438668,0.9130718051548583,0.9130718051548583,0.007618527842849322,0.007618527842849322,9.079309667002288,9.079309667002288
405.09832424868637,0.09074693206998834,0.09074693206998834,0.9089889584098568,0.9089889584098568,0.007550179397964654,0.007550179397964654,9.083460862192174,9.083460862192174
407.10508360592996,0.09034362688902264,0.09034362688902264,0.9049426368824461,0.9049426368824461,0.007482575830848345,0.007482575830848345,9.087574787286702,9.087574787286702
409.13748831269834,0.08993881976008487,0.08993881976008487,0.9008813240736423,0.9008813240736423,0.007414952059132484,0.007414952059132484,9.091703723867221,9.091703723867221
411.1698930194667,0.08953764091816462,0.08953764091816462,0.8968564534960207,0.8968564534960207,0.007348299639887106,0.007348299639887106,9.095795246864089,9.095795246864089
413.2022977262351,0.0891400429922131,0.0891400429922131,0.8928675222104469,0.8928675222104469,0.00728274343301988,0.00728274343301988,9.09984973435653,9.09984973435653
415.23470243300346,0.08874597388464675,0.08874597388464675,0.8889140841395864,0.8889140841395864,0.0072178885906165596,0.0072178885906165596,9.103868027269792,9.103868027269792
417.2928726859966,0.08835045780061301,0.08835045780061301,0.8849462050035635,0.8849462050035635,0.007153011624417506,0.007153011624417506,9.107900783372013,9.107900783372013
419.35104293898974,0.08795846757549508,0.08795846757549508,0.8810137357389357,0.8810137357389357,0.007089064867851326,0.007089064867851326,9.111897199393209,9.111897199393209
421.4092131919829,0.08756995749010303,0.08756995749010303,0.877116189817784,0.877116189817784,0.00702617452873739,0.00702617452873739,9.115857635653473,9.115857635653473
423.467383444976,0.08718487695616141,0.08718487695616141,0.8732531375758936,0.8732531375758936,0.006963944153622269,0.006963944153622269,9.119782918270479,9.119782918270479
425.5514344214084,0.08679840289799677,0.08679840289799677,0.8693761792894502,0.8693761792894502,0.006901689782155824,0.006901689782155824,9.123722130928389,9.123722130928389
427.63548539784074,0.08641535547928178,0.08641535547928178,0.8655336309590638,0.8655336309590638,0.0068403265853368145,0.0068403265853368145,9.127626042455594,9.127626042455594
429.71953637427316,0.08603569057488258,0.08603569057488258,0.8617250218718253,0.8617250218718253,0.006779982065666921,0.006779982065666921,9.131494996062502,9.131494996062502
431.8035873507055,0.08565935904416808,0.08565935904416808,0.8579499381941746,0.8579499381941746,0.006720258105839314,0.006720258105839314,9.135329803699982,9.135329803699982
433.91362877010795,0.0852816860128418,0.0852816860128418,0.8541614692059604,0.8541614692059604,0.006660508326234323,0.006660508326234323,9.139178022467801,9.139178022467801
436.0236701895103,0.08490734349146191,0.08490734349146191,0.850406441496622,0.850406441496622,0.006601612678935904,0.006601612678935904,9.142991945824438,9.142991945824438
438.13371160891273,0.08453628889372841,0.08453628889372841,0.8466843995970431,0.8466843995970431,0.006543699910643776,0.006543699910643776,9.14677190049231,9.14677190049231
440.24375302831515,0.0841684744670132,0.0841684744670132,0.8429949449462016,0.8429949449462016,0.006486370184651458,0.006486370184651458,9.150518684869144,9.150518684869144
442.37988868917233,0.08379936922065001,0.08379936922065001,0.8392926122946203,0.8392926122946203,0.006429012866536722,0.006429012866536722,9.15427837483884,9.15427837483884
444.5160243500295,0.08343350133044629,0.08343350133044629,0.8356227823218133,0.8356227823218133,0.006372474522561924,0.006372474522561924,9.158004743155622,9.158004743155622
446.65216001088663,0.08307082969619944,0.08307082969619944,0.8319850142551548,0.8319850142551548,0.006316885095722954,0.006316885095722954,9.16169810064912,9.16169810064912
448.7882956717438,0.08271130789553433,0.08271130789553433,0.8283789242713562,0.8283789242713562,0.006261842976976784,0.006261842976976784,9.165359232751666,9.165359232751666
450.9506229562509,0.0823505446960994,0.0823505446960994,0.8247604510006185,0.8247604510006185,0.006206771546473228,0.006206771546473228,9.169032777452907,9.169032777452907
453.1129502407581,0.08199292856475923,0.08199292856475923,0.8211735707679699,0.8211735707679699,0.006152485713962772,0.006152485713962772,9.172673943518065,9.172673943518065
455.2752775252652,0.08163841983706811,0.08163841983706811,0.8176178569728687,0.8176178569728687,0.006099116573265984,0.006099116573265984,9.176283026453865,9.176283026453865
457.4376048097723,0.0812869733649164,0.0812869733649164,0.8140929400172707,0.8140929400172707,0.006046260692534193,0.006046260692534193,9.179860799290193,9.179860799290193
459.62621416188824,0.0809343337330046,0.0809343337330046,0.8105561226771192,0.8105561226771192,0.005993373834298427,0.005993373834298427,9.18345050348858,9.18345050348858
461.81482351400416,0.08058475364095549,0.08058475364095549,0.8070500166180061,0.8070500166180061,0.005941240883701675,0.005941240883701675,9.18700874249829,9.18700874249829
464.0034328661201,0.08023819481205072,0.08023819481205072,0.8035742089089789,0.8035742089089789,0.005889994042208045,0.005889994042208045,9.190535797048812,9.190535797048812
466.192042218236,0.07989461331809412,0.07989461331809412,0.8001283436861132,0.8001283436861132,0.005839228007030341,0.005839228007030341,9.194032428306853,9.194032428306853
468.40701659081,0.07954988579615135,0.07954988579615135,0.7966710499183762,0.7966710499183762,0.005788429383354653,0.005788429383354653,9.197540520698265,9.197540520698265
470.62199096338395,0.07920813294373395,0.07920813294373395,0.7932436125227774,0.7932436125227774,0.005738354572090004,0.005738354572090004,9.201018032905129,9.201018032905129
472.8369653359579,0.078869317826051,0.078869317826051,0.7898456317564325,0.7898456317564325,0.005689136841322602,0.005689136841322602,9.204465231402242,9.204465231402242
475.0519397085319,0.07853339768197971,0.07853339768197971,0.7864767650188603,0.7864767650188603,0.005640368971413401,0.005640368971413401,9.207882866009722,9.207882866009722
477.2933539835916,0.07819637760489538,0.07819637760489538,0.783096931220077,0.783096931220077,0.005591566957239192,0.005591566957239192,9.21131150182268,9.21131150182268
479.5347682586513,0.07786224988677379,0.07786224988677379,0.7797461247361084,0.7797461247361084,0.005543460169928062,0.005543460169928062,9.21471041509396,9.21471041509396
481.776182533711,0.0775309788911046,0.0775309788911046,0.7764239585506878,0.7764239585506878,0.005496182905205935,0.005496182905205935,9.218079858544103,9.218079858544103
484.0175968087707,0.07720252297238743,0.07720252297238743,0.7731301028756713,0.7731301028756713,0.005449325982781785,0.005449325982781785,9.221420571141543,9.221420571141543
486.2855171890094,0.07687301224548988,0.07687301224548988,0.7698257319359922,0.7698257319359922,0.0054024334157196634,0.0054024334157196634,9.224771834648285,9.224771834648285
488.55343756924816,0.07654631403233148,0.07654631403233148,0.7665495841463318,0.7665495841463318,0.005356208919107143,0.005356208919107143,9.228094206934557,9.228094206934557
490.8213579494869,0.07622239395311589,0.07622239395311589,0.7633012847747953,0.7633012847747953,0.005310787779254064,0.005310787779254064,9.231387927445947,9.231387927445947
493.08927832972563,0.07590121142778192,0.07590121142778192,0.7600805164131973,0.7600805164131973,0.005265758813437304,0.005265758813437304,9.234653724773361,9.234653724773361
495.3837617046139,0.07557901831146298,0.07557901831146298,0.7568496755236863,0.7568496755236863,0.00522069275782574,0.00522069275782574,9.237929631718483,9.237929631718483
497.6782450795021,0.07525956023812727,0.07525956023812727,0.7536462775891563,0.7536462775891563,0.005176268969442274,0.005176268969442274,9.241177453441397,9.241177453441397
499.97272845439034,0.07494280404513719,0.07494280404513719,0.750469959738211,0.750469959738211,0.0051326236899472775,0.0051326236899472775,9.244397416571838,9.244397416571838
502.2672118292786,0.07462871016883547,0.07462871016883547,0.7473204165281608,0.7473204165281608,0.005089343694342776,0.005089343694342776,9.247590239777491,9.247590239777491
504.5883051159569,0.07431364906962819,0.07431364906962819,0.7441612350546367,0.7441612350546367,0.0050460252185250565,0.0050460252185250565,9.250792739726833,9.250792739726833
506.90939840263525,0.07400124782969261,0.07400124782969261,0.7410287394231173,0.7410287394231173,0.005003324488286981,0.005003324488286981,9.253967936088591,9.253967936088591
509.23049168931357,0.07369147446594002,0.07369147446594002,0.7379225782164036,0.7379225782164036,0.004961378667131264,0.004961378667131264,9.25711604311646,9.25711604311646
511.5515849759919,0.07338429038311162,0.07338429038311162,0.7348424575599749,0.7348424575599749,0.004919772449809221,0.004919772449809221,9.260237769990209,9.260237769990209
513.8993244384193,0.07307618165062639,0.07307618165062639,0.7317531249773307,0.7317531249773307,0.004878126415800307,0.004878126415800307,9.263368748606862,9.263368748606862
516.2470639008466,0.07277065979666451,0.07277065979666451,0.7286897433520508,0.7286897433520508,0.004837074819739726,0.004837074819739726,9.266473181828202,9.266473181828202
518.594803363274,0.07246769398195986,0.07246769398195986,0.7256519723316338,0.7256519723316338,0.00479675571509916,0.00479675571509916,9.26955127195326,9.26955127195326
520.9425428257014,0.07216724653255834,0.07216724653255834,0.722639529228785,0.722639529228785,0.004756751680210329,0.004756751680210329,9.272603719090998,9.272603719090998
523.3169533739826,0.07186591626200438,0.07186591626200438,0.7196182931129529,0.7196182931129529,0.0047167065450220945,0.0047167065450220945,9.275665000342018,9.275665000342018
525.6913639222638,0.07156710201134842,0.07156710201134842,0.7166222944773769,0.7166222944773769,0.004677233690430688,0.004677233690430688,9.278700471832186,9.278700471832186
528.065774470545,0.071270774051245,0.071270774051245,0.7136512036608135,0.7136512036608135,0.00463847202955364,0.00463847202955364,9.281710324309627,9.281710324309627
530.4401850188262,0.07097689558274606,0.07097689558274606,0.7107047487979097,0.7107047487979097,0.004600001989892722,0.004600001989892722,9.284695249212191,9.284695249212191
532.8412794927333,0.07068217542256186,0.07068217542256186,0.7077499128706116,0.7077499128706116,0.0045614896178037545,0.0045614896178037545,9.287688597511579,9.287688597511579
535.2423739666405,0.07038990246808137,0.07038990246808137,0.7048196215651463,0.7048196215651463,0.004523528459092702,0.004523528459092702,9.290656849975754,9.290656849975754
537.6434684405476,0.0701000480677462,0.0701000480677462,0.7019135555534326,0.7019135555534326,0.004486258257670971,0.004486258257670971,9.29360018618889,9.29360018618889
540.0445629144547,0.06981257625199482,0.06981257625199482,0.6990314534417341,0.6990314534417341,0.004449257257520882,0.004449257257520882,9.296519289300738,9.296519289300738
542.472341354952,0.06952430321624495,0.06952430321624495,0.6961413756645042,0.6961413756645042,0.004412212742639416,0.004412212742639416,9.29944641159285,9.29944641159285
544.9001197954494,0.06923841054180511,0.06923841054180511,0.6932751695115716,0.6932751695115716,0.0043756994072784,0.0043756994072784,9.302349131081144,9.302349131081144
547.3278982359468,0.06895487062448548,0.06895487062448548,0.6904325256445769,0.6904325256445769,0.004339857798687989,0.004339857798687989,9.305227616556728,9.305227616556728
549.7556766764442,0.06867364827905459,0.06867364827905459,0.6876131928053578,0.6876131928053578,0.004304263946335518,0.004304263946335518,9.3080825432483,9.3080825432483
552.2101255899206,0.06839166456423289,0.06839166456423289,0.6847862835191402,0.6847862835191402,0.004268625444841771,0.004268625444841771,9.310945091036011,9.310945091036011
554.664574503397,0.06811199626447771,0.06811199626447771,0.6819825919929832,0.6819825919929832,0.00423349906877681,0.00423349906877681,9.313783908938234,9.313783908938234
557.1190234168736,0.06783461679421361,0.06783461679421361,0.6792018185487961,0.6792018185487961,0.004199026142601142,0.004199026142601142,9.316599155308596,9.316599155308596
559.57347233035,0.06755949170793181,0.06755949170793181,0.6764437217415772,0.6764437217415772,0.004164780451949616,0.004164780451949616,9.319391497806468,9.319391497806468
562.0545639513001,0.06728364451378765,0.06728364451378765,0.673678441847998,0.673678441847998,0.00413048902343866,0.00413048902343866,9.322191069128557,9.322191069128557
564.5356555722503,0.067010049617872,0.067010049617872,0.6709357442853808,0.6709357442853808,0.004096691595422766,0.004096691595422766,9.324967564119191,9.324967564119191
567.0167471932004,0.06673868142608609,0.06673868142608609,0.6682153387197938,0.6682153387197938,0.004063530244704845,0.004063530244704845,9.327721131035496,9.327721131035496
569.4978388141506,0.06646950618837018,0.06646950618837018,0.6655169932099785,0.6655169932099785,0.004030576485442071,0.004030576485442071,9.330452430304575,9.330452430304575
572.0055303718572,0.06619964754250311,0.06619964754250311,0.6628118523916604,0.6628118523916604,0.0039975759428397695,0.0039975759428397695,9.333190571665495,9.333190571665495
574.5132219295638,0.06593197984152223,0.06593197984152223,0.6601286762408736,0.6601286762408736,0.003965052157160318,0.003965052157160318,9.335906271601962,9.335906271601962
577.0209134872705,0.06566647845723815,0.06566647845723815,0.657467183464456,0.657467183464456,0.003933147933878364,0.003933147933878364,9.338599668601661,9.338599668601661
579.5286050449771,0.06540311029098668,0.06540311029098668,0.6548271513278576,0.6548271513278576,0.0039014324897056604,0.0039014324897056604,9.341271416182435,9.341271416182435
582.0628380417381,0.06513909687682687,0.06513909687682687,0.6521807063038801,0.6521807063038801,0.0038696692572460305,0.0038696692572460305,9.343949624438872,9.343949624438872
584.5970710384992,0.06487721475456697,0.06487721475456697,0.6495556254082168,0.6495556254082168,0.0038383663743485697,0.0038383663743485697,9.346606008217433,9.346606008217433
587.1313040352602,0.06461744023788672,0.06461744023788672,0.6469516360972032,0.6469516360972032,0.0038076673526259257,0.0038076673526259257,9.349240696550169,9.349240696550169
589.6655370320212,0.06435974083557028,0.06435974083557028,0.644368524557751,0.644368524557751,0.0037771390870691627,0.0037771390870691627,9.351854336355178,9.351854336355178
592.2262365397627,0.0641014338235493,0.0641014338235493,0.6417793773722377,0.6417793773722377,0.003746562065875243,0.003746562065875243,9.354474060561884,9.354474060561884
594.786936047504,0.06384520009036668,0.06384520009036668,0.6392110102859493,0.6392110102859493,0.003716429780435653,0.003716429780435653,9.357072559933613,9.357072559933613
597.3476355552455,0.06359101686901648,0.06359101686901648,0.6366631592249805,0.6366631592249805,0.003686886427046102,0.003686886427046102,9.35964995434797,9.35964995434797
599.9083350629869,0.06333885223177714,0.06333885223177714,0.6341356190236689,0.6341356190236689,0.003657496556419445,0.003657496556419445,9.362206884419908,9.362206884419908
599.9999999940001,0.06332989734728157,0.06332989734728157,0.6340458628144133,0.6340458628144133,0.003656453457012841,0.003656453457012841,9.36229768372857,9.36229768372857
600,0.06332989734728157,0.06332989734728157,0.6340458628144133,0.6340458628144133,0.003656453457012841,0.003656453457012841,9.36229768372857,9.36229768372857