Time,sp1,sp2,sp3,SpeciesR,SpeciesL_1,SpeciesR_1,sp4,sp5
0,0,0,0,100,1000,1000,0,0
20.04453274251418,0,0,0,95,875,874,0,0
40.05998513682718,0,0,0,88,883,880,0,0
60.06868571552391,0,0,0,87,874,885,0,0
80.04267930793856,0,0,0,92,884,868,0,0
100.07827768173262,0,0,0,87,894,890,0,0
120.11020714424608,0,0,0,93,872,894,0,0
140.09211634932134,0,0,0,93,867,883,0,0
160.10736038019695,0,0,0,94,873,876,0,0
180.1031617449221,0,0,0,89,892,896,0,0
200.1341485876547,0,0,0,91,892,890,0,0
220.17061852300824,0,0,0,88,892,877,0,0
240.1718423350014,0,0,0,84,889,890,0,0
260.1860169947509,0,0,0,87,888,885,0,0
280.19767131240786,0,0,0,90,871,869,0,0
300.3235674057388,0,0,0,89,885,892,0,0
320.3320163627166,0,0,0,90,887,883,0,0
340.3260180907001,0,0,0,86,883,880,0,0
360.33254652000664,0,0,0,86,880,888,0,0
380.3855310694149,0,0,0,86,893,875,0,0
400.4136043101664,0,0,0,88,885,883,0,0
420.3949578060367,0,0,0,88,878,892,0,0
440.407609657626,0,0,0,90,885,882,0,0
460.42525170461147,0,0,0,89,884,875,0,0
480.435728555056,0,0,0,83,873,902,0,0
500.47621106739535,0,0,0,88,885,891,0,0
520.4849593160432,1,0,0,89,893,890,0,0
540.4822318053828,1,0,0,91,898,868,0,0
560.4450527003168,1,0,0,89,875,887,0,0
580.5012101564203,1,0,0,89,895,877,0,0
600.5101055390026,1,0,0,87,880,866,0,0
620.5300054040963,1,0,0,91,863,864,0,0
640.5319929939269,2,0,0,84,875,890,0,0
660.530735736979,1,0,0,87,887,890,0,0
680.5510330163152,1,0,0,83,868,876,1,0
700.547880557104,2,0,0,86,874,882,1,0
720.5418346975795,3,0,0,84,878,879,1,0
740.552036498444,1,0,0,86,878,871,1,0
760.5806320664844,3,0,0,91,883,882,1,0
780.6066873568495,3,0,0,88,872,873,1,0
800.6191751313847,2,0,0,84,887,880,1,0
820.6325695399522,3,0,0,82,870,892,2,0
840.6258667699308,2,0,0,86,870,907,2,0
860.6380821841849,3,0,0,85,879,858,2,0
880.6611095398525,2,0,0,90,884,869,1,0
900.6952931853706,4,0,0,83,881,867,2,0
920.7114777994616,4,0,0,82,894,887,3,0
940.7777284425215,4,0,0,88,861,885,3,0
960.7602141857536,2,0,0,83,885,883,1,0
980.818963493426,3,0,0,85,885,889,4,0
1000.822273318504,4,0,0,85,873,890,5,0
1020.8458739297827,4,0,0,89,874,881,7,0
1040.8449465628996,4,0,0,88,888,878,5,0
1060.8307954217007,3,0,0,84,883,883,7,0
1080.8620161766294,5,0,0,90,861,889,8,0
1100.9271017426845,5,0,0,86,865,889,7,0
1120.9453752459583,5,0,0,84,865,888,7,0
1140.9606907324949,5,0,0,84,876,877,7,0
1160.9687116708485,4,0,0,82,876,882,8,0
1180.9685598515766,5,0,0,88,861,878,8,0
1200.8721312029036,5,0,0,83,866,883,9,0
1220.9895740295663,5,0,0,76,863,880,10,0
1241.0026517318902,6,0,0,84,890,877,11,0
1261.0171586596744,4,0,0,83,884,862,11,0
1281.0178168287039,4,0,0,83,887,875,13,0
1301.0473533942907,4,0,0,79,871,886,12,0
1321.0272712337414,3,0,0,80,880,884,12,0
1341.0368833593982,5,0,0,85,856,877,10,0
1361.0906183357067,5,0,0,85,859,898,14,0
1381.0881317887163,5,0,0,82,844,874,13,0
1401.1121608548547,4,0,0,79,872,883,14,0
1421.1084788051514,3,0,0,79,880,894,17,0
1441.145024915441,5,0,0,79,861,891,19,0
1461.1633008089332,3,0,0,86,861,874,18,0
1481.185816141306,7,0,0,79,868,887,18,0
1501.2038116407925,5,0,0,86,856,887,18,0
1521.2016599659028,5,0,0,82,858,893,16,0
1541.2114050568289,6,0,0,82,854,892,21,0
1561.2377432839055,3,0,0,81,858,867,20,0
1581.255819960759,5,0,0,84,865,894,24,0
1601.2648155403301,7,0,0,90,861,880,22,0
1621.2519595696742,6,0,0,85,865,879,23,0
1641.1780028191038,6,0,0,85,861,879,26,0
1661.3010963011018,7,0,0,80,862,880,27,0
1681.258153157634,6,0,0,85,852,887,26,0
1701.3099416750215,5,0,0,87,862,871,21,0
1721.3467254803477,6,0,0,85,852,883,27,0
1741.3724193855164,7,0,0,84,840,873,27,0
1761.3857990856693,7,0,0,84,878,893,28,0
1781.4012662243983,6,0,0,80,845,895,29,0
1801.4333805644872,6,0,0,78,876,878,31,0
1821.4824871775465,7,0,0,78,842,885,32,0
1841.4816394349587,6,0,0,80,851,872,28,0
1861.4622435587346,8,0,0,80,838,879,35,0
1881.5166426894823,8,0,0,82,832,898,32,0
1901.5159919453404,6,0,0,80,837,874,33,0
1921.5140343071782,6,1,0,83,858,865,33,0
1941.5607344975967,7,1,0,80,850,881,31,0
1961.57778263684,9,0,0,84,829,891,29,0
1981.57179527317,6,0,0,78,834,869,33,0
2001.5861302534163,7,1,0,79,840,890,32,0
2021.6000176945633,8,0,0,82,854,888,33,0
2041.5598871239408,8,0,0,85,853,883,31,0
2061.6121620706776,9,2,0,81,854,877,31,0
2081.6471996262694,7,3,0,80,856,894,33,0
2101.6743488469037,5,3,0,77,837,882,31,0
2121.692541178959,6,4,0,79,835,885,27,0
2141.6131525361448,8,4,0,80,841,885,34,0
2161.7177928714673,8,3,0,85,859,859,35,0
2181.7383824045496,10,3,0,79,841,882,35,1
2201.7064469161455,9,2,0,75,835,887,32,1
2221.7631769364025,7,4,0,82,842,886,33,1
2241.7617184820247,6,4,0,79,831,874,35,2
2261.757374865846,9,4,0,72,853,873,40,3
2281.807256266224,10,3,0,75,834,866,38,2
2301.8349903574267,8,4,0,81,831,871,40,3
2321.848164371994,8,3,0,82,836,872,41,3
2341.8569635959007,8,4,0,81,843,883,41,4
2361.9201047623433,8,4,0,82,847,869,45,4
2381.9506187986117,9,4,0,70,830,869,45,4
2401.958335076075,8,4,0,76,831,895,48,4
2421.9585196689222,10,4,0,78,835,878,47,5
2442.0242307841745,9,3,0,79,825,874,47,4
2462.047742193591,12,2,0,74,831,867,51,6
2482.0923793112943,10,3,0,76,830,868,52,5
2502.1023865691245,8,2,0,79,810,855,55,9
2522.18392231366,10,3,0,82,809,878,58,8
2542.194841546536,8,3,0,75,834,881,60,10
2562.1881975607293,9,1,0,75,824,880,61,9
2582.215035240344,9,4,0,76,820,893,57,8
2602.2230342215175,5,3,0,78,829,859,57,9
2622.203274200649,10,1,0,81,820,879,59,8
2642.2221871340034,11,4,0,76,801,875,59,7
2662.2578971054118,11,4,0,74,811,885,66,10
2682.281626033398,10,4,0,79,801,891,63,10
2702.329097915562,10,3,0,74,819,867,60,8
2722.2263057997693,11,5,0,77,815,857,64,10
2742.364032385826,13,4,0,75,819,858,61,9
2762.3755614211263,14,6,0,73,803,869,65,11
2782.3955501198457,12,5,0,79,815,866,64,15
2802.4294869864884,12,4,0,75,805,866,68,17
2822.4697605453493,13,5,0,80,814,840,69,17
2842.444942872885,10,5,0,75,813,870,73,17
2862.475493211374,10,4,0,75,827,846,71,15
2882.4894711888633,11,6,0,77,808,862,66,14
2902.4801760993723,11,6,0,71,808,865,70,13
2922.504783692978,13,5,0,75,798,880,69,17
2942.5203667278943,11,6,0,76,808,869,71,16
2962.548188027389,11,4,0,71,789,882,81,14
2982.565348051488,10,4,0,76,779,872,77,14
3002.562195330346,11,6,0,81,787,863,81,17
3022.593617348464,12,5,0,75,813,878,85,16
3042.613751281399,12,4,0,77,799,884,81,15
3062.6115703984233,12,5,0,70,799,885,85,19
3082.6215040038974,14,4,0,75,799,865,90,15
3102.6287329894244,11,5,0,75,793,869,91,19
3122.615553142061,14,5,0,75,805,855,91,19
3142.659061655893,12,6,0,76,796,858,93,19
3162.63179191352,13,7,0,73,766,852,89,19
3182.6938393204127,16,6,0,77,799,871,94,20
3202.683759841545,13,7,0,73,788,858,99,24
3222.6732382385935,15,6,0,77,785,866,94,23
3242.747837930192,14,8,0,74,767,873,95,26
3262.8170427830287,15,7,0,70,785,856,96,25
3282.848832576786,14,7,0,73,793,858,94,27
3302.817230498875,15,10,0,73,776,886,98,26
3322.8715235649393,11,9,0,72,774,842,100,25
3342.881931271549,15,8,0,70,769,860,100,28
3362.868550918179,11,10,0,72,777,858,98,26
3382.9139637349426,10,10,0,73,790,860,104,28
3402.895097211815,14,8,0,69,773,856,105,29
3422.93744643863,14,11,0,74,761,854,107,28
3442.954510614246,10,12,0,72,753,849,97,27
3462.944804567175,13,9,0,71,756,859,115,30
3483.056821006405,16,10,0,76,752,847,112,31
3503.0606545929363,14,10,0,65,760,854,113,32
3523.066998091172,15,9,1,63,755,848,118,31
3543.090124545184,12,10,1,75,748,840,118,32
3563.115422968891,14,8,1,70,743,848,116,32
3583.1646948175726,16,12,1,71,747,844,119,37
3603.1700231556397,14,10,1,74,745,831,118,40
3623.193999188852,16,11,1,73,763,817,117,37
3643.1800799333055,13,10,1,74,752,824,114,40
3663.2431842051524,15,12,1,72,750,831,118,36
3683.2612104416057,14,11,1,74,738,831,121,43
3703.2709051602565,16,10,1,69,742,825,126,44
3723.300720976829,16,11,1,64,753,846,121,42
3743.3762260867215,16,11,1,68,752,831,123,44
3763.3898968678973,14,12,1,62,743,836,121,48
3783.401491233231,14,12,1,69,743,845,122,47
3803.4159783787422,17,13,1,68,740,825,130,48
3823.4169770695394,17,14,1,76,731,828,124,45
3843.4169953337614,19,13,1,74,754,832,122,48
3863.4484754373734,14,11,1,72,743,835,135,48
3883.45894024551,16,14,1,67,718,840,128,49
3903.4621652086034,15,12,1,68,725,830,126,54
3923.456762562698,18,15,1,69,716,843,133,57
3943.4991751959315,18,13,1,73,757,835,139,53
3963.4878057311535,15,12,1,71,728,832,136,57
3983.518286016222,16,10,2,73,726,829,135,55
4003.5558236045645,18,14,2,70,729,820,130,54
4023.5391231502076,18,12,3,66,743,830,148,57
4043.5894685559997,21,10,4,64,716,825,148,49
4063.5443466323727,15,10,4,67,707,819,147,54
4083.591944215676,16,12,4,68,710,826,134,50
4103.569609855604,15,11,4,72,705,822,144,62
4123.58347077496,16,12,4,68,731,824,149,59
4143.616756585791,15,12,4,69,724,827,154,64
4163.6245494896575,20,15,4,69,723,814,143,67
4183.667981993233,19,14,4,66,731,811,150,67
4203.657657289374,22,15,4,70,714,791,159,62
4223.680983133972,21,13,4,66,721,826,154,67
4243.67174122669,20,16,4,69,703,800,149,72
4263.719764132303,15,17,4,71,719,792,155,74
4283.696651739666,16,16,5,69,718,810,151,78
4303.731755823855,19,16,5,72,712,794,161,78
4323.697928104366,18,16,5,66,697,816,159,73
4343.726772611815,16,19,5,71,700,802,154,76
4363.7744642886855,18,14,5,66,713,793,161,82
4383.784924537102,23,15,6,70,707,792,166,79
4403.774254146897,18,13,7,70,714,788,159,79
4423.817548578465,19,18,7,65,706,796,168,75
4443.822361906217,20,18,7,69,704,807,164,71
4463.843677681363,15,16,7,71,693,799,161,87
4483.904245098042,21,18,7,66,696,810,163,89
4503.932145256876,19,15,8,71,678,810,177,93
4523.991378786151,19,15,8,69,690,783,170,82
4543.984134996575,18,17,8,67,708,776,164,92
4563.987856954616,20,18,9,71,690,799,171,99
4584.00254268161,19,18,9,66,693,785,173,92
4604.0132415533735,21,17,9,69,685,771,169,92
4624.012730069921,23,19,9,64,691,769,179,98
4643.991228636399,21,18,9,67,693,760,173,98
4664.068358708616,21,21,9,59,692,772,177,101
4684.059937868133,22,18,11,59,678,760,178,103
4704.020828916341,22,23,11,64,689,773,185,97
4724.0837029464765,19,22,11,61,686,773,180,106
4744.155608553232,23,23,12,60,684,762,185,106
4764.2013082975245,23,20,12,60,670,778,167,115
4784.205290720125,23,27,14,66,676,762,188,115
4804.165023160072,18,23,14,62,678,753,195,106
4824.239219445434,17,25,14,59,664,761,186,109
4844.24703778229,20,28,14,65,673,760,172,112
4864.249436408037,22,31,14,62,650,759,188,117
4884.258124064237,23,29,14,62,663,739,184,115
4904.243528384702,23,29,15,61,670,759,186,119
4924.213480717588,19,30,17,60,645,748,194,116
4944.285183176866,23,33,17,61,655,749,185,114
4964.334763772699,21,32,18,65,664,736,189,120
4984.35712377527,21,36,18,61,663,751,192,121
5004.351102687134,24,31,18,61,666,734,197,127
5024.415365264876,20,27,18,59,651,727,197,132
5044.453298573562,24,33,19,67,646,724,195,141
5064.500614506694,22,30,19,64,661,736,195,134
5084.489839523845,20,26,19,59,633,731,202,134
5104.502359622956,24,35,21,64,655,713,198,142
5124.487249198672,20,29,21,62,646,726,204,139
5144.5349521902845,18,30,22,68,646,725,194,140
5164.523849581412,21,29,22,58,644,717,202,151
5184.543195969322,21,30,24,63,655,719,205,148
5204.553796532484,22,35,25,63,637,695,214,155
5224.554357295239,21,35,25,61,633,692,203,154
5244.573208134611,20,35,26,62,611,703,203,156
5264.574339172743,26,40,26,64,633,712,197,162
5284.5766023902615,25,38,26,64,625,692,204,161
5304.61828552554,26,37,26,60,640,682,201,169
5324.614057911019,24,34,26,63,643,687,208,158
5344.612515517635,24,40,27,61,651,677,206,158
5364.645571688825,25,37,27,64,635,683,214,176
5384.67041951782,21,34,27,62,616,667,211,177
5404.680499076008,28,37,27,60,626,679,217,180
5424.673847251274,27,36,27,60,633,672,230,185
5444.707839153992,23,40,29,60,622,661,218,181
5464.705952415306,20,34,31,61,623,679,216,181
5484.712278885178,21,37,32,62,595,671,234,190
5504.730092356336,23,41,32,63,613,660,224,192
5524.738253534568,26,38,32,63,610,661,218,184
5544.773337312423,25,38,35,68,606,655,229,204
5564.7730368953435,23,40,36,64,610,667,221,202
5584.771518432545,22,42,40,66,613,658,225,194
5604.768994426837,24,33,44,63,602,645,235,206
5624.781056412633,24,39,45,57,603,648,230,193
5644.853555410996,24,45,48,58,600,646,233,209
5664.8629017920875,20,42,47,62,600,646,229,195
5684.874575057099,23,42,49,59,593,632,239,203
5704.9066999608085,23,42,50,64,593,633,231,206
5724.887404402148,24,47,50,58,584,620,234,217
5744.957654686454,21,49,51,61,595,625,243,210
5764.998927001768,23,46,54,59,600,612,237,218
5785.018984139339,22,41,54,59,593,600,242,222
5805.023255390916,22,53,54,65,579,592,242,223
5825.033744758459,24,54,55,59,578,572,239,234
5844.957323868918,26,53,57,60,578,590,231,234
5865.060844270555,21,54,59,64,574,607,245,229
5885.062163867907,20,52,61,63,586,602,248,227
5905.050884509445,23,55,61,60,583,584,253,237
5925.056877898003,20,50,63,60,574,583,253,246
5945.048120599505,20,52,65,64,568,576,250,239
5965.079309546139,21,51,68,63,563,557,240,245
5985.101361892721,25,56,68,60,553,571,257,255
6005.086886857263,22,57,74,57,570,576,253,252
6025.109774281081,26,57,77,61,564,569,240,246
6045.132340878056,26,50,80,65,567,556,248,262
6065.113961925726,22,53,81,63,545,546,245,257
6085.1933961325885,28,65,82,62,554,553,252,255
6105.190832576078,29,64,85,58,563,556,265,257
6125.196575027653,26,61,87,60,552,547,277,272
6145.27726484712,25,64,90,57,556,524,264,274
6165.292273179301,25,64,92,58,541,534,266,276
6185.379287492525,24,66,92,57,538,546,256,272
6205.385689777712,28,67,92,62,546,531,267,289
6225.411988386486,26,69,96,61,550,516,260,276
6245.4164583205975,26,69,97,59,542,517,267,281
6265.4032225381125,22,75,101,62,535,502,268,297
6285.39753180476,24,75,108,59,521,511,272,290
6305.426320585431,27,76,110,56,528,497,262,289
6325.414010031347,27,68,112,57,540,497,271,291
6345.400549340577,27,68,115,59,542,482,272,290
6365.464393186252,30,75,117,60,554,490,273,296
6385.474385165695,27,67,121,60,532,475,267,293
6405.473033486291,26,80,123,58,530,479,264,301
6425.436294598035,27,78,126,61,529,486,258,295
6445.475209303857,26,76,129,60,524,461,270,315
6465.495688070746,22,78,130,58,537,470,271,311
6485.506149329831,31,74,134,61,533,445,269,318
6505.512820507842,25,78,135,61,506,447,265,324
6525.518938147456,21,77,137,64,506,441,276,311
6545.532663010248,25,71,143,61,511,435,287,311
6565.52054633084,23,82,149,58,521,421,299,318
6585.556576642555,28,88,152,56,507,427,275,319
6605.478800101711,24,85,157,62,507,427,286,317
6625.565644191426,26,86,159,61,503,427,279,334
6645.562158089562,20,82,161,58,503,420,286,316
6665.555605021733,23,85,166,57,503,411,279,327
6685.608958066986,24,90,171,59,518,390,288,327
6705.616987291499,25,89,176,58,513,407,283,328
6725.629497261334,26,79,180,57,500,397,272,322
6745.641639706736,21,84,183,57,502,395,301,312
6765.643497651471,25,85,186,59,494,393,291,317
6785.633579583637,23,78,187,60,490,379,283,322
6805.674138936082,27,88,190,56,499,392,286,327
6825.660891815359,23,85,198,59,488,385,289,315
6845.672863953404,22,99,206,57,494,389,290,330
6865.708398062823,29,94,211,61,494,368,293,327
6885.761799575215,25,96,216,60,481,373,280,319
6905.742812768379,24,99,220,58,489,370,288,318
6925.810492975274,28,97,225,61,490,365,292,319
6945.771560747594,26,93,229,63,485,368,291,324
6965.795419937247,23,102,235,55,483,352,292,318
6985.822398440601,30,101,241,58,487,344,282,331
7005.837275759368,24,100,245,56,478,333,288,323
7025.835242088323,24,106,250,55,484,336,282,321
7045.849235725304,28,91,253,61,479,336,288,323
7065.881184011195,30,106,261,63,457,315,286,318
7085.892863370957,27,111,265,58,471,318,288,341
7105.916371449044,25,104,270,58,462,315,281,330
7125.921049957625,22,113,275,60,470,317,297,322
7145.906145640516,27,104,276,61,462,317,300,330
7165.959087550894,20,102,282,61,471,307,316,334
7185.963302091415,25,104,290,61,463,310,299,319
7205.970646847438,28,96,294,60,458,298,312,315
7226.025954193665,28,116,300,63,458,293,308,316
7246.035854079664,25,109,308,60,458,280,303,321
7266.043752084349,29,101,317,61,474,291,295,307
7286.013387724696,25,108,320,63,473,284,307,310
7306.048294083699,27,115,325,58,462,288,304,307
7326.078517376645,29,113,324,51,454,273,297,306
7346.0919955329955,27,107,332,60,453,286,303,318
7366.136034339039,20,117,336,64,445,275,288,310
7386.146421179514,29,119,340,60,448,262,292,319
7406.09491139012,27,123,342,55,458,258,301,317
7426.179486082203,26,124,346,61,449,279,301,305
7446.19120785061,26,118,353,62,438,266,296,309
7466.208456949024,23,133,358,57,438,254,300,312
7486.181282988222,25,121,361,62,439,253,295,317
7506.227409724175,27,124,365,58,449,241,300,313
7526.194644152511,28,117,365,62,437,245,305,317
7546.272986970438,26,123,372,60,441,229,291,320
7566.272054767025,26,129,377,56,422,232,304,308
7586.315778465434,27,138,381,55,426,223,292,322
7606.317648205121,30,126,384,59,436,223,286,323
7626.340332804809,26,126,389,64,445,215,293,317
7646.280194808839,22,150,401,61,420,211,298,317
7666.386367887448,26,137,409,55,413,212,294,319
7686.378998490045,27,137,414,57,432,211,292,305
7706.35167362796,30,144,419,60,442,205,304,302
7726.392426396434,30,149,425,55,420,202,284,300
7746.412914130379,27,138,429,57,427,190,280,307
7766.435360838929,30,151,435,57,422,200,294,295
7786.459780882571,26,145,444,58,415,189,301,297
7806.465462991949,30,146,451,55,419,191,303,287
7826.49222964627,27,148,461,53,430,180,294,289
7846.516452088306,33,146,464,56,412,183,297,294
7866.574610693427,29,149,468,59,410,172,309,280
7886.6017021265925,27,152,477,53,417,165,293,279
7906.629802947094,27,155,487,55,425,170,304,281
7926.650414060857,28,157,495,58,422,171,307,283
7946.5983177798,29,156,501,54,413,159,293,284
7966.654380135932,29,152,508,52,408,164,297,279
7986.657200622141,25,167,509,60,404,159,301,286
8006.736635684138,25,153,518,61,412,147,299,272
8026.765540913527,25,161,523,57,412,143,303,274
8046.747397421957,30,160,527,53,413,144,303,276
8066.813520658067,29,157,530,55,406,146,303,271
8086.809695217852,29,164,536,56,412,132,296,268
8106.887672646505,30,165,545,60,395,129,295,277
8126.891787945319,31,171,554,58,413,129,300,268
8146.8675306006835,32,156,560,50,405,127,307,251
8166.912547845974,29,158,568,56,399,125,288,260
8186.917142963481,31,156,571,53,386,119,292,265
8206.987122090539,36,158,577,56,403,127,309,247
8227.016783427223,29,162,580,56,405,117,288,247
8247.078910583892,29,170,589,57,406,108,295,260
8267.076092938725,32,167,592,58,390,115,306,245
8287.049834959802,33,172,597,55,397,110,294,256
8307.103276632755,33,162,603,57,391,108,287,241
8327.127005186465,27,174,611,53,385,103,287,234
8347.128963102516,29,173,617,56,396,104,286,232
8367.124845063086,30,174,622,56,391,102,301,233
8387.11659966692,32,171,627,55,394,94,303,232
8407.20180130111,30,172,634,61,395,99,307,229
8427.161936036198,30,182,638,57,385,94,300,225
8447.213737022206,33,184,647,55,383,98,301,219
8467.236365055567,30,170,650,51,372,89,306,223
8487.24401410754,30,173,654,54,374,82,309,225
8507.282919685062,30,180,656,56,368,85,313,217
8527.282960173376,33,179,666,54,377,82,323,209
8547.324928168966,32,181,667,52,377,80,306,212
8567.330181290898,32,177,677,50,367,77,297,213
8587.358197682426,29,182,682,56,375,77,310,209
8607.302232152237,28,178,689,52,374,80,306,205
8627.336959448645,32,177,695,54,361,69,298,196
8647.340680324382,32,188,700,54,356,67,291,194
8667.348736636846,31,187,704,54,371,69,306,190
8687.372795925474,31,195,704,51,371,74,305,188
8707.387773114995,28,192,711,58,372,67,303,190
8727.395153105866,31,190,714,56,357,62,301,182
8747.407397692401,32,200,720,49,368,58,316,181
8767.407524269203,31,198,730,58,352,58,312,176
8787.457449446003,32,193,732,53,355,61,304,177
8807.490015775014,33,190,740,54,370,56,303,181
8827.5161642888,34,191,748,55,353,50,312,165
8847.503340203075,32,195,749,56,358,47,314,176
8867.5474368508,32,210,757,53,365,48,308,166
8887.595941691965,32,193,758,52,362,46,302,169
8907.614696757024,28,202,760,53,356,47,310,163
8927.751521508695,31,201,772,59,346,41,311,162
8947.742809489599,28,205,775,53,343,40,309,155
8967.776916256626,33,202,778,56,337,43,317,153
8987.765441048841,32,209,781,53,345,39,309,149
9007.826973723495,31,197,789,54,328,36,313,148
9027.835523125972,30,211,794,52,343,41,314,151
9047.872680220184,29,209,798,52,338,39,317,141
9067.867258019796,28,206,802,55,337,42,312,135
9087.92199154682,31,218,802,50,341,35,316,129
9107.918918052685,30,199,811,52,333,39,325,134
9127.979960592933,24,210,817,50,323,36,323,121
9147.988203730603,31,218,819,49,324,39,310,128
9167.99950875809,33,200,824,53,314,33,320,123
9188.038105568934,36,220,829,51,327,30,313,117
9208.070673509861,32,225,833,55,331,32,306,113
9228.070443568851,29,231,837,51,314,30,313,117
9248.137935717072,31,235,838,49,314,25,325,115
9268.122037809337,33,228,844,54,309,20,321,113
9288.11003787093,31,219,846,54,323,22,304,105
9308.189630821498,37,239,851,46,313,22,319,110
9328.162890138434,33,230,856,52,320,23,315,105
9348.210732544132,30,228,859,53,314,20,310,102
9368.207588587333,31,219,861,51,318,20,311,102
9388.21030464819,28,224,867,57,314,19,313,87
9408.23860358767,31,238,869,53,314,16,314,97
9428.273834987775,29,233,874,55,312,16,303,85
9448.342913450631,33,234,883,49,306,12,309,90
9468.34187368188,31,242,884,50,306,14,307,92
9488.34082536653,36,234,888,44,309,11,319,82
9508.329372413129,35,233,892,48,299,11,313,78
9528.341974905037,32,231,898,50,309,12,315,76
9548.41702610961,29,235,898,52,296,10,316,75
9568.367608587752,34,232,899,52,298,12,310,78
9588.427062787763,37,237,897,52,298,12,320,73
9608.437493960942,33,243,902,50,296,12,331,78
9628.478823371224,33,239,906,53,297,12,318,72
9648.474344652966,30,243,906,54,286,7,316,70
9668.493507922345,33,240,912,56,280,9,317,67
9688.537297211185,34,252,911,52,284,8,320,67
9708.586632080642,39,248,920,47,285,10,325,63
9728.666070991325,29,241,921,51,284,9,324,62
9748.630234567683,30,250,921,45,283,9,313,61
9768.706616124122,31,250,923,51,281,9,328,59
9788.70235071192,34,253,925,46,280,7,322,57
9808.743790021486,35,260,926,50,283,8,335,56
9828.73921821438,35,250,925,51,274,8,323,56
9848.729886553481,32,242,929,54,275,6,321,54
9868.87517409029,30,251,932,55,272,7,324,51
9888.865380962407,31,245,937,49,260,7,316,52
9908.901236836171,30,258,935,48,281,5,316,47
9928.917038897825,31,259,939,53,273,7,323,47
9948.868807678145,34,263,937,48,277,8,307,48
9968.905307460027,31,258,938,55,265,7,322,40
9988.931058909036,29,262,941,52,270,8,318,44
10008.963343293444,31,272,942,48,266,8,319,36
10028.949546967402,32,268,944,52,271,8,322,35
10048.894346136733,36,266,950,51,273,8,320,35
10068.985594694324,29,281,953,48,265,7,311,31
10088.971666499545,37,270,949,49,269,6,315,33
10109.06180632531,36,277,956,45,268,7,323,26
10129.066510744464,34,259,958,52,259,6,322,30
10149.120390996952,34,265,957,51,263,6,317,34
10169.132587623533,34,268,957,47,257,6,321,29
10189.144128438827,34,276,958,52,261,6,322,30
10209.159115734215,33,280,958,54,264,5,310,27
10229.171928318861,29,261,961,51,267,5,307,22
10249.174394837684,28,279,956,47,264,6,316,28
10269.217551957418,34,283,961,53,259,4,309,28
10289.227570901174,32,276,960,51,246,4,318,28
10309.218158195075,36,263,965,48,260,5,319,24
10329.331902962944,39,256,964,46,251,5,315,26
10349.2729802844,38,262,965,48,252,4,320,26
10369.323740193637,38,271,964,46,245,4,318,24
10389.389988967892,36,273,970,51,265,3,321,25
10409.384125347273,35,289,966,51,254,2,327,23
10429.452466393139,33,278,972,47,246,2,322,21
10449.452139408673,36,293,973,49,247,2,318,22
10469.451016583154,32,278,970,48,234,2,319,24
10489.518010199725,37,282,970,43,239,2,312,21
10509.506361192014,35,284,974,49,233,1,313,21
10529.551019834124,33,282,974,46,247,2,319,21
10549.56688683625,37,281,972,49,243,2,319,21
10569.600263458578,38,281,976,47,242,2,320,21
10589.597735751035,38,292,977,47,234,2,317,16
10609.626775991039,32,299,980,50,234,1,322,15
10629.643697943877,38,283,978,50,239,1,323,15
10649.630190915344,38,287,979,45,245,2,318,15
10669.587896583222,38,298,979,43,237,2,321,16
10689.638660786866,31,293,977,50,233,2,318,16
10709.721652993625,33,307,981,49,239,2,312,14
10729.70945218494,35,299,979,48,227,1,306,12
10749.772896755821,39,311,981,47,228,1,307,15
10769.790760329908,34,313,983,51,229,0,305,13
10789.842399352005,37,310,979,49,230,1,324,14
10809.848442469285,35,313,982,48,226,1,314,13
10829.821021451635,42,322,981,46,219,1,318,12
10849.852633961107,39,319,983,48,226,0,317,13
10869.954576667098,38,302,984,51,237,0,308,13
10889.952704325033,36,313,981,52,225,0,307,11
10909.97069475296,36,321,985,52,229,0,302,12
10929.995374289094,37,320,985,47,224,0,306,10
10950.03873822557,35,311,986,50,223,0,311,12
10970.022778063523,36,313,987,48,217,0,306,8
10990.103869241422,31,316,987,45,211,0,311,8
11010.129005714556,38,313,988,52,221,0,319,8
11030.111713261913,30,332,988,45,215,0,309,7
11050.135882429478,38,331,991,50,216,0,311,6
11070.197215309887,31,328,990,50,210,0,304,7
11090.24899270173,33,331,988,47,211,0,305,6
11110.252963268256,39,327,990,48,209,0,307,5
11130.304647901365,36,321,990,49,212,0,307,7
11150.28211680888,38,341,992,46,195,0,302,7
11170.337376674963,40,324,990,49,198,0,312,6
11190.341475692847,34,333,990,49,196,0,303,6
11210.366996664692,33,354,990,45,200,0,298,6
11230.377053245116,40,338,994,52,200,0,299,5
11250.397066902804,33,332,993,45,193,0,300,5
11270.358384561961,39,343,992,45,196,0,296,4
11290.37960533343,35,336,992,46,194,0,292,5
11310.482263251659,40,340,995,47,195,0,299,3
11330.467867456926,38,348,996,45,189,0,302,3
11350.344559987541,34,358,995,46,179,0,299,4
11370.47853034599,33,353,997,46,185,0,309,2
11390.492987112139,36,360,995,47,190,0,303,3
11410.528383526967,33,368,997,53,194,0,297,2
11430.57776534631,37,346,996,46,188,0,304,2
11450.647955754861,39,355,994,49,192,0,296,1
11470.67507583601,36,351,991,52,186,0,298,1
11490.67079490819,29,348,996,44,185,0,306,2
11510.690407193542,36,359,995,48,185,0,308,2
11530.61996963337,39,371,996,46,177,0,304,2
11550.705365055948,30,366,994,41,182,0,297,2
11570.754058427023,38,361,996,47,180,0,297,2
11590.760895303021,35,368,997,50,180,0,289,2
11610.737209735475,40,371,995,46,177,0,291,2
11630.770689790344,41,371,995,47,180,0,298,2
11650.834714036242,36,362,995,47,178,0,289,1
11670.834413836636,39,354,995,45,187,0,302,1
11690.836910541737,37,353,994,44,181,0,304,1
11710.85898073862,38,372,994,50,167,0,289,1
11730.883199940577,38,381,997,50,170,0,289,1
11750.836704188376,38,381,996,50,173,0,297,1
11770.86874605274,41,386,995,51,180,0,292,1
11790.8868426163,39,366,996,48,177,0,280,1
11810.893325822595,37,380,994,49,182,0,284,1
11830.942637315953,38,361,998,46,179,0,286,1
11850.946735196383,36,386,999,50,162,0,286,0
11870.920773299793,34,381,997,48,163,0,284,1
11890.974306417946,39,399,997,45,170,0,281,0
11911.009899867919,40,391,998,48,170,0,283,0
11931.059290077617,40,375,998,50,158,0,286,1
11951.021796971227,33,389,997,42,170,0,281,1
11971.045416990717,39,391,998,45,170,0,277,1
11991.074919463534,39,391,996,50,170,0,277,1
12011.092806855057,30,384,998,47,166,0,273,1
12031.126031960786,37,393,999,51,165,0,277,0
12051.116184733817,33,379,999,44,164,0,272,0
12071.127363473815,35,407,996,48,166,0,277,0
12091.16444709064,37,405,999,46,160,0,275,1
12111.17678104382,42,393,997,45,168,0,278,1
12131.301464796554,36,413,998,47,157,0,272,1
12151.297896976628,41,392,999,45,158,0,266,1
12171.270149359181,37,409,997,43,161,0,276,1
12191.234284044915,35,414,995,49,161,0,271,1
12211.32743203581,34,395,998,43,154,0,269,1
12231.327162609366,31,421,998,46,153,0,263,1
12251.384746395459,36,417,999,45,158,0,260,1
12271.386474551773,41,397,996,42,160,0,252,1
12291.401176794398,40,405,999,49,159,0,262,1
12311.392439731828,40,398,998,51,153,0,257,1
12331.446807803903,39,406,995,48,159,0,261,1
12351.434265963095,37,423,998,48,159,0,254,1
12371.478712878108,38,433,996,45,157,0,256,1
12391.538129366463,32,436,996,48,151,0,259,1
12411.539130481946,41,423,995,49,158,0,260,1
12431.529771474785,37,421,997,49,152,0,263,1
12451.580944729732,33,430,997,43,149,0,253,1
12471.630239127217,41,416,996,45,151,0,255,1
12491.627554694383,37,408,998,45,153,0,263,0
12511.62291154123,38,416,998,47,148,0,260,0
12531.58020743299,38,418,999,48,140,0,255,0
12551.674714200446,41,428,998,43,147,0,261,0
12571.732092933042,42,402,999,40,148,0,251,0
12591.728320552716,40,408,998,45,142,0,262,0
12611.767612839843,41,429,1000,43,151,0,260,0
12631.72685267401,34,457,997,40,151,0,256,0
12651.771902389903,39,411,997,43,152,0,256,0
12671.792976084183,35,421,1000,44,143,0,257,0
12691.80057517961,36,440,999,43,150,0,246,0
12711.827876802992,38,426,999,43,145,0,248,0
12731.817267523651,36,448,995,45,142,0,234,0
12751.850273451746,42,463,996,47,143,0,250,0
12771.925021963558,40,445,998,44,137,0,253,0
12791.937783522275,45,436,996,48,141,0,236,1
12811.941551790818,35,444,998,45,143,0,249,1
12831.917703677582,38,431,997,43,137,0,245,1
12851.980361052574,42,449,997,42,129,0,248,0
12871.995830350428,44,444,999,45,135,0,255,1
12892.012286188105,38,442,996,45,126,0,243,1
12912.084566125395,39,452,996,44,128,0,245,1
12932.104121334949,35,448,997,42,141,0,251,1
12952.107039938279,41,440,996,45,131,0,248,1
12972.1261882558,38,442,999,44,129,0,242,1
12992.128781124215,36,454,998,42,126,0,252,1
13012.183312754893,39,451,995,46,122,0,248,1
13032.184003316732,34,437,997,43,125,0,237,2
13052.157228501259,38,433,997,43,128,0,241,2
13072.20252824171,40,449,994,45,123,0,237,1
13092.19526419372,39,452,995,45,124,0,246,1
13112.204783308269,39,457,996,43,125,0,244,1
13132.191105188822,39,470,995,44,124,0,250,2
13152.27033531002,34,457,997,42,125,0,236,1
13172.27310937834,40,471,996,43,112,0,229,1
13192.289348841994,36,450,998,45,120,0,243,1
13212.322369289262,40,467,996,45,123,0,245,1
13232.37005732106,39,470,995,42,129,0,234,0
13252.404919031544,38,476,997,45,116,0,239,0
13272.446577681934,43,479,999,45,113,0,236,0
13292.452610151833,39,470,996,43,110,0,231,0
13312.45840965719,29,487,997,47,119,0,236,0
13332.469549542646,37,465,997,41,114,0,234,0
13352.478821378583,42,468,995,42,112,0,228,1
13372.501276439709,45,484,996,45,117,0,228,1
13392.580463464928,43,468,996,45,115,0,233,1
13412.54726088495,43,490,996,45,109,0,225,1
13432.575572774898,36,478,993,46,113,0,234,1
13452.54902077436,43,481,996,47,109,0,227,0
13472.60588100945,42,467,995,45,114,0,214,0
13492.62577753546,41,466,997,44,109,0,226,0
13512.664361147099,41,487,996,45,113,0,209,0
13532.69789738806,42,493,1000,43,111,0,233,0
13552.700625129395,41,496,996,45,115,0,218,0
13572.702582835416,38,502,998,42,110,0,221,0
13592.73279806998,41,487,999,42,109,0,225,0
13612.742046885098,45,505,997,41,110,0,217,0
13632.818155451912,43,501,996,38,116,0,210,0
13652.817128193437,42,503,993,39,112,0,210,1
13672.832218030646,40,477,997,43,113,0,216,1
13692.844365447689,44,486,997,41,111,0,216,1
13712.828070790296,40,497,994,42,110,0,220,1
13732.76563717912,40,496,996,38,112,0,216,0
13752.887113006294,37,501,995,39,106,0,214,0
13772.908760781616,46,507,1000,45,104,0,222,0
13792.936782789675,42,508,997,35,106,0,214,0
13812.9043796123,43,487,998,43,106,0,215,0
13832.947329867093,43,502,998,40,97,0,213,0
13852.94923724398,41,496,999,46,107,0,213,0
13872.971002316808,44,490,999,42,107,0,206,0
13892.985675306376,44,500,998,43,109,0,203,0
13912.996356135845,45,522,994,40,102,0,209,0
13933.065515920964,43,496,998,41,101,0,215,0
13953.08974655418,42,496,996,43,99,0,218,0
13973.119851074624,40,492,999,39,102,0,203,0
13993.142872507324,42,515,999,38,104,0,208,0
14013.129492294564,42,531,996,43,110,0,214,0
14033.140413510444,45,513,996,37,100,0,213,0
14053.184116956905,44,521,999,43,110,0,201,0
14073.214701216517,42,498,1000,43,111,0,201,0
14093.184429089622,41,513,1000,41,96,0,205,0
14113.248068970139,44,518,998,42,95,0,198,0
14133.20777608258,41,511,998,39,101,0,203,0
14153.220786214113,40,520,997,45,111,0,196,0
14173.250131112654,35,524,997,41,102,0,185,0
14193.306144752436,38,522,997,40,102,0,188,0
14213.310961264824,46,502,999,39,101,0,189,0
14233.294787963147,39,522,999,41,100,0,194,0
14253.293160972036,41,537,998,40,96,0,198,0
14273.367467827386,39,532,996,38,97,0,192,0
14293.372986915234,39,520,996,42,100,0,205,0
14313.380901616218,43,527,995,40,96,0,193,0
14333.374871004042,43,533,997,41,97,0,196,0
14353.441145775714,36,515,998,42,95,0,188,0
14373.434791749514,37,516,998,42,102,0,194,0
14393.447103789525,43,533,996,41,91,0,194,0
14413.39929333903,45,526,999,40,96,0,200,0
14433.458423082202,36,537,998,44,100,0,195,0
14453.482019883848,44,524,998,40,89,0,189,0
14473.460869356273,46,531,999,40,91,0,185,0
14493.508873584138,41,530,998,36,88,0,199,0
14513.580892164475,41,531,999,43,92,0,203,0
14533.585066154883,38,528,995,42,92,0,195,0
14553.594717987306,46,538,998,41,86,0,198,0
14573.593550082203,43,543,997,43,90,0,192,0
14593.586660211882,42,524,997,34,87,0,190,0
14613.61961808431,42,535,998,39,80,0,191,0
14633.574175241236,43,506,998,42,86,0,187,0
14653.67242609523,41,537,1000,39,90,0,175,0
14673.716590709966,45,549,996,41,81,0,183,0
14693.739813949063,48,530,995,40,78,0,186,0
14713.754424394094,42,555,997,38,85,0,184,0
14733.762053865205,40,542,996,40,79,0,188,0
14753.796646155854,46,560,997,39,83,0,180,0
14773.886737800158,48,564,999,41,80,0,183,0
14793.893994251779,44,565,998,37,79,0,185,0
14813.872386147972,37,567,998,38,79,0,187,0
14833.919482742738,41,563,995,40,80,0,184,0
14853.933039793394,48,560,999,36,81,0,169,0
14873.942511171108,47,574,998,31,80,0,179,0
14893.946062274907,46,568,999,40,77,0,184,0
14913.941798975198,46,555,999,41,75,0,176,0
14933.98032906118,46,547,998,41,75,0,180,0
14953.98189954653,43,553,997,39,78,0,182,0
14973.974590308959,46,557,998,33,76,0,182,0
14994.009370925674,46,569,998,38,78,0,175,0
15014.057694589925,41,565,997,39,75,0,182,0
15034.195998747962,47,565,996,37,74,0,175,0
15054.19447173351,42,567,1000,37,78,0,169,0
15074.265574896515,45,561,997,38,78,0,166,0
15094.283063190587,43,569,997,39,79,0,169,0
15114.283499466483,33,544,999,38,76,0,177,0
15134.285886616242,42,572,996,36,70,0,174,0
15154.347399669949,39,570,996,34,72,0,174,0
15174.353912197379,44,567,999,37,71,0,185,0
15194.33708475413,44,573,999,36,68,0,171,0
15214.393521559286,46,572,998,35,68,0,167,0
15234.458587343905,50,579,998,33,71,0,171,0
15254.46576302429,47,573,997,35,69,0,160,0
15274.588084409432,48,585,996,35,70,0,168,0
15294.558459325075,49,584,997,32,70,0,166,0
15314.56186746744,50,560,998,35,70,0,166,0
15334.628162079098,47,599,999,31,66,0,158,0
15354.6827662586,52,571,999,32,67,0,168,0
15374.695162337786,48,576,996,35,68,0,158,0
15394.69419781206,49,573,998,34,66,0,163,0
15414.75668320412,42,577,997,33,63,0,157,0
15434.785091476717,46,588,998,34,69,0,153,0
15454.797529673418,48,604,998,31,71,0,164,0
15474.788029317018,49,596,996,30,69,0,166,0
15494.808800097893,51,585,997,34,69,0,161,0
15514.81097048328,48,591,998,34,67,0,154,0
15534.871670896853,50,596,1000,36,59,0,160,0
15554.920467526636,49,593,998,28,60,0,156,0
15574.99481950945,46,602,998,33,63,0,160,0
15594.965373888603,49,594,993,34,62,0,140,0
15615.07603477295,53,601,998,35,61,0,157,0
15635.113270481752,52,587,997,33,61,0,158,0
15655.039950826795,44,615,996,38,59,0,156,0
15675.111132014157,48,601,997,34,60,0,159,0
15695.144307593264,49,604,998,36,57,0,153,0
15715.150179803575,48,594,998,35,58,0,150,0
15735.150641575925,53,576,999,36,56,0,161,0
15755.171722534762,47,600,999,35,53,0,150,0
15775.22365839437,46,601,999,33,59,0,158,0
15795.217919358562,50,607,997,33,57,0,154,0
15815.246148727094,46,616,998,32,59,0,149,0
15835.240676159143,45,625,996,34,56,0,151,0
15855.256155794228,43,612,997,35,59,0,147,0
15875.218720336294,48,602,998,35,58,0,149,0
15895.28738369688,48,608,995,36,57,0,145,0
15915.293553833873,49,616,996,37,52,0,143,0
15935.370179530915,49,617,997,34,56,0,148,0
15955.361317112645,52,609,1000,35,58,0,136,0
15975.413011538381,46,626,997,36,55,0,136,0
15995.432217041913,50,627,994,36,56,0,135,0
16015.437356698567,47,621,1000,33,54,0,134,0
16035.437228630137,50,610,997,35,55,0,135,0
16055.464390320449,49,619,998,34,51,0,139,0
16075.556219246282,46,626,997,35,50,0,133,0
16095.564225379105,52,631,997,35,53,0,136,0
16115.561478728448,39,627,999,34,54,0,134,0
16135.579307548684,44,635,999,35,46,0,133,0
16155.581192800817,49,634,998,37,55,0,139,0
16175.602682275437,47,610,995,35,53,0,130,0
16195.63542372422,47,612,997,33,50,0,128,0
16215.641025521005,54,603,996,31,50,0,133,0
16235.671083269177,44,626,994,31,53,0,133,0
16255.645750464271,50,623,997,34,47,0,130,0
16275.682975492588,48,629,997,36,51,0,126,0
16295.710348014696,53,643,999,37,51,0,131,0
16315.721359266472,49,645,999,31,52,0,131,0
16335.747244511844,49,628,999,32,45,0,128,0
16355.75883941715,50,638,999,32,46,0,125,0
16375.758094574245,48,627,998,36,47,0,131,0
16395.819116615552,38,629,998,30,47,0,127,0
16415.832374083388,45,642,997,32,49,0,121,0
16435.79505201748,50,634,998,36,42,0,130,0
16455.881060707525,45,636,997,33,44,0,122,1
16475.909329281552,48,617,998,33,46,0,117,1
16496.03795271024,49,630,996,36,46,0,126,0
16516.091953486266,51,634,994,35,43,0,126,0
16536.107187313184,47,638,997,33,47,0,127,0
16556.097958890914,51,652,999,33,45,0,127,0
16576.125965519637,49,630,998,32,47,0,129,0
16596.16562070866,53,663,998,31,37,0,115,0
16616.164352071384,55,633,997,33,42,0,120,0
16636.182509483024,51,629,996,30,42,0,122,0
16656.183850805945,50,651,999,29,38,0,126,0
16676.24448298112,54,634,999,31,41,0,120,0
16696.24364641157,48,628,999,30,39,0,127,0
16716.23980251428,55,653,996,32,41,0,128,0
16736.26820485493,55,632,999,31,40,0,122,0
16756.29162846241,55,641,998,33,40,0,130,0
16776.274393757634,45,650,998,33,37,0,124,0
16796.2836454948,57,646,996,33,41,0,123,0
16816.278552299515,46,658,998,32,41,0,124,0
16836.29614527215,53,635,995,30,41,0,126,0
16856.33136105105,45,649,996,29,39,0,129,0
16876.28748268283,50,636,998,33,38,0,121,0
16896.3779455839,46,646,998,33,41,0,123,0
16916.40018980074,51,641,1000,35,37,0,122,0
16936.444825971193,53,670,998,30,39,0,116,0
16956.474555803008,47,654,996,33,36,0,124,0
16976.510166887514,51,654,998,34,38,0,120,0
16996.544152523584,51,656,999,34,35,0,112,0
17016.548592950712,57,655,999,32,37,0,111,0
17036.560636488575,47,629,999,32,36,0,116,0
17056.583844070447,48,646,998,30,33,0,121,0
17076.575597050887,49,644,998,30,31,0,116,0
17096.583187679884,45,647,999,28,30,0,125,0
17116.622052973707,50,657,997,32,32,0,119,0
17136.635315201922,55,672,999,28,34,0,116,0
17156.631184508202,55,666,997,25,32,0,120,0
17176.625845707553,52,658,994,30,33,0,122,0
17196.63885081491,50,664,997,29,32,0,122,0
17216.63360147323,55,650,993,31,30,0,117,0
17236.683518601003,52,645,996,24,31,0,116,0
17256.691100041637,50,661,995,29,29,0,110,0
17276.740903474765,52,644,996,27,31,0,117,0
17296.73663403421,53,645,996,27,32,0,115,0
17316.834791766392,52,655,996,26,30,0,121,0
17336.867979488623,58,676,999,30,31,0,116,0
17356.86795286323,57,650,995,26,30,0,106,0
17376.873413099253,55,660,1000,32,30,0,119,0
17396.89258793014,47,664,997,33,29,0,108,0
17416.9353463838,58,675,997,28,29,0,113,0
17436.985261716767,49,667,998,31,31,0,114,0
17456.99036341337,53,664,995,27,27,0,115,0
17477.000981813515,53,655,998,29,29,0,110,0
17497.006958032307,54,647,998,29,25,0,116,0
17517.026218038507,44,661,997,30,24,0,112,0
17536.99637289145,52,670,998,25,26,0,109,0
17557.033062891293,53,691,999,26,26,0,106,0
17576.993940657172,46,657,999,26,23,0,108,0
17597.07929687471,54,666,996,28,24,0,108,0
17617.110061440202,59,669,997,29,27,0,110,0
17637.125954926472,56,655,997,29,27,0,105,0
17657.06923548715,53,678,995,28,27,0,106,0
17677.133988774116,57,689,999,26,26,0,108,0
17697.13549710515,56,670,995,26,24,0,110,0
17717.095623573576,58,674,998,25,25,0,105,1
17737.167540078797,54,690,996,29,27,0,109,1
17757.19546707093,52,663,998,29,26,0,107,1
17777.206040073994,53,677,999,27,29,0,106,0
17797.21588277916,51,707,998,30,27,0,101,0
17817.205334230508,54,679,995,30,22,0,98,0
17837.240109745973,59,679,999,31,22,0,96,0
17857.309440298934,52,661,998,28,25,0,103,0
17877.34462761042,57,654,995,25,26,0,104,0
17897.332649074233,56,719,996,25,24,0,102,0
17917.377203337557,53,681,998,27,21,0,103,0
17937.41095043641,51,680,998,29,23,0,100,0
17957.399014020917,51,662,997,30,23,0,96,0
17977.469015971554,51,644,997,26,27,0,100,0
17997.464508700446,53,697,996,28,26,0,102,0
18017.477094885784,54,671,998,26,25,0,97,0
18037.532844764264,56,657,995,29,23,0,105,0
18057.529977532882,60,693,994,28,23,0,107,0
18077.54763576932,53,673,999,29,22,0,100,0
18097.560290093825,53,671,996,30,23,0,101,1
18117.538598414798,51,676,997,28,21,0,100,1
18137.574563306935,52,668,998,29,21,0,99,1
18157.579417753557,58,689,996,29,21,0,98,1
18177.59608950197,51,673,998,28,20,0,96,1
18197.680873758498,60,661,995,29,20,0,101,1
18217.710649020784,50,671,995,27,22,0,100,1
18237.730220212346,53,674,999,29,19,0,90,0
18257.728891701743,53,665,998,26,19,0,95,0
18277.737347488117,60,681,995,29,19,0,97,0
18297.74051495886,55,683,995,27,20,0,99,0
18317.799881904073,50,682,998,27,20,0,98,0
18337.80664879755,48,689,999,27,21,0,99,0
18357.86013183834,51,717,998,26,22,0,83,0
18377.8329764496,60,672,997,31,21,0,95,0
18397.882798867813,47,679,999,28,21,0,93,0
18417.887634033923,55,692,994,28,19,0,92,0
18437.899446390722,53,675,999,26,18,0,91,0
18457.848884226012,58,678,998,29,19,0,95,0
18477.924174492542,57,711,997,29,19,0,93,0
18497.913371985298,51,693,997,28,20,0,94,0
18517.9412007966,50,681,995,29,20,0,89,0
18537.87959466628,58,711,999,26,15,0,82,0
18557.95863977309,57,708,999,26,18,0,91,0
18578.009981795745,59,708,998,29,18,0,93,0
18598.004944559932,55,687,999,28,18,0,94,0
18617.997115287555,56,685,998,28,21,0,86,0
18638.019409027595,59,714,998,26,21,0,89,0
18658.019805016454,59,686,996,28,19,0,87,0
18678.007371607284,60,692,998,22,16,0,89,0
18697.965133740352,47,669,998,28,18,0,85,0
18718.01565513458,55,687,998,26,19,0,87,0
18738.044167031396,58,700,998,25,19,0,87,0
18758.062157480363,54,696,996,28,18,0,86,0
18778.061444471263,55,724,998,24,17,0,74,0
18798.045008272973,55,705,996,27,17,0,90,0
18818.064098799285,53,698,998,26,16,0,78,0
18838.062162011985,54,665,996,27,21,0,80,0
18858.080411359406,53,703,1000,23,19,0,78,0
18878.12856868093,53,672,997,25,19,0,78,0
18898.155063404134,56,707,998,25,19,0,82,0
18918.12588586952,58,686,997,28,16,0,80,0
18938.172133117147,55,693,998,24,19,0,78,0
18958.17536584869,50,704,995,26,16,0,77,0
18978.21770079863,60,684,999,26,19,0,81,0
18998.219234841705,54,702,999,28,16,0,82,0
19018.25635495346,54,680,999,24,19,0,78,0
19038.313917867916,57,702,998,23,17,0,77,0
19058.306596757782,51,689,998,25,15,0,78,0
19078.288130224922,59,703,998,23,14,0,80,0
19098.345174237835,60,707,996,26,15,0,75,0
19118.35946655248,55,690,998,26,16,0,72,0
19138.36235874595,53,716,999,22,17,0,71,0
19158.394744412726,53,710,996,26,17,0,69,0
19178.42801559155,60,686,997,24,17,0,72,0
19198.46400806829,56,692,999,25,14,0,77,0
19218.416786723148,51,720,996,25,13,0,71,0
19238.484254195613,50,703,999,24,15,0,76,0
19258.50917147437,55,724,999,24,16,0,76,0
19278.527301012302,59,702,995,26,15,0,73,0
19298.535886493177,56,705,997,24,16,0,73,0
19318.5544417525,58,700,997,26,16,0,70,0
19338.570888140614,57,728,998,22,16,0,73,0
19358.5773196207,59,709,996,25,12,0,71,0
19378.571038658516,60,714,996,26,15,0,72,0
19398.620787026815,56,721,995,25,16,0,69,0
19418.642823353322,53,699,999,27,14,0,70,0
19438.649675578134,55,715,998,28,16,0,69,0
19458.647237293742,55,719,994,25,16,0,69,0
19478.66181139275,55,732,997,25,17,0,67,0
19498.697510866492,59,696,996,22,16,0,66,0
19518.698986992476,53,713,997,24,15,0,62,0
19538.727728469403,57,719,993,24,13,0,65,0
19558.7290136955,57,708,996,26,16,0,62,0
19578.750285557297,53,721,998,24,13,0,65,0
19598.75292275373,55,731,997,26,14,0,66,1
19618.754586003393,53,699,998,26,13,0,62,0
19638.754427846216,56,706,998,27,13,0,67,1
19658.8059086854,66,714,996,26,13,0,62,1
19678.802045414945,58,745,995,25,15,0,61,1
19698.811326998293,55,712,997,25,15,0,64,1
19718.80781059422,53,726,994,25,15,0,61,1
19738.836076158383,51,723,995,28,16,0,63,1
19758.88486292395,57,731,996,26,13,0,63,0
19778.874175723944,56,738,996,24,12,0,62,1
19798.909528100965,58,725,998,23,13,0,59,1
19818.91406189819,56,731,997,23,13,0,56,1
19838.962190470662,63,721,995,22,14,0,51,1
19858.987423265695,56,712,995,24,11,0,61,1
19879.047158876874,54,729,999,24,14,0,55,1
19898.978934569022,56,727,997,26,14,0,54,1
19919.070078358447,51,712,998,23,14,0,55,1
19939.081865312444,51,705,996,25,16,0,60,1
19959.052713879923,60,749,997,24,15,0,55,0
19979.10200457506,55,728,997,22,15,0,52,0
19999.13141578247,56,734,998,24,15,0,57,0
19999.986261422215,57,727,997,24,13,0,57,0
19999.99999999986,57,727,997,24,13,0,57,0