Time [c = 5000],sp26,sp26 (low),sp26 (high)
0,0,0,0
4.466557904166468,5.758125202999549e-12,-0.000002399603627372027,0.0000023996151436224327
9.475720340037816,1.2536766335734043e-10,-0.000011196644851539294,0.000011196895586866008
14.76543962730892,6.202362437800006e-10,-0.000024903922389456206,0.000024905162861943766
19.6610049904979,1.5762153162490966e-9,-0.00003970000201231397,0.000039703154442946465
25.89952991320044,3.600067884101106e-9,-0.000059996965522288605,0.00006000416565805681
33.193871899702195,7.1717674878905754e-9,-0.0000846791165940664,0.00008469346012904218
39.573001604502494,1.1381458103692417e-8,-0.00010667253473433286,0.00010669529765054025
45.9521313093028,1.6603220198370468e-8,-0.0001288368791646543,0.00012887008560505107
51.12293938696481,2.1588474878044885e-8,-0.0001469085800133621,0.0001469517569631182
58.18082810716148,2.9461146585110046e-8,-0.00017161303276780338,0.0001716719550609736
63.84207003476548,3.667608737148049e-8,-0.00019147333938530586,0.0001915466915600488
69.09126818200401,4.408307647730685e-8,-0.00020991561432754643,0.00021000378048050103
75.25577979545292,5.3660443565655925e-8,-0.00023159357283629185,0.00023170089372342317
82.43430330906108,6.600948716446799e-8,-0.00025685709731176784,0.0002569891162860968
87.96179254087197,7.639359477415398e-8,-0.0002763175081797995,0.00027647029536934776
95.6638684077655,9.21400542056978e-8,-0.0003034536484455002,0.0003036379285539116
102.58154349404158,1.0754087674130437e-7,-0.0003278266982265646,0.0003280417799800472
108.51957499990546,1.2171344660482846e-7,-0.0003487528081090189,0.0003489962350022285
114.12725600775991,1.3590718753276365e-7,-0.0003685199880074309,0.0003687918023824965
120.37586631187091,1.5264816412993934e-7,-0.00039054946448497936,0.0003908547608132393
127.31276216066547,1.7237441723977664e-7,-0.00041500757154214413,0.0004153523203766237
132.42778725526895,1.8768771028894275e-7,-0.0004330416684767845,0.00043341704389736243
139.76309173918287,2.107914226914491e-7,-0.0004589094305872144,0.00045933101343259726
146.58596203429977,2.334831440736461e-7,-0.0004829673959520508,0.00048343436224019816
152.72119710981394,2.5487915371546884e-7,-0.000504600633594324,0.0005051103919017549
158.59727158773688,2.7625299385999843e-7,-0.0005253214235081217,0.0005258739294958418
164.92184981291635,3.002212123567251e-7,-0.0005476241551608329,0.0005482245975855464
171.71847866708808,3.270900337196474e-7,-0.0005715906721766853,0.0005722448522441246
179.0107050319878,3.571980466757352e-7,-0.000597303172971255,0.0005980175690646065
186.00525663790785,3.873234403968814e-7,-0.0006219657036892492,0.0006227403505700429
192.52064303964195,4.164846388243188e-7,-0.0006449395917754792,0.0006457725610531279
198.72991505278242,4.4525809046358887e-7,-0.0006668312155011218,0.000667721731682049
204.80612349292142,4.7434556795189475e-7,-0.000688252990137679,0.0006892016812735829
211.34916547636482,5.06697470844406e-7,-0.0007113199767287665,0.0007123333716704553
218.23024547888926,5.418730953738253e-7,-0.0007355782269884193,0.000736661973179167
225.2210670981812,5.788171567185523e-7,-0.000760221302249983,0.0007613789365634202
232.09333393192716,6.163203213683091e-7,-0.0007844441496537608,0.0007856767902964974
238.46746471512694,6.521580280002392e-7,-0.000806910596617201,0.0008082149126732016
244.74059143179693,6.884174198217119e-7,-0.0008290205351070074,0.0008303973699466508
251.07032995424717,7.259962370528658e-7,-0.0008513278224753155,0.0008527798149494212
257.61429615478767,7.658958104175452e-7,-0.0008743885041791802,0.0008759202958000152
264.5069791391138,8.090753834549743e-7,-0.0008986767382078425,0.0009002948889747524
271.3283325144281,8.529746541133525e-7,-0.0009227129009322423,0.000924418850240469
277.99936081197274,8.970253598696418e-7,-0.000946216777313888,0.0009480108280336272
284.4410685629898,9.406127513074575e-7,-0.00096891085348211,0.0009707920789847248
290.7690987853773,9.844377798079345e-7,-0.0009912034530403695,0.0009931723285999854
297.2436230844808,0.000001030310172755328,-0.0010140111230782602,0.0010160717434237708
303.8717665558675,0.000001078350787477713,-0.0010373577929581512,0.0010395144945331066
310.66065429510445,0.0000011286892375006682,-0.0010612685827663733,0.0010635259612413745
317.3851252399326,0.000001179681428438144,-0.0010849510827016786,0.001087310445558555
323.951630096502,0.000001230563247885523,-0.0011080763075500988,0.0011105374340458698
330.4109858583795,0.000001281659779356978,-0.0011308217527696857,0.0011333850723283996
336.81400951913196,0.0000013333348540924911,-0.0011533670922310706,0.0011560337619392555
343.36651164888843,0.0000013872728841651466,-0.0011764373998235734,0.0011792119455919037
350.0305363772663,0.0000014432256197247308,-0.0011998991638865065,0.001202785615125956
356.7374618014774,0.0000015006525378328438,-0.001223509668183917,0.0012265109732595826
363.41866601873375,0.0000015589706576658522,-0.0012470275210505941,0.0012501454623659257
369.9369287670386,0.0000016169370795526296,-0.0012699704429565619,0.0012732043171156673
376.41363860387156,0.0000016755816771556813,-0.0012927659463887993,0.0012961171097431107
382.90332349873813,0.0000017353883636194009,-0.0013156048683835235,0.0013190756451107622
389.46051142114385,0.0000017968800292734644,-0.0013386794534043403,0.0013422732134628873
396.1339938310289,0.0000018605602909483368,-0.0013621617376440012,0.001365882858225898
402.79224230426246,0.0000019251997714295867,-0.0013855891479149021,0.001389439547457761
409.4055716965403,0.0000019904922755235467,-0.0014088561731931402,0.0014128371577441874
415.94429686355824,0.0000020561161080169657,-0.0014318587629568165,0.0014359709951728503
422.4373352350882,0.0000021223334501696514,-0.0014546991881750355,0.0014589438550753747
428.97594047227034,0.000002190075261770081,-0.0014776985912738003,0.0014820787417973405
435.5643074029636,0.0000022594055717166834,-0.0015008708172643307,0.0015053896284077642
442.2066308550271,0.0000023303945213905073,-0.0015242308032862447,0.0015288915923290256
448.8356657243433,0.0000024023347082305416,-0.001547542482702535,0.0015523471521189961
455.41351549042844,0.000002474799613453933,-0.0015706728377114115,0.0015756224369383193
461.95466889877616,0.0000025479241974385456,-0.0015936718932214624,0.0015987677416163394
468.47361469488004,0.0000026218569924753774,-0.0016165909512391322,0.001621834665224083
475.03856290038664,0.0000026973785197820764,-0.0016396701942029618,0.0016450649512425258
481.6410789558513,0.0000027744126862265294,-0.0016628801099746932,0.001668428935347146
488.2598742244202,0.0000028527215357255876,-0.0016861450279315221,0.0016918504710029731
494.8736600692394,0.000002932056547146677,-0.0017093903284583992,0.0017152544415526927
501.4348158453058,0.000003011833659188984,-0.0017324490815005254,0.0017384727488189034
507.9798517363339,0.0000030924804753554926,-0.0017554497885417988,0.00176163474949251
514.5271212194555,0.0000031742168473914417,-0.0017784561521514218,0.0017848045858462047
521.0949777718025,0.000003257278238424108,-0.0018015329113854517,0.0018080474678622998
527.702071005411,0.000003341916289511229,-0.0018247459156011622,0.0018314297481801848
534.3064523162982,0.0000034276031868708654,-0.001847947949856665,0.001854803156230407
540.8974615720072,0.0000035141937166944135,-0.0018711007979914523,0.0018781291854248411
547.4644386400814,0.0000036015393992681813,-0.0018941672632166188,0.001901370342015155
554.0139314236682,0.0000036897184418639896,-0.0019171707210075535,0.0019245501578912816
560.5772109078915,0.0000037791514374893073,-0.0019402211457599469,0.0019477794486349254
567.156488026595,0.000003869872959901091,-0.0019633255886006337,0.001971065334520436
573.7539737136219,0.000003961922525652793,-0.0019864920027945726,0.0019944158478458784
580.3494115521464,0.0000040550226995424725,-0.002009649587299992,0.002017759632699077
586.9284014834022,0.000004148966250464514,-0.0020327479473275316,0.0020410458798284605
593.4949672202223,0.000004243800602944427,-0.0020558005176341343,0.002064288118840023
600.0531324754395,0.000004339579566573603,-0.0020788216563013533,0.0020875008154345003
606.6251153018628,0.000004436630147245643,-0.00210188966545811,0.0021107629257526013
613.2097676595879,0.000004534942385758006,-0.002125000645496155,0.002134070530267671
619.8004564693147,0.0000046344189591470075,-0.002148130659099283,0.002157399497017577
626.3905486517435,0.000004734961752783219,-0.0021712566128909284,0.0021807265363964945
632.9637678906872,0.000004836319427118359,-0.0021943217097132976,0.002203994348567534
639.5309507286233,0.000004938654007130796,-0.0022173641194302316,0.0022272414274444935
646.0981859861432,0.000005042056005421235,-0.002240404577315548,0.00225048868932639
652.6715624838379,0.000005146623541376013,-0.002263464637482014,0.0022737578845647664
659.2581548167831,0.000005252475082770499,-0.002286569397200502,0.0022970743473660427
665.8445718627113,0.0000053593991653147915,-0.002309672013614084,0.0023203908119447136
672.4270577465517,0.000005467330895481222,-0.0023327587068891686,0.0023436933686801307
679.001856593233,0.000005576206571187234,-0.0023558164920512823,0.002366968905193657
685.5701659796814,0.000005686043801107463,-0.0023788498586363783,0.0023902219462385937
692.1425604652143,0.000005797019346123158,-0.0024018960135569205,0.002413490052249167
698.7200590495436,0.000005909149777481328,-0.0024249579505450014,0.002436776250099964
705.303680732381,0.0000060224559081127825,-0.002448039409273288,0.002460084321089514
711.8873640396242,0.000006136836152902677,-0.0024711194065770883,0.0024833930788828932
718.4657982557458,0.000006252197527484822,-0.0024941794527103094,0.002506683847765279
725.0400612317723,0.000006368553710928892,-0.002517222766699831,0.0025299598741216887
731.6112308187304,0.000006485922746954081,-0.00254025330217581,0.002553225147669718
738.1864671331198,0.000006604433978873606,-0.002563296412420735,0.0025765052803784824
744.7659559424046,0.0000067240933148650635,-0.002586352863012146,0.0025998010496418762
751.3476407454668,0.000006844862039823529,-0.0026094149086418237,0.0026231046327214705
757.9294650411877,0.000006966703690479519,-0.0026324755016853474,0.002646408909066306
764.5059170469585,0.000007089516191888565,-0.002655515586080833,0.0026696946184646105
771.0801619519909,0.000007213357336876449,-0.002678546368392955,0.002692973083066708
777.6542008069495,0.000007338261327605588,-0.0027015743392422753,0.002716250861897487
784.230034662499,0.000007464267296401253,-0.002724606665368961,0.0027395351999617633
790.8102954222586,0.000007591428409027589,-0.002747652803821992,0.002762835660640047
797.3907286885632,0.000007719664113166126,-0.0027706979646734253,0.0027861372928997576
803.9700273278163,0.000007848945796591912,-0.0027937370676325503,0.0028094349592257344
810.5468842064217,0.000007979247620906802,-0.0028167656882120977,0.0028327241834539114
817.1213836046304,0.000008110571316114824,-0.002839784359110173,0.0028560055017424024
823.6970684224634,0.000008242987894205364,-0.002862805591868237,0.0028792915676566482
830.2743693129679,0.000008376503816729192,-0.002885830408432808,0.0029025834160662663
836.8537169291907,0.000008511129431159377,-0.002908860460173974,0.002925882719036293
843.4333215588274,0.000008646829902383616,-0.0029318897086762913,0.0029491833684810584
850.0112628531059,0.000008783565821074292,-0.0029549115382754587,0.002972478669917607
856.5878139156168,0.00000892133921251818,-0.002977926434314756,0.0029957691127397925
863.163247849951,0.000009060155912398597,-0.003000935496239518,0.0030190558080643148
869.7398528655538,0.000009200065464230743,-0.003023946950924226,0.0030423470818526878
876.3178762616944,0.000009341074293043598,-0.0030469617636755125,0.0030656439122615994
882.8966858983865,0.000009483166488875004,-0.0030699772665136902,0.0030889435994914402
889.4756496356437,0.00000962632934028771,-0.0030929913838288908,0.003112244042509466
896.0529152078286,0.000009770523393109645,-0.0031159978509401947,0.0031355388977264143
902.6293880679657,0.000009915768426124539,-0.0031389999344247884,0.0031588314712770373
909.2057209060473,0.000010062075725366737,-0.003161999474749156,0.00318212362619989
915.7825664120653,0.000010209460623432651,-0.003184998887880062,0.0032054178091269277
922.3608852418806,0.0000103579463538949,-0.003208001739393214,0.003228717632101004
928.9393349902659,0.000010507503543379527,-0.003231003430534865,0.003252018437621624
935.5174652613719,0.000010658119004890037,-0.0032540019566215626,0.0032753181946313424
942.094825659349,0.000010809782879106538,-0.003276995872523999,0.003298615438282212
948.6713436298452,0.000010962494327787333,-0.003299985127049731,0.0033219101157053055
955.2481971622988,0.000011116281114817818,-0.003322973931088804,0.00334520649331844
961.8255583139065,0.000011271144570290188,-0.003345962468330406,0.003368504757470987
968.4035991418656,0.000011427089750879316,-0.003368951464863846,0.003391805644365605
974.9818007364295,0.000011584105784073088,-0.003391939302768639,0.003415107514336785
981.5594792604645,0.000011742176795979614,-0.0034149236833753483,0.0034384080369673077
988.1366975979877,0.00001190130115592888,-0.003437904420179648,0.0034617070224915053
994.7135186330162,0.000012061480897439515,-0.003460881855541852,0.0034850048173367307
1001.2906679534067,0.000012222734900306287,-0.0034838587151030894,0.0035083041849037016
1007.8682872534314,0.000012385067367253888,-0.0035068355817765586,0.0035316057165110664
1014.4461842849115,0.00001254847083655465,-0.0035298113884146645,0.0035549083300877734
1021.0241667996677,0.000012712941337434667,-0.003552785581808693,0.0035782114644835627
1027.6016167265711,0.00001287846453385931,-0.0035757561893436512,0.00360151311841137
1034.178785986495,0.00001304504710327831,-0.0035987241772553855,0.0036248142714619424
1040.7558860005188,0.000013212691414473757,-0.0036216898986502644,0.003648115281479212
1047.333128189721,0.000013381403593624508,-0.003644654207449873,0.003671417014637122
1053.9108574919644,0.000013551193865966596,-0.0036676184886006544,0.003694720876332588
1060.4886536654342,0.000013722052054366145,-0.0036905813587981466,0.0037180254629068793
1067.0663628830837,0.000013893971257673194,-0.003713541905486001,0.003741329848001348
1073.6438313178658,0.000014066948094178218,-0.0037364997044464126,0.0037646336006347692
1080.2210027405204,0.000014240982180596884,-0.0037594547362131657,0.0037879367005743594
1086.7982661130836,0.000014416084294112845,-0.003782408440308844,0.0038112406088970695
1093.375687572441,0.0000145922533565263,-0.003805360681257758,0.0038345451879708103
1099.9533332554777,0.000014769491950185914,-0.003828311799447831,0.0038578507833482026
1106.5310562378781,0.000014947797414581753,-0.003851261454285875,0.0038811570491150385
1113.1086160942955,0.000015127163747604508,-0.0038742088871126785,0.003904463214607888
1119.6860246296992,0.000015307588293830294,-0.0038971537816842707,0.003927768958271931
1126.263293649059,0.000015489072025824148,-0.003920096286529105,0.003951074430580753
1132.8406514197904,0.000015671622455098667,-0.003943037366009232,0.00397438061091943
1139.4181638970986,0.000015855242006604728,-0.003965977328293864,0.003997687812307073
1145.995773347922,0.000016039926229992244,-0.003988915622931419,0.004020995475391403
1152.5734220391985,0.00001622567425534335,-0.0040118521530511635,0.00404430350156185
1159.1509051272096,0.00001641248149321824,-0.0040347863686830444,0.0040676113316694806
1165.7282900313717,0.000016600350330071143,-0.004057718581521002,0.004090919282181143
1172.305644770147,0.00001678927977715563,-0.004080648687689856,0.004114227247244168
1178.8830373619971,0.00001697927250917508,-0.00410357702652135,0.0041375355715397005
1185.4605899509888,0.00001717033332756331,-0.00412650418420114,0.004160844850856266
1192.0381721293272,0.000017362459026078376,-0.00414942978094641,0.004184154698998566
1198.615731782248,0.000017555645183978773,-0.004172353301714622,0.00420746459208258
1205.193216794987,0.000017749890965736585,-0.004195274664755164,0.004230774446686638
1211.7705982829336,0.000017945196700976157,-0.004218193926473749,0.004254084319875701
1218.3480038256912,0.000018141566694240658,-0.004241111604672606,0.0042773947380610865
1224.9254581400105,0.00001833899880117768,-0.0042640274593969815,0.004300705456999337
1231.5029859426436,0.000018537494511967883,-0.004286941674322217,0.004324016663346152
1238.0805469412385,0.000018737053862080988,-0.0043098542625933725,0.004347328370317535
1244.6580575328862,0.00001893767484678875,-0.004332765004709817,0.004370640354403395
1251.2355186910513,0.000019139354571263956,-0.004355673585014902,0.004393952294157431
1257.8129313891982,0.000019342093760675055,-0.004378580102468359,0.004417264289989709
1264.3903668364935,0.00001954589582935728,-0.004401484955376446,0.00444057674703516
1270.967852877975,0.00001975076219353538,-0.0044243883108922915,0.004463889835279363
1277.545372435546,0.00001995668944176921,-0.004447289797189087,0.004487203176072626
1284.1229084311096,0.000020163677770122876,-0.004470189448234741,0.0045105168037749875
1290.700393422887,0.00002037172627371655,-0.004493087176439941,0.004533830628987374
1297.277844424777,0.00002058083600596333,-0.004515983109884431,0.0045571447818963575
1303.8552831678082,0.00002079100474643656,-0.004538877018318202,0.004580459027811076
1310.4327313830088,0.000021002233907845014,-0.004561769068919287,0.004603773536734978
1317.01023180881,0.000021214526103269453,-0.004584659554584528,0.004627088606791068
1323.587744371875,0.000021427880590781266,-0.004607548403288264,0.004650404164469826
1330.1652515488797,0.000021642293903616658,-0.004630435254324836,0.004673719842132069
1336.7427358164998,0.000021857766182592985,-0.004653320136384377,0.004697035668749563
1343.3201843601757,0.000022074298219597694,-0.004676203146222759,0.004720351742661955
1349.897638752242,0.00002229189191180907,-0.004699084494626768,0.0047436682784503855
1356.4751080328174,0.000022510544663418323,-0.004721963919257457,0.0047669850085842935
1363.0526012420205,0.000022730257503255407,-0.004744841539402298,0.004790302054408808
1369.6301078244592,0.000022951031313543532,-0.004767717456873171,0.004813619519500257
1376.2075989908358,0.000023172865663455684,-0.004790591636444289,0.004836937367771201
1382.7850741138304,0.000023395757624240683,-0.004813463787862466,0.004860255303110948
1389.3625325661242,0.000023619707885796376,-0.004836333995103128,0.004883573410874722
1395.9399963578517,0.000023844718420642723,-0.004859202470584002,0.004906891907425288
1402.5174765876302,0.00002407079014964752,-0.004882069316564499,0.004930210896863793
1409.0949682960265,0.000024297920009283008,-0.004904934233213593,0.0049535300732321584
1415.672466523608,0.000024526108551608507,-0.004927797287755202,0.004976849504858418
1422.2499492110003,0.00002475535623508173,-0.004950658536841493,0.005000169249311657
1428.8274202404868,0.00002498566372444894,-0.004973518056495953,0.00502348938394485
1435.4048865045709,0.00002521702835721243,-0.004996375593380762,0.005046809650095187
1441.9823548957545,0.000025449451094294744,-0.0050192312543353105,0.0050701301565239006
1448.5598402129422,0.000025682933689135507,-0.00504208522162861,0.0050934510890068814
1455.1373302778766,0.000025917476250719216,-0.005064937514332298,0.005116772466833736
1461.714819240288,0.00002615307567151357,-0.005087787839918584,0.005140093991261611
1468.2923012499068,0.000026389732459114206,-0.005110636259409619,0.005163415724327847
1474.8697710423198,0.000026627447645477826,-0.005133482883007319,0.005186737778298274
1481.447242075038,0.000026866222250373023,-0.005156327817767328,0.005210060262268074
1488.0247175980257,0.000027106053493415702,-0.005179170807688643,0.005233382914675475
1494.6022008612479,0.000027346942215194144,-0.005202011943914694,0.005256705828345082
1501.1796892922475,0.000027588889550608247,-0.005224851343691614,0.00528002912279283
1507.757173063913,0.000027831895674424787,-0.005247689032158953,0.0053033528235078035
1514.3346516633133,0.000028075957665568403,-0.005270524744988819,0.005326676660319956
1520.9121245775177,0.000028321076221587753,-0.005293358558840016,0.005350000711283191
1527.489598539889,0.000028567252818336578,-0.005316190621061732,0.005373325126698405
1534.0670778076858,0.00002881448815281823,-0.005339021004677669,0.005396649980983305
1540.644560974125,0.00002906277927470232,-0.005361849446829815,0.005419975005379218
1547.2220466324225,0.000029312126851620767,-0.005384676019685108,0.005443300273388349
1553.799527614292,0.000029562531837393006,-0.005407500820203336,0.005466625883878122
1560.3770046313275,0.000029813994793211095,-0.005430323908128799,0.0054899518977152215
1566.954479852842,0.000030066512900955065,-0.00545314503743677,0.00551327806323868
1573.5319554481491,0.000030320086962833464,-0.005475964291377976,0.0055366044653036425
1580.1094364941205,0.000030574718402080834,-0.005498781807331765,0.005559931244135927
1586.686919337107,0.0000308304076152226,-0.005521597628945799,0.005583258444176244
1593.264402037275,0.00003108715162763217,-0.005544411500209336,0.0056065858034646
1599.8418826547909,0.00003134495108233836,-0.005567223488829779,0.005629913390994457
1606.4193591283022,0.000031603807123211584,-0.005590033705433686,0.0056532413196801095
1612.9968357850055,0.00003186372045584327,-0.005612842220437976,0.005676569661349663
1619.574313776772,0.00003212468822653941,-0.00563564879268691,0.0056998981691399895
1626.1517942554729,0.00003238671120124691,-0.00565845349936384,0.005723226921766334
1632.7292766728306,0.00003264979058537781,-0.005681256454406094,0.0057465560355768495
1639.3067577013237,0.00003291392678227112,-0.005704057700800951,0.005769885554365494
1645.884237073693,0.00003317911688090819,-0.005726856996470396,0.005793215230232212
1652.4617145226782,0.00003344536158902139,-0.005749654412477614,0.005816545135655657
1659.0391920840318,0.00003371266221480709,-0.005772450069849588,0.005839875394279203
1665.6166713461103,0.000033981019359574875,-0.005795244027754163,0.005863206066473312
1672.1941519221732,0.000034250430108769705,-0.005818036047568744,0.005886536907786282
1678.7716334254794,0.00003452089516648319,-0.0058408261987744434,0.00590986798910741
1685.3491135420502,0.000034792415663721956,-0.005863614585513311,0.005933199416840755
1691.9265923206617,0.00003506499213821017,-0.00588640126078737,0.0059565312450637915
1698.5040704384107,0.00003533862171805051,-0.005909185993410192,0.005979863236846293
1705.0815485723947,0.00003561330515069751,-0.005931968855422691,0.006003195465724086
1711.6590284496037,0.000035889043734993926,-0.005954749963210234,0.006026528050680222
1718.236508990537,0.00003616583796266641,-0.005977529365057758,0.006049861040983091
1724.813989556249,0.00003644368490755776,-0.0060003068288529806,0.0060731941986680955
1731.3914695077942,0.000036722585262006696,-0.006023082420985172,0.006096527591509185
1737.96894806439,0.000037002540218764385,-0.006045856247455148,0.006119861327892676
1744.5464266077915,0.00003728355037273975,-0.006068628364289259,0.006143195465034738
1751.1239055413437,0.00003756561284185818,-0.006091398546507583,0.006166529772191298
1757.70138526839,0.000037848728363210254,-0.0061141668630484,0.00618986431977482
1764.278865706578,0.00003813289815998634,-0.006136933420679371,0.006213199216999344
1770.8563457376217,0.00003841812272042223,-0.00615969826601163,0.006236534511452475
1777.433825242158,0.00003870439913975291,-0.006182461175673389,0.006259869973952895
1784.0113041008242,0.000038991728132049765,-0.006205222215767297,0.006283205672031397
1790.5887829206747,0.000039280110950078474,-0.006227981493846887,0.006306541715747043
1797.1662622818676,0.000039569548155906056,-0.0062507390616632335,0.006329878157975045
1803.7437420827205,0.00003986003684597032,-0.006273494699222087,0.0063532147729140264
1810.321222221552,0.00004015157773554804,-0.006296248471689471,0.006376551627160568
1816.8987019564552,0.00004044417201818784,-0.006319000480397431,0.006399888824433806
1823.4761812431475,0.00004073782022826359,-0.00634175077422035,0.006423226414676878
1830.0536602910445,0.00004103251947566912,-0.0063644991374607485,0.0064465641764120864
1836.6311393095618,0.00004132827048934398,-0.006387245635393853,0.00646990217637254
1843.2086188815956,0.000041625074522107,-0.006409990372424342,0.006493240521468557
1849.7860986941305,0.000041922932096608714,-0.006432733395800119,0.0065165792599933365
1856.3635785380852,0.00004222184030419408,-0.006455474491504134,0.006539918172112522
1862.9410582043774,0.00004252179985498162,-0.006478213722424596,0.00656325732213456
1869.518537404467,0.00004282281196218036,-0.006500951188487102,0.006586596812411463
1876.096016576372,0.00004312487718233754,-0.006523686938859412,0.006609936693224087
1882.6734958598483,0.000043427992622675695,-0.00654642076377018,0.006633276749015531
1889.2509753946515,0.00004373215900941493,-0.00656915272640053,0.006656617044419361
1895.8284551857198,0.00004403737756946255,-0.006591882926264766,0.0066799576814036915
1902.4059348598912,0.000044343648822193955,-0.006614611409068128,0.006703298706712515
1908.9834143679375,0.00004465096986606879,-0.006637337967341087,0.006726639907073224
1915.56089366063,0.000044959341418425095,-0.006660062662724761,0.006749981345561612
1922.138372916011,0.00004526876471414377,-0.0066827855939459455,0.006773323123374233
1928.7158523424177,0.00004557924029975116,-0.0067055068080783065,0.0067966652886778086
1935.29333191492,0.000045890765275004224,-0.006728226100609928,0.006820007631159937
1941.8708116085866,0.00004620334035855115,-0.006750943532402906,0.006843350213120008
1948.4482911872249,0.00004651696676579999,-0.006773659199404902,0.006866693132936502
1955.025770616758,0.00004683164503179324,-0.0067963731472286916,0.006890036437292278
1961.603249961296,0.000047147372260434976,-0.006819085174465893,0.006913379918986763
1968.1807292849485,0.00004746414917457986,-0.006841795341447253,0.006936723639796412
1974.7582087830194,0.00004778197701033757,-0.006864503744298538,0.006960067698319213
1981.3356883668916,0.00004810085630025533,-0.006887210427836781,0.006983412140437292
1987.9131679685934,0.00004842078414199287,-0.00690991519291861,0.007006756761202596
1994.4906475201535,0.000048741761252074574,-0.006932618098602209,0.007030101621106359
2001.0681269169743,0.00004906378885205112,-0.006955319238701097,0.007053446816405198
2007.645606296835,0.00004938686748543016,-0.006978018658222485,0.007076792393193345
2014.223085707708,0.00004971099425553801,-0.00700071616107258,0.007100138149583656
2020.8005651975652,0.000050036169884640054,-0.007023411805914951,0.007123484145684231
2027.3780447784295,0.00005036239560011134,-0.007046105685721804,0.007146830476922028
2033.9555243266273,0.00005068967193267202,-0.0070687978440217855,0.00717017718788713
2040.5330038228324,0.000051017995982342915,-0.00709148808706924,0.007193524079033926
2047.110483247718,0.00005134736846804145,-0.007114176472521733,0.007216871209457817
2053.6879626524333,0.00005167779061908377,-0.0071368630922750585,0.007240218673513227
2060.26544211075,0.000052009262976059944,-0.007159547989977329,0.007263566515929448
2066.842921617289,0.00005234178263976289,-0.007182230974444996,0.007286914539724522
2073.4204011666698,0.000052675350329890165,-0.00720491210262979,0.007310262803289571
2079.997880684259,0.00005300996726947256,-0.007227591464813089,0.007333611399352034
2086.5753601525794,0.00005334563399451436,-0.007250269103780752,0.007356960371769782
2093.152839591028,0.000053682347607062294,-0.007272944830884941,0.007380309526099065
2099.730319019005,0.00005402010882808429,-0.007295618702428322,0.007403658920084492
2106.3077985014916,0.0000543589188877772,-0.007318290808022796,0.007427008645798351
2112.8852780141915,0.00005469877832185894,-0.0073409611898965985,0.007450358746540316
2119.462757535154,0.00005503968423031683,-0.007363629661648137,0.007473709030108772
2126.0402370424285,0.00005538163733203252,-0.007386296278721506,0.007497059553385571
2132.617716498685,0.00005572463885193588,-0.007408961129253826,0.0075204104069576975
2139.1951959468997,0.00005606868932923947,-0.007431624255184201,0.007543761633842681
2145.7726754034006,0.00005641378586594607,-0.007454285472572668,0.00756711304430456
2152.350154884514,0.000056759929182977356,-0.007476944836297052,0.007590464694663006
2158.927634397548,0.00005710712050765369,-0.007499602433553625,0.007613816674568933
2165.505113901788,0.00005745536037485348,-0.0075222583054846736,0.007637169026234381
2172.0825933898986,0.00005780464588536749,-0.007544912270341459,0.0076605215621121945
2178.660072854548,0.00005815497775889045,-0.007567564382239372,0.007683874337757153
2185.237552310039,0.0000585063572231352,-0.007590214727330784,0.007707227441777055
2191.8150317821837,0.000058858784816540685,-0.007612863346490784,0.007730580916123866
2198.3925112701395,0.00005921225764029113,-0.007635510060210839,0.0077539345754914215
2204.9699907730665,0.00005956677641447856,-0.007658154921964269,0.007777288474793226
2211.5474702675683,0.00005992234236483865,-0.007680798016731217,0.007800642701460894
2218.1249497458966,0.000060278956028041476,-0.0077034393847866,0.007823997296842683
2224.702429213843,0.0000606366145056524,-0.007726078848809654,0.007847352077820958
2231.2799086771965,0.00006099531851814906,-0.007748716461648129,0.007870707098684426
2237.857388157434,0.00006135506929373705,-0.0077713523074189285,0.007894062446006402
2244.434867648191,0.00006171586736920597,-0.007793986425928372,0.007917418160666784
2251.012347142427,0.00006207770984546712,-0.007816618641925392,0.007940774061616328
2257.589826633101,0.00006244059744233578,-0.007839249007580555,0.007964130202465227
2264.167306107064,0.00006280453138614958,-0.007861877605897776,0.007987486668670076
2270.7447855776,0.00006316951221480606,-0.007884504476288535,0.008010843500718146
2277.3222650502207,0.00006353553702994137,-0.007907129445609567,0.00803420051966945
2283.8997445304403,0.00006390260655210368,-0.007929752565456477,0.008057557778560683
2290.4772240217367,0.00006427072200859567,-0.007952373917919519,0.008080915361936709
2297.054703510793,0.00006463988393587795,-0.007974993541866737,0.008104273309738492
2303.6321829948943,0.00006501008943516334,-0.007997611266143614,0.00812763144501394
2310.2096624713276,0.00006538133922657144,-0.008020227141713646,0.00815098982016679
2316.787141943949,0.00006575363453745764,-0.008042841249719788,0.008174348518794703
2323.3646214216947,0.00006612697590556823,-0.00806545362866485,0.008197707580475985
2329.9421009045914,0.00006650136043231035,-0.008088064109374833,0.008221066830239454
2336.519580392666,0.00006687678883799964,-0.008110672742232684,0.008244426319908682
2343.0970598786466,0.00006725326234939861,-0.008133279607415955,0.008267786132114752
2349.6745393593533,0.00006763078150359989,-0.008155884742953874,0.008291146305961075
2356.2520188364856,0.00006800934340213841,-0.00817848798160491,0.008314506668409188
2362.8294983117444,0.00006838894876545877,-0.008201089373181187,0.008337867270712106
2369.4069777921804,0.00006876959882118179,-0.008223688997003084,0.008361228194645447
2375.9844572762436,0.00006915129410653259,-0.008246286890683008,0.008384589478896073
2382.561936761691,0.00006953403172285799,-0.008268882888849676,0.008407950952295393
2389.13941624628,0.00006991781239041187,-0.008291477040738009,0.00843131266551883
2395.7168957254307,0.00007030263733617496,-0.00831406942474209,0.00845467469941444
2402.294375203207,0.0000706885070977324,-0.008336660078080397,0.008478037092275863
2408.8718546814575,0.00007107541877670448,-0.00835924883723802,0.008501399674791429
2415.4493341620296,0.00007146337309362108,-0.008381835750912767,0.008524762497100009
2422.0268136464083,0.00007185237127585694,-0.008404420896652625,0.008548125639204337
2428.6042931302663,0.00007224241386054226,-0.008427004311242917,0.008571489138964
2435.18177261262,0.00007263349794916651,-0.00844958583296119,0.008594852828859524
2441.759252092484,0.00007302562426212702,-0.008472165509956471,0.008618216758480726
2448.3367315708424,0.0000734187940268034,-0.008494743418926863,0.008641581006980469
2454.91421105076,0.00007381300778080048,-0.008517319596287352,0.008664945611848954
2461.4916905323444,0.00007420826262571006,-0.008539893882082589,0.00868831040733401
2468.0691700157026,0.00007460455928203245,-0.008562466323937971,0.008711675442502037
2474.646649498598,0.00007500189897699141,-0.008585036997710554,0.008735040795664537
2481.224128979785,0.00007540028224796898,-0.008607605939413161,0.0087584065039091
2487.801608459753,0.00007579970619661494,-0.008630172990817513,0.008781772403210743
2494.3790879389903,0.00007620017154348785,-0.008652738199034265,0.00880513854212124
2500.956567419797,0.00007660167951612236,-0.008675301639123638,0.008828504998155884
2507.534046901843,0.00007700423065199303,-0.008697863346722307,0.008851871808026292
2514.111526384419,0.00007740782205271396,-0.008720423165287235,0.008875238809392663
2520.689005866816,0.0000778124544388073,-0.008742981141419873,0.008898606050297488
2527.2664853474553,0.00007821812903760608,-0.008765537349371775,0.008921973607446988
2533.8439648275653,0.00007862484638671583,-0.008788091824413502,0.008945341517186933
2540.421444307761,0.00007903260358786781,-0.008810644411660656,0.008968709618836394
2546.998923788658,0.0000794414013617021,-0.00883319515722475,0.008992077959948155
2553.576403270852,0.00007985124093572306,-0.008855744134585938,0.009015446616457385
2560.1538827529466,0.0000802621228474105,-0.008878291378641908,0.009038815624336729
2566.73136223459,0.00008067404419847178,-0.008900836736124872,0.009062184824521816
2573.30884171543,0.00008108700570952254,-0.008923380252658826,0.00908555426407787
2579.886321195695,0.00008150100860807987,-0.008945922000959807,0.009108924018175969
2586.463800676429,0.00008191605343181215,-0.008968462015577366,0.00913229412244099
2593.0412801576995,0.00008233213728248959,-0.008991000144831953,0.009155664419396933
2599.618759639574,0.00008274926088079089,-0.009013536433874765,0.009179034955636347
2606.19623912137,0.00008316742545421221,-0.009036070954671375,0.0092024058055798
2612.7737186026166,0.00008358663154036222,-0.009058603741416765,0.009225777004497488
2619.351198083449,0.00008400687624105134,-0.009081134643986313,0.009249148396468416
2625.9286775640053,0.00008442816027699847,-0.009103663707066879,0.009272520027620877
2632.5061570450307,0.00008485048487582691,-0.009126191001896626,0.009295891971648278
2639.0836365264768,0.00008527385057520879,-0.009148716562329542,0.00931926426347996
2645.661116008121,0.00008569825447696799,-0.009171240239763316,0.009342636748717251
2652.238595489742,0.00008612369730183672,-0.009193762078428367,0.00936600947303204
2658.816074970797,0.00008655018027739149,-0.009216282148840738,0.00938938250939552
2665.393554451654,0.00008697770394136703,-0.009238800484520126,0.00941275589240286
2671.971033932516,0.00008740626539565085,-0.009261316938358988,0.009436129469150291
2678.548513413587,0.0000878358653610389,-0.00928383155414309,0.009459503284865169
2685.1259928950963,0.00008826650506519412,-0.009306344401687554,0.009482877411817943
2691.703472376596,0.00008869818504583457,-0.009328855514180103,0.009506251884271772
2698.280951857962,0.00008913090240486251,-0.009351364745976054,0.00952962655078578
2704.8584313390706,0.00008956465786308849,-0.009373872140422741,0.00955300145614892
2711.435910819967,0.00008999945264819931,-0.009396377766644861,0.009576376671941259
2718.013390301003,0.0000904352872980017,-0.009418881657510023,0.009599752232106025
2724.59086978221,0.00009087215891444433,-0.009441383668809577,0.009623127986638466
2731.1683492636207,0.00009131006821838437,-0.00946388384346265,0.00964650397989942
2737.745828745028,0.00009174901643752816,-0.009486382249916618,0.009669880282791676
2744.3233082262595,0.00009218900410968372,-0.009508878920720604,0.009693256928939973
2750.9007877073527,0.00009263002833683612,-0.009531373713073827,0.009716633769747499
2757.4782671883445,0.0000930720898398789,-0.009553866669475003,0.009740010849154759
2764.0557466694754,0.00009351518984658435,-0.009576357857709538,0.009763388237402705
2770.6332261507478,0.00009395932889480843,-0.009598847310016445,0.009786765967806062
2777.210705632092,0.00009440450408656519,-0.009621334884975564,0.009810143893148694
2783.788185113438,0.00009485071614277716,-0.009643820624672885,0.00983352205695844
2790.365664594604,0.00009529796629122417,-0.009666304596241473,0.00985690052882392
2796.943144075698,0.0000957462550698053,-0.009688786831615804,0.009880279341755413
2803.520623556786,0.00009619557958057994,-0.00971126719073107,0.00990365834989223
2810.0981030379357,0.0000966459405445159,-0.00973374571526921,0.009927037596358244
2816.675582519233,0.00009709733918944753,-0.009756222471725544,0.00995041715010444
2823.2530620005346,0.00009754977605329297,-0.009778697491734453,0.00997379704384104
2829.830541481798,0.00009800324823814012,-0.009801170636560273,0.009997177133036552
2836.4080209629788,0.0000984577564649853,-0.00982364194748766,0.010020557460417632
2842.9855004440806,0.00009891330196169315,-0.00984611149038489,0.010043938094308275
2849.5629799252238,0.00009936988526623593,-0.009868579296593497,0.010067319067125968
2856.1404594064215,0.00009982750348074164,-0.009891045228682872,0.010090700235644356
2862.717938887689,0.0001002861573262467,-0.009913509327548378,0.010114081642200873
2869.295418368962,0.00010074584803064724,-0.009935971658442863,0.010137463354504156
2875.872897850179,0.00010120657613193892,-0.009958432252418844,0.010160845404682721
2882.4503773313495,0.00010166833873228544,-0.009980890973326575,0.010184227650791147
2889.0278568124836,0.00010213113655275897,-0.010003347861679111,0.010207610134784629
2895.6053362936586,0.00010259497082130152,-0.010025802982125832,0.010230992923768435
2902.1828157748814,0.00010305984207594968,-0.010048256365436303,0.010254376049588202
2908.7602952561297,0.00010352574741890099,-0.010070707876718219,0.010277759371556021
2915.337774737382,0.00010399268757126146,-0.010093157556109233,0.010301142931251756
2921.9152542185766,0.00010446066376099925,-0.010115605467665247,0.010324526795187246
2928.492733699745,0.00010492967652618875,-0.010138051641877787,0.010347910994930166
2935.070213180909,0.00010539972296906662,-0.010160495945089549,0.010371295391027683
2941.6476926620912,0.00010587080381077807,-0.010182938417069866,0.01039468002469142
2948.2251721433236,0.00010634292027933395,-0.010205379121292598,0.010418064961851266
2954.80265162456,0.00010681607291283911,-0.010227818087975807,0.010441450233801487
2961.3801311057846,0.00010729025881356369,-0.010250255184674841,0.010464835702301969
2967.9576105869833,0.00010776547870268609,-0.010272690450797041,0.010488221408202414
2974.535090068153,0.00010824173380825076,-0.01029512394924418,0.01051160741686068
2981.1125695493342,0.00010871902466840481,-0.010317555709966203,0.010534993759303012
2987.6900490305334,0.00010919734838545585,-0.010339985601709803,0.010558380298480715
2994.2675285117557,0.00010967670568061991,-0.010362413663527,0.010581767074888239
3000.8450079929835,0.00011015709778197628,-0.010384839957757607,0.01060515415332156
3007.422487474193,0.00011063852522770339,-0.010407264514087635,0.01062854156454304
3013.9999669553868,0.00011112098512014462,-0.010429687202434097,0.010651929172674386
3020.577446436567,0.00011160447818055164,-0.010452108061499885,0.010675317017860989
3027.154925917759,0.000112089005637043,-0.010474527153072894,0.010698705164346978
3033.7324053989673,0.00011257456802783516,-0.010496944506580048,0.01072209364263572
3040.309884880185,0.00011306116245530674,-0.010519359993088288,0.010745482317998902
3046.887364361405,0.00011354878964074483,-0.010541773650957473,0.010768871230238963
3053.464843842606,0.00011403745081230036,-0.010564185541432833,0.010792260443057432
3060.042323323798,0.00011452714650822626,-0.010586595693686578,0.010815649986703032
3066.6198028049876,0.00011501787383093815,-0.010609003979915797,0.010839039727577673
3073.1972822861826,0.00011550963350176008,-0.010631410438143342,0.010862429705146861
3079.774761767395,0.00011600242674888153,-0.010653815129081388,0.010885819982579151
3086.352241248609,0.00011649625411058948,-0.010676218081651647,0.010909210589872825
3092.9297207298196,0.00011699111268933458,-0.010698619169161908,0.010932601394540576
3099.5072002110223,0.00011748700320647595,-0.010721018429303742,0.010955992435716695
3106.0846796922146,0.00011798392689023797,-0.010743415922265189,0.010979383776045666
3112.66215917341,0.00011848188427894566,-0.01076581167672185,0.011002775445279741
3119.2396386546106,0.00011898087247508624,-0.010788205567073442,0.011026167312023615
3125.8171181358193,0.00011948089220005526,-0.010810597630685969,0.011049559415086079
3132.3945976170307,0.0001199819446821129,-0.010832987927232226,0.011072951816596453
3138.9720770982362,0.00012048403045961846,-0.010855376485145648,0.011096344546064884
3145.5495565794367,0.00012098714663509496,-0.010877763179899464,0.011119737473169652
3152.1270360606327,0.00012149129392997371,-0.010900148048539591,0.011143130636399538
3158.7045155418314,0.00012199647357255174,-0.010922531150232262,0.011166524097377365
3165.281995023035,0.00012250268610122512,-0.010944912513172865,0.011189917885375314
3171.859474504243,0.00012300992861855265,-0.010967292013890224,0.011213311871127328
3178.4369539854524,0.00012351820184600143,-0.010989669689115538,0.01123670609280754
3185.0144334666556,0.00012402750701190313,-0.0110120455975168,0.011260100611540607
3191.5919129478557,0.00012453784465468986,-0.011034419767055225,0.011283495456364603
3198.1693924290544,0.00012504921187695653,-0.011056792075297776,0.01130689049905169
3204.7468719102544,0.00012556160940020648,-0.011079162558666195,0.01133028577746661
3211.32435139146,0.0001260750384528083,-0.011101531275338543,0.01135368135224416
3217.9018308726663,0.00012658949957322933,-0.011123898253045637,0.011377077252192096
3224.4793103538714,0.00012710498986410017,-0.011146263370375524,0.011400473350103723
3231.056789835074,0.00012762151004695968,-0.011168626663445558,0.011423869683539476
3237.634269316274,0.00012813906135021198,-0.011190988189951819,0.011447266312652244
3244.2117487974747,0.00012865764431236094,-0.011213347977398506,0.011470663266023228
3250.789228278677,0.00012917725603607327,-0.011235705905378137,0.011494060417450285
3257.366707759881,0.00012969789724292396,-0.011258062009708693,0.01151745780419454
3263.944187241086,0.00013021956916135284,-0.011280416347612097,0.011540855485934802
3270.5216667222894,0.0001307422723298992,-0.011302768946369508,0.011564253491029308
3277.0991462034917,0.00013126600385126555,-0.011325119686561677,0.01158765169426421
3283.6766256846927,0.00013179076444706274,-0.01134746860371207,0.011611050132606195
3290.2541051658945,0.00013231655534576674,-0.011369815754576084,0.011634448865267617
3296.8315846470978,0.0001328433770859529,-0.011392161166215421,0.011657847920387328
3303.4090641283015,0.0001333712267703596,-0.011414504720183235,0.011681247173723954
3309.986543609506,0.00013390010512063345,-0.011436846451713204,0.011704646661954471
3316.5640230907093,0.00013443001336528595,-0.011459186417101636,0.011728046443832208
3323.141502571911,0.0001349609520429284,-0.011481524643194215,0.011751446547280072
3329.718982053113,0.00013549291825633498,-0.01150386101250105,0.011774846849013719
3336.2964615343158,0.00013602591272718828,-0.01152619555997067,0.011798247385425047
3342.8739410155185,0.00013655993668403588,-0.011548528341447572,0.011821648214815643
3349.4514204967218,0.00013709499066552475,-0.011570859383564808,0.011845049364895856
3356.028899977925,0.00013763107177446496,-0.011593188569774336,0.011868450713323268
3362.606379459128,0.00013816818073257475,-0.011615515934744063,0.011891852296209211
3369.183858940331,0.0001387063187684375,-0.011637841533873747,0.011915254171410622
3375.7613384215333,0.0001392454864207361,-0.011660165393587111,0.011938656366428584
3382.3388179027356,0.00013978568079231636,-0.011682487398263242,0.011962058759847875
3388.916297383938,0.00014032690260493255,-0.011704807582293829,0.011985461387503695
3395.4937768651407,0.0001408691530872038,-0.011727126000640837,0.012008864306815246
3402.071256346344,0.00014141243277784887,-0.011749442679521886,0.012032267545077583
3408.6487358275476,0.00014195673877974934,-0.011771757504228783,0.012055670981788282
3415.2262153087513,0.00014250207181469517,-0.011794070508881309,0.0120790746525107
3421.8036947899536,0.00014304843311134126,-0.011816381748010401,0.012102478614233084
3428.3811742711555,0.00014359582320844217,-0.011838691247630716,0.0121258828940476
3434.9586537523573,0.00014414423920891537,-0.01186099889393274,0.01214928737235057
3441.5361332335606,0.00014469368183458667,-0.011883304720768558,0.012172692084437732
3448.1136127147643,0.0001452441523141469,-0.011905608782244696,0.01219609708687299
3454.691092195968,0.00014579565118638622,-0.011927911104175919,0.012219502406548692
3461.2685716771707,0.00014634817555425787,-0.011950211573637652,0.012242907924746168
3467.8460511583726,0.00014690172613962327,-0.011972510224218382,0.01226631367649763
3474.4235306395744,0.00014745630417120913,-0.011994807109606688,0.012289719717949107
3481.001010120777,0.00014801191018784158,-0.012017102255420475,0.012313126075796158
3487.57848960198,0.00014856854129250964,-0.01203939554960667,0.012336532632191689
3494.1559690831837,0.00014912619820711058,-0.012061687025494204,0.012359939421908423
3500.733448564388,0.00014968488216040665,-0.012083976736359997,0.01238334650068081
3507.3109280455906,0.00015024459369125968,-0.01210626470762803,0.01240675389501055
3513.8884075267924,0.00015080532990269439,-0.01212855082810361,0.012430161487908998
3520.4658870079943,0.00015136709151664392,-0.012150835130860035,0.012453569313893324
3527.043366489197,0.00015192987976190645,-0.012173117668768768,0.01247697742829258
3533.6208459704008,0.00015249369517737952,-0.012195398467062728,0.012500385857417487
3540.1983254516044,0.00015305853486612367,-0.012217677415392791,0.012523794485125037
3546.775804932808,0.00015362439955010764,-0.012239954546580445,0.012547203345680661
3553.353284414011,0.0001541912904581652,-0.012262229913097715,0.012570612494014047
3559.930763895213,0.00015475920812922967,-0.012284503539989281,0.012594021956247741
3566.5082433764155,0.00015532814966639743,-0.01230677531773904,0.012617431617071835
3573.0857228576183,0.00015589811579167298,-0.012329045278920439,0.012640841510503785
3579.663202338821,0.0001564691077339259,-0.012351313475611967,0.012664251691079818
3586.2406818200234,0.0001570411260321252,-0.012373579932672817,0.012687662184737068
3592.8181613012266,0.00015761416778940288,-0.012395844541407635,0.01271107287698644
3599.3956407824303,0.00015818823372779935,-0.012418107334145494,0.012734483801601092
3605.973120263633,0.00015876332507621966,-0.012440368362577116,0.012757895012729557
3612.5505997448363,0.0001593394423736686,-0.012462627651378901,0.012781306536126238
3619.1280792260386,0.00015991658272331398,-0.012484885092664249,0.012804718258110876
3625.7055587072414,0.0001604947468472317,-0.012507140718521438,0.012828130212215903
3632.2830381884446,0.00016107393597436284,-0.012529394580259092,0.012851542452207819
3638.8605176696483,0.00016165415064374778,-0.012551646702373435,0.012874955003660931
3645.4379971508515,0.00016223538795858994,-0.012573896977774888,0.01289836775369207
3652.0154766320543,0.00016281764864100088,-0.012596145438314454,0.012921780735596456
3658.592956113256,0.0001634009339199574,-0.012618392134924158,0.012945194002764074
3665.1704355944585,0.00016398524433453563,-0.012640637091922641,0.012968607580591712
3671.747915075661,0.00016457057698797466,-0.012662880203005863,0.012992021356981812
3678.3253945568636,0.0001651569326024219,-0.012685121499790989,0.013015435364995833
3684.9028740380677,0.00016574431240688978,-0.012707361032838854,0.013038849657652632
3691.480353519271,0.00016633271694048993,-0.012729598826293025,0.013062264260174004
3698.0578330004737,0.0001669221433064971,-0.012751834774623768,0.013085679061236762
3704.635312481676,0.00016751259222709446,-0.012774068909217767,0.013109094093671954
3711.212791962878,0.00016810406493132998,-0.01279630128026995,0.01313250941013261
3717.7902714440806,0.0001686965619583512,-0.012818531911751297,0.013155925035667999
3724.367750925284,0.00016929008041146855,-0.012840760698895384,0.01317934085971832
3730.9452304064876,0.00016988462101290075,-0.012862987672861695,0.013202756914887497
3737.522709887691,0.0001704801849917314,-0.012885212883484433,0.013226173253467895
3744.100189368894,0.00017107677288714365,-0.012907436354564391,0.01324958990033868
3750.677668850097,0.00017167438180248353,-0.012929657982087697,0.013273006745692664
3757.2551483312996,0.0001722730124600055,-0.012951877796989855,0.013296423821909866
3763.8326278125014,0.00017287266608882873,-0.012974095848749414,0.013319841180927073
3770.410107293704,0.00017347334322817217,-0.012996312160999352,0.013343258847455696
3776.9875867749074,0.00017407504098141755,-0.013018526630467807,0.013366676712430641
3783.5650662561106,0.00017467776007085481,-0.013040739287869457,0.013390094808011167
3790.142545737314,0.00017528150172563888,-0.013062950182332155,0.013413513185783434
3796.7200252185166,0.00017588626648502414,-0.013085159337323377,0.013436931870293423
3803.297504699719,0.00017649205145242792,-0.01310736665030295,0.013460350753207805
3809.8749841809213,0.00017709885735017584,-0.013129572151767811,0.013483769866468162
3816.4524636621245,0.0001777066854074586,-0.013151775890499984,0.0135071892613149
3823.0299431433273,0.00017831553616356617,-0.013173977889803706,0.01353060896213084
3829.60742262453,0.00017892540672195145,-0.013196178047860403,0.013554028861304305
3836.1849021057333,0.0001795362978049756,-0.013218376394952283,0.013577448990562235
3842.762381586936,0.000180148210641865,-0.01324057297952029,0.01360086940080402
3849.339861068139,0.00018076114577194512,-0.013262767824707656,0.013624290116251546
3855.9173405493416,0.00018137510029870462,-0.0132849608294075,0.013647711030004908
3862.4948200305444,0.00018199007494454022,-0.01330715202369027,0.01367113217357935
3869.0722995117467,0.00018260607093871373,-0.01332934145566048,0.013694553597537906
3875.6497789929495,0.0001832230888205864,-0.01335152914830254,0.013717975325943712
3882.2272584741527,0.00018384112569368245,-0.01337371500121157,0.013741397252598934
3888.804737955357,0.00018446018228043427,-0.013395899044249154,0.013764819408810023
3895.3822174365596,0.0001850802598101391,-0.01341808132518795,0.013788241844808228
3901.959696917762,0.0001857013588221937,-0.013440261866855662,0.01381166458450005
3908.537176398964,0.0001863234764201579,-0.013462440569539923,0.013835087522380237
3915.1146558801665,0.00018694661332649968,-0.013484617462896288,0.013858510689549287
3921.6921353613693,0.000187570770770552,-0.013506792594370032,0.013881934135911135
3928.2696148425725,0.0001881959492917473,-0.013528965986634266,0.013905357885217762
3934.847094323776,0.00018882214599368077,-0.01355113754065981,0.013928781832647171
3941.4245738049794,0.00018944936159885587,-0.013573307285898973,0.013952206009096685
3948.0020532861813,0.0001900775973366411,-0.013595475269474027,0.013975630464147308
3954.579532767383,0.00019070685374650441,-0.013617641513905527,0.013999055221398536
3961.157012248586,0.00019133712793207672,-0.013639805920838384,0.014022480176702537
3967.734491729789,0.0001919684206158972,-0.013661968519524384,0.014045905360756178
3974.311971210993,0.0001926007330273698,-0.013684129356767097,0.014069330822821835
3980.889450692196,0.00019323406570599796,-0.013706288454936525,0.014092756586348522
3987.466930173399,0.00019386841575544798,-0.013728445716342724,0.014116182547853618
3994.0444096546007,0.00019450378389829453,-0.01375060117003962,0.014139608737836208
4000.6218891358035,0.00019514017136397727,-0.0137727548625163,0.014163035205244253
4007.199368617007,0.00019577757869203527,-0.013794906815994193,0.014186461973378263
4013.7768480982113,0.00019641600298617035,-0.013817056933439736,0.014209888939412076
4020.3543275794154,0.0001970554449689926,-0.013839205243711617,0.014233316133649601
4026.9318070606178,0.00019769590586997697,-0.013861351792988549,0.014256743604728504
4033.509286541819,0.0001983373862286981,-0.013883496603345319,0.014280171375802715
4040.0867660230215,0.00019897988314889346,-0.013905639578396162,0.014303599344693947
4046.6642455042243,0.00019962339735320883,-0.013927780746807105,0.014327027541513522
4053.2417249854293,0.00020026793007115495,-0.013949920154450547,0.014350456014592856
4059.819204466634,0.00020091348184234157,-0.013972057823256515,0.014373884786941196
4066.396683947838,0.0002015600497705416,-0.013994193657478612,0.014397313757019695
4072.9741634290403,0.000202207634578436,-0.014016327685592703,0.014420742954749575
4079.551642910241,0.00020285623749557102,-0.014038459953168835,0.014444172428159978
4086.1291223914427,0.00020350585906159233,-0.014060590481994154,0.014467602200117339
4092.706601872646,0.00020415649638030843,-0.014082719176953386,0.014491032169714004
4099.2840813538505,0.000204808150174436,-0.014104846066334715,0.014514462366683587
4105.861560835055,0.00020546082167355643,-0.014126971195409715,0.014537892838756828
4112.439040316258,0.00020611451141735063,-0.014149094585824452,0.014561323608659155
4119.01651979746,0.00020676921650966248,-0.01417121614308667,0.014584754576105993
4125.593999278661,0.0002074249376732442,-0.014193335895299279,0.014608185770645767
4132.171478759863,0.000208081676137713,-0.014215453887439227,0.014631617239714652
4138.748958241066,0.00020873943244278538,-0.014237570141013296,0.014655049005898868
4145.32643772227,0.00020939820369234057,-0.014259684562144303,0.014678480969528984
4151.9039172034745,0.00021005799060916621,-0.014281797178752258,0.01470191315997059
4158.481396684678,0.00021071879442291462,-0.0143039080355232,0.01472534562436903
4165.05887616588,0.00021138061567333775,-0.014326017153826379,0.014748778385173054
4171.6363556470815,0.00021204345146435058,-0.014348124440391899,0.0147722113433206
4178.213835128284,0.00021270730251877608,-0.014370229922959199,0.014795644527996752
4184.791314609487,0.00021337217006630246,-0.014392333645927105,0.014819077986059711
4191.368794090691,0.0002140380546467169,-0.014414435630529052,0.014842511739822487
4197.946273571895,0.00021470495336396963,-0.014436535784094774,0.014865945690822712
4204.523753053098,0.00021537286694091898,-0.014458634134185414,0.014889379868067251
4211.101232534299,0.0002160417966072884,-0.014480730724916173,0.01491281431813075
4217.678712015501,0.00021671174290290086,-0.014502825577386377,0.014936249063192178
4224.256191496705,0.00021738270293174204,-0.01452491859951789,0.014959684005381375
4230.833670977908,0.00021805467741670592,-0.014547009818695819,0.014983119173529232
4237.411150459112,0.00021872766758755123,-0.014569099278755273,0.015006554613930375
4243.988629940315,0.0002194016739841361,-0.014591187000663102,0.015029990348631376
4250.5661094215175,0.0002200766937104815,-0.014613272892925943,0.015053426280346905
4257.143588902719,0.00022075272748951693,-0.014635356982755048,0.015076862437734083
4263.721068383922,0.00022142977655103678,-0.014657439313708925,0.015100298866811
4270.298547865126,0.00022210784143493467,-0.01467951990662359,0.01512373558949346
4276.87602734633,0.00022278691924526703,-0.01470159867058322,0.015147172509073756
4283.453506827534,0.00022346701070499845,-0.014723675632627373,0.015170609654037371
4290.030986308736,0.00022414811704395856,-0.014745750836041337,0.015194047070129254
4296.608465789937,0.00022483023880207648,-0.01476782430153189,0.015217484779136042
4303.18594527114,0.0002255133730834441,-0.014789895938753666,0.015240922684920555
4309.763424752343,0.00022619752061106167,-0.014811965774576654,0.015264360815798779
4316.340904233546,0.00022688268261479423,-0.014834033852016282,0.01528779921724587
4322.91838371475,0.00022756885963460597,-0.014856100191651643,0.015311237910920854
4329.4958631959535,0.0002282560487746243,-0.014878164703700864,0.015334676801250113
4336.073342677157,0.00022894425075788459,-0.014900227414866426,0.015358115916382196
4342.650822158359,0.00022963346681428731,-0.014922288367897182,0.015381555301525756
4349.228301639561,0.00023032369748383232,-0.014944347583246096,0.01540499497821376
4355.805781120764,0.00023101493987068224,-0.01496640497168795,0.015428434851429315
4362.383260601967,0.00023170719469790788,-0.014988460559759763,0.01545187494915558
4368.96074008317,0.00023240046319544506,-0.015010514389947034,0.015475315316337923
4375.538219564373,0.00023309474590332894,-0.015032566482578103,0.01549875597438476
4382.115699045577,0.00023379003992575747,-0.015054616748977689,0.015522196828829205
4388.69317852678,0.00023448634598583677,-0.015076665215519359,0.015545637907491031
4395.270658007982,0.00023518366531353801,-0.015098711924428415,0.015569079255055492
4401.848137489184,0.00023588199844893178,-0.015120756895910066,0.015592520892807929
4408.425616970387,0.00023658134249625136,-0.01514280004183238,0.015615962726824882
4415.00309645159,0.00023728169817863832,-0.015164841388407437,0.015639404784764714
4421.580575932794,0.00023798306672609922,-0.01518688097760346,0.01566284711105566
4428.158055413997,0.00023868544867873976,-0.01520891882950397,0.015686289726861452
4434.7355348952005,0.00023938884114082859,-0.015230954856513915,0.01570973253879557
4441.313014376403,0.00024009324483554247,-0.01525298908468581,0.015733175574356894
4447.890493857605,0.00024079866099292342,-0.015275021555733856,0.015756618877719702
4454.4679733388075,0.00024150509015311253,-0.015297052289621327,0.015780062469927553
4461.045452820012,0.00024221252942041384,-0.015319081199283689,0.015803506258124517
4467.622932301215,0.0002429209795180395,-0.015341108310615801,0.01582695026965188
4474.200411782418,0.0002436304416760666,-0.015363133665080827,0.01585039454843296
4480.777891263621,0.0002443409164346715,-0.015385157282523198,0.01587383911539254
4487.355370744824,0.00024505240089819355,-0.015407179076402657,0.015897283878199043
4493.932850226026,0.0002457648957898803,-0.015429199072458268,0.015920728864038027
4500.510329707229,0.00024647840233984423,-0.015451217311905106,0.015944174116584792
4507.087809188432,0.00024719292108829697,-0.01547323381447015,0.015967619656646743
4513.665288669636,0.00024790844913961333,-0.01549524849413128,0.015991065392410506
4520.242768150839,0.0002486249872170758,-0.015517261376473584,0.016014511350907736
4526.820247632041,0.0002493425365508321,-0.015539272502466948,0.016037957575568612
4533.397727113243,0.00025006109768112934,-0.015561281891722265,0.016061404087084525
4539.975206594445,0.00025078066771237756,-0.015583289458729506,0.01608485079415426
4546.552686075649,0.00025150124736789483,-0.015605295228921609,0.0161082977236574
4553.130165556853,0.00025222283787786407,-0.01562729924302611,0.01613174491878184
4559.707645038057,0.0002529454397825673,-0.015649301520539123,0.01615519240010426
4566.28512451926,0.00025366905018644987,-0.015671301976456813,0.016178640076829714
4572.862604000461,0.00025439366981286517,-0.01569330063606171,0.016202087975687438
4579.440083481664,0.0002551192998920315,-0.015715297539841803,0.01622553613962587
4586.017562962868,0.0002558459409642664,-0.015737292707179773,0.016248984589108305
4592.5950424440725,0.0002565735901340503,-0.015759286053572127,0.016272433233840224
4599.172521925276,0.00025730224812477165,-0.015781277604152724,0.016295882100402267
4605.750001406478,0.00025803191616668384,-0.015803267399172757,0.016319331231506123
4612.3274808876795,0.00025876259480013986,-0.01582525545790274,0.016342780647503018
4618.904960368882,0.00025949428112965545,-0.015847241696333822,0.016366230258593135
4625.482439850084,0.0002602269758786544,-0.01586922613945292,0.01638968009121023
4632.059919331288,0.00026096068027742556,-0.015891208827277115,0.016413130187831967
4638.637398812492,0.00026169539486635684,-0.015913189778966025,0.01643658056869874
4645.214878293696,0.0002624311167499991,-0.015935168910999803,0.0164600311444998
4651.792357774897,0.0002631678466518112,-0.015957146248220082,0.016483481941523707
4658.369837256098,0.0002639055858021174,-0.015979121830412505,0.01650693300201674
4664.947316737302,0.00026464433474134106,-0.016001095676627046,0.016530384346109726
4671.524796218506,0.0002653840905740682,-0.016023067703827335,0.016553835884975474
4678.102275699709,0.0002661248540237931,-0.01604503793671139,0.016577287644758975
4684.679755180912,0.0002668666263208749,-0.01606700641483599,0.01660073966747774
4691.257234662115,0.00026760940800577216,-0.016088973157142698,0.016624191973154245
4697.834714143317,0.00026835319618310604,-0.016110938081073195,0.01664764447343941
4704.41219362452,0.0002690979915764062,-0.01613290121118347,0.016671097194336286
4710.989673105723,0.000269843795416067,-0.016154862586804056,0.016694550177636193
4717.567152586927,0.00027059060824258225,-0.016176822226769288,0.016718003443254453
4724.14463206813,0.00027133842716060825,-0.01619878004899354,0.016741456903314758
4730.722111549333,0.00027208725289370973,-0.016220736077892393,0.016764910583679814
4737.299591030536,0.00027283708667231635,-0.01624269035257262,0.016788364525917254
4743.877070511739,0.00027358792903695706,-0.016264642891762538,0.016811818749836453
4750.454549992942,0.0002743397770923233,-0.016286593613843957,0.016835273168028603
4757.032029474145,0.0002750926315620152,-0.016308542543093614,0.016858727806217645
4763.609508955348,0.00027584649367649747,-0.01633048971839701,0.016882182705750006
4770.1869884365515,0.0002766013639763341,-0.016352435158377587,0.016905637886330253
4776.764467917754,0.00027735723956625203,-0.01637437878187945,0.01692909326101195
4783.341947398957,0.00027811412116988623,-0.01639632061304201,0.01695254885538178
4789.91942688016,0.00027887201001773674,-0.016418260690531945,0.016976004710567417
4796.496906361363,0.00027963090665040265,-0.016440199032868974,0.01699946084616978
4803.074385842566,0.00028039080817264615,-0.016462135559354402,0.017022917175699693
4809.651865323769,0.0002811517153081373,-0.016484070293991848,0.01704637372460812
4816.229344804971,0.0002819136292874113,-0.016506003275231544,0.01706983053380637
4822.806824286174,0.0002826765506511024,-0.016527934521490636,0.017093287622792844
4829.384303767376,0.000283440476504008,-0.016549863952522607,0.017116744905530626
4835.961783248579,0.00028420540756983335,-0.01657179159219679,0.01714020240733646
4842.539262729782,0.0002849713450791486,-0.01659371747874933,0.017163660168907625
4849.116742210987,0.00028573828957262327,-0.016615641630495896,0.017187118209641142
4855.694221692189,0.0002865062381550897,-0.01663756396763725,0.017210576443947426
4862.271701173391,0.00028727519155028836,-0.016659484513909868,0.017234034897010447
4868.8491806545935,0.00028804515098882464,-0.01668140330733817,0.017257493609315822
4875.426660135796,0.0002888161170114032,-0.01670332036613743,0.01728095260016024
4882.004139617,0.0002895880867228917,-0.016725235610950847,0.017304411784396633
4888.581619098203,0.0002903610608470655,-0.016747149065383507,0.01732787118707764
4895.159098579406,0.0002911350406145651,-0.016769060767250345,0.017351330848479476
4901.736578060609,0.0002919100265661301,-0.01679097073466733,0.01737479078779959
4908.314057541811,0.0002926860158066632,-0.01681287888871533,0.017398250920328654
4914.891537023013,0.00029346300905997536,-0.016834785252869463,0.017421711270989414
4921.469016504216,0.00029424100755674184,-0.016856689864737446,0.017445171879850927
4928.04649598542,0.00029502001183773777,-0.016878592742336992,0.01746863276601247
4934.623975466624,0.00029580001900790065,-0.01690049380718196,0.017492093845197763
4941.201454947828,0.0002965810297910764,-0.01692239308261889,0.01751555514220104
4947.77893442903,0.0002973630454179754,-0.016944290606050467,0.01753901669688642
4954.356413910233,0.0002981460664294078,-0.016966186395397216,0.01756247852825603
4960.933893391435,0.00029893008993034647,-0.01698808037260136,0.017585940552462053
4967.511372872639,0.00029971511664467226,-0.017009972560882238,0.017609402794171582
4974.088852353843,0.0003005011478031309,-0.017031862997439716,0.01763286529304598
4980.666331835047,0.00030128818394656754,-0.017053751700098117,0.01765632806799125
4987.24381131625,0.0003020762221799899,-0.017075638591223505,0.017679791035583488
4993.821290797452,0.0003028652632273136,-0.017097523693909357,0.017703254220363986
4998.206277118254,0.00030339184964870396,-0.01711211282389638,0.01771889652319379
4999.99999995,0.0003036073905016533,-0.017118080617670405,0.01772529539867371
5000,0.0003036073905016533,-0.017118080617670405,0.01772529539867371