Time [c = 5000000],sp1,sp1 (low),sp1 (high)
0,0,0,0
0.7206251826436711,0.0035569061484825217,-0.05597673616519932,0.06309054846216436
1.4423342191517665,0.00714581463020527,-0.07708453597737569,0.09137616523778624
2.1649578838512014,0.010726595940301425,-0.0922857143912067,0.11373890627180955
2.8878433423788348,0.014295895780621832,-0.10441182572245239,0.13300361728369606
3.610874118984606,0.017852908388645245,-0.1145637901456102,0.1502696069229007
4.333995951154334,0.021397242249828908,-0.12330728523266228,0.1661017697323201
5.057179968319071,0.02492935680876725,-0.13098050169244627,0.1808392153099808
5.780409175329358,0.028449084365951165,-0.13780293506446104,0.19470110379636338
6.503672705415257,0.031956149948370885,-0.14392720466157544,0.20783950455831718
7.226963197753703,0.03545039739631946,-0.14946489867396912,0.22036569346660806
7.950275431311399,0.0389324047481131,-0.15450149251046513,0.23236630200669134
8.673605570444437,0.04240206995940121,-0.15910260597284423,0.24390674589164665
9.396950708450259,0.0458591575615721,-0.16332041894941285,0.25503873407255706
10.120308595217201,0.04930353657766558,-0.16719749773533804,0.26580457089066917
10.84367745159534,0.052735801872352564,-0.17076976198061405,0.27624136572531915
11.567055847717967,0.056155862926164875,-0.17406659902136679,0.2863783248736965
12.290442613780737,0.05956349241828077,-0.17711283252618462,0.2962398173627462
13.013836783710332,0.06295856524482273,-0.1799298542138582,0.30584698470350363
13.737237549455989,0.06634168059467198,-0.18253672748957006,0.315220088678914
14.46064422908637,0.06971275110574283,-0.18494954182159967,0.3243750440330853
15.184056239641354,0.07307155179829596,-0.1871823629005706,0.3333254664971625
15.90747308092691,0.07641795930488417,-0.18924772308665327,0.3420836416964216
16.630894319908222,0.07975257411263685,-0.19115719137219245,0.3506623395974662
17.35431957973767,0.08307530978085582,-0.19292070954853718,0.3590713291102488
18.07774852890023,0.08638594197875996,-0.1945471657305349,0.36731904968805484
18.801180875685787,0.08968434777559812,-0.19604465939669385,0.37541335494789013
19.52461636159871,0.0929711279390891,-0.19742084390039308,0.3833630997785713
20.248054756896614,0.09624619615550661,-0.19868238143761568,0.3911747737486289
20.97149585534484,0.09950932811034018,-0.19983532564076467,0.39885398186144505
21.69493947219837,0.10276040080061342,-0.20088528223787588,0.40640608383910276
22.41838544097388,0.10600001485834035,-0.20183762369219813,0.4138376534088788
23.141833611425525,0.1092280837608027,-0.20269708271145512,0.4211532502330605
23.86528384662372,0.11244438293325021,-0.20346801581046925,0.42835678167696967
24.58873602226778,0.11564878907128374,-0.2041545046228705,0.43545208276543795
25.312190024911697,0.11884190247792284,-0.20476048424589402,0.4424442892017397
26.035645750978972,0.12202363626232585,-0.20528946835715842,0.4493367408818101
26.759103104954463,0.12519376545575364,-0.20574472814504127,0.45613225905654853
27.482561999242925,0.12835216633929625,-0.2061293544287514,0.4628336871073439
28.206022353100426,0.13149943878952353,-0.2064463207452928,0.46944519832433984
28.92948409212869,0.13463549546643577,-0.2066983276846594,0.47596931861753095
29.652947147070556,0.13776011093835938,-0.20688791643538068,0.48240813831209944
30.376411453891052,0.14087316101285965,-0.20701750215461398,0.48876382418033326
31.099876953090966,0.14397524508842285,-0.2070893841326814,0.4950398743095271
31.82334358944879,0.14706627533302238,-0.20710569700907874,0.5012382476751235
32.54681131115659,0.15014602581541014,-0.20706847101702291,0.5073605226478433
33.27028006999616,0.153214371838186,-0.206979642687897,0.513408386364269
33.993749820869894,0.15627191229398943,-0.2068410201691344,0.5193848447571132
34.71722052166934,0.1593185588359653,-0.20665433038726166,0.5252914480591923
35.4406921326304,0.16235408501395318,-0.2064212342432271,0.5311294042711334
36.164164616542415,0.16537836560911356,-0.20614331854616147,0.5369000497643885
36.88763793840974,0.16839199899366777,-0.2058220222142292,0.5426060202015648
37.61111206539556,0.17139489629441937,-0.2054587700253401,0.5482485626141789
38.33458696631676,0.17438683053279758,-0.20505494875557084,0.553828609821166
39.0580626118594,0.17736767596068354,-0.20461188302773864,0.5593472349491058
39.78153897432555,0.18033803042304655,-0.20413072670317675,0.5648067875492698
40.50501602761621,0.18329780451545605,-0.2036126752796378,0.5702082843105499
41.22849374682599,0.18624677072726992,-0.20305890752689282,0.5755524489814327
41.95197210845127,0.18918480277842267,-0.20247054721198918,0.5808401527688345
42.675451090197136,0.19211249798449576,-0.2018485230602935,0.586073519029285
43.39893067098042,0.19502976640899874,-0.2011938530579004,0.5912533858758979
44.12241083059533,0.19793638000916958,-0.20050755516620133,0.5963803151845405
44.845891549912544,0.2008322119735745,-0.19979059642277194,0.6014550203699209
45.569372810717766,0.20371785908920703,-0.1990437242045786,0.6064794423829927
46.29285459573722,0.2065932308892442,-0.19826781668138543,0.6114542784598738
47.01633688835322,0.2094580988010437,-0.19746376550179257,0.61637996310388
47.73981967278439,0.21231233548440298,-0.19663241345555016,0.6212570844243561
48.46330293396293,0.215156537200482,-0.195774359302056,0.62608743370302
49.18678665756009,0.2179906129555098,-0.1948903694338356,0.6308715953448552
49.910270829740625,0.2208143336506731,-0.19398123491905295,0.6356099022203991
50.63375543733804,0.22362757142099698,-0.1930476986891259,0.6403028415311198
51.357240467746706,0.22643092200580164,-0.1920902358409722,0.6449520798525755
52.080725908946064,0.22922429388882823,-0.19110952223830227,0.6495581100159588
52.80421174929937,0.2320074574498224,-0.1901062679104071,0.6541211828100519
53.5276979777043,0.23478028430388417,-0.18908113456562262,0.658641703173391
54.251184583506806,0.2375433696733239,-0.18803449299996705,0.6631212323466149
54.974671556528165,0.2402966215246187,-0.18696694491707175,0.6675601879663091
55.698158886885686,0.24303980972142344,-0.18587913438340123,0.6719587538262481
56.42164656513464,0.2457728053643912,-0.18477165634393025,0.6763172670727127
57.145134582189286,0.24849620316423396,-0.1836447925503519,0.6806371988788198
57.86862292935485,0.2512099105758507,-0.18249908334095039,0.6849189044926518
58.59211159816746,0.25391369695260835,-0.18133511861438129,0.6891625125195979
59.31560058052452,0.25660743288656623,-0.18015343792712357,0.693368303700256
60.03908986861647,0.2592917125826386,-0.17895424617636801,0.6975376713416452
60.76257945495874,0.261966442990163,-0.17773803246721132,0.7016709184475373
61.486069332246686,0.26463139295830496,-0.17650534187484418,0.705768127791454
62.209559493474806,0.267286432576646,-0.1752566676261434,0.7098295327794355
62.933049931883396,0.26993215555036176,-0.17399214762563814,0.7138564587263616
63.65654064098182,0.2725684683294428,-0.17271222786340173,0.7178491645222873
64.3800316144237,0.2751951392651342,-0.17141741607783595,0.7218076946081045
65.1035228461138,0.27781203795084697,-0.17010816646110422,0.7257322423627981
65.82701433015963,0.28041975759822496,-0.16878455799410957,0.7296240731905594
66.55050606089843,0.2830182041642741,-0.16744700012558378,0.733483408454132
67.27399803277879,0.28560714550870064,-0.16609596931681453,0.7373102603342159
67.99749024046429,0.28818645073513804,-0.1647318866589466,0.7411047881292228
68.72098267878896,0.2907567125680264,-0.16335477887945998,0.7448682040155128
69.44447534278137,0.29331783647781245,-0.1619650242601992,0.7486006972158241
70.16796822756038,0.2958695898391285,-0.16056307293551825,0.7523022526137753
70.89146132842743,0.29841184127228226,-0.15914931776634123,0.7559730003109058
71.61495464082914,0.30094518302088913,-0.15772373879245183,0.7596141048342301
72.3384481603761,0.30346952007529854,-0.1562866875614951,0.7632257277120922
73.06194188275421,0.3059846193315505,-0.1548385919589363,0.7668078306220374
73.78543580380489,0.30849034893309646,-0.15337982064730937,0.7703605185135023
74.50892991949127,0.31098730064911784,-0.15191031166281993,0.7738849129610557
75.23242422592307,0.31347537899635697,-0.15043039350431725,0.7773811514970312
75.95591871926604,0.31595435039873127,-0.14894047519394726,0.7808491759914098
76.679413395822,0.31842408252930215,-0.14744090455888237,0.7842890696174867
77.4029082519981,0.3208851666892273,-0.1459315816050623,0.7877019149835169
78.12640328432829,0.3233375069280887,-0.14441281486936008,0.7910878287255375
78.8498984893898,0.3257808692041422,-0.14288499734124194,0.7944467357495263
79.57339386388094,0.3282151207265074,-0.14134845883752944,0.7977787002905442
80.29688940458888,0.33064085233468843,-0.13980306472884335,0.8010847693982202
81.02038510841093,0.33305796761753154,-0.1382491061931751,0.8043650414282382
81.74388097228086,0.33546623207405774,-0.13668696256947338,0.8076194267175889
82.46737699323928,0.3378655124558535,-0.1351169480527757,0.8108479729644826
83.1908731684012,0.34025639914711064,-0.1335388962986681,0.8140516945928894
83.9143694949789,0.342638795282323,-0.1319530833352966,0.8172306738999426
84.63786597021603,0.34501246590765855,-0.13035987686795486,0.8203848086832719
85.3613625914464,0.3473772773235111,-0.12875957750166994,0.8235141321486921
86.08485935607115,0.3497338194650647,-0.12715198970463815,0.8266196286347676
86.80835626157803,0.35208199501879583,-0.12553737624076738,0.829701366278359
87.5318533054776,0.3544215685843302,-0.12391609489885519,0.8327592320675157
88.25535048536175,0.35675240601717967,-0.12228843443187126,0.8357932464662305
88.97884779888007,0.3590750968097609,-0.12065417232109144,0.8388043659406133
89.70234524375957,0.3613895432067979,-0.11901355968449262,0.8417926460980885
90.4258428177445,0.3636955093676383,-0.11736694586395885,0.8447579645992354
91.1493405186525,0.36599286070914583,-0.11571460925481641,0.8477003306731081
91.87283834435311,0.3682821862871635,-0.11405630227736158,0.8506206748516887
92.59633629278348,0.37056338791087035,-0.11239226579957973,0.8535190416213204
93.31983436189321,0.3728362293055283,-0.1107228419802494,0.856395300591306
94.04333254969903,0.3751005754555312,-0.10904830014830674,0.8592494510593691
94.7668308542628,0.37735701498626284,-0.10736836935720256,0.8620823993297282
95.49032927370685,0.3796054492774964,-0.10568328143477401,0.8648941799897668
96.21382780616284,0.38184564162653617,-0.10399337244845047,0.8676846557015228
96.93732644982082,0.38407745659140097,-0.10229890378159401,0.8704538169643959
97.66082520291191,0.3863014823730674,-0.10059958261800256,0.8732025473641374
98.38432406372246,0.3885176199279708,-0.09889563279857916,0.8759308726545207
99.10782303054597,0.3907256321315142,-0.0971873852465251,0.8786386495095535
99.8313221017275,0.3929253831213757,-0.09547509437664625,0.8813258606193977
100.55482127564892,0.39511746068011355,-0.09375844683202034,0.8839933681922474
101.27832055074225,0.3973017653468195,-0.0920376593873013,0.8866411900809403
102.00181992544287,0.39947805958096827,-0.09031305864637629,0.8892691778083128
102.72531939823534,0.40164620710586174,-0.08858489291058658,0.8918773071223101
103.44881896763525,0.40380679529155206,-0.08685282946671008,0.8944664200498142
104.17231863220337,0.405959724265704,-0.08511707883114111,0.8970365273625491
104.89581839050308,0.40810475607777474,-0.0833779640095898,0.8995874761651392
105.61931824114001,0.41024175404256213,-0.08163572794115714,0.9021192360262814
106.34281818275099,0.41237130512345677,-0.07989001961598863,0.9046326298629022
107.06631821401236,0.41449330904254644,-0.07814104400391592,0.9071276620890087
107.78981833360223,0.4166075274451018,-0.07638912114510976,0.9096041760353134
108.51331854023827,0.4187138232432349,-0.07463448927872751,0.9120621357651973
109.2368188326612,0.4208127829994312,-0.07287678004976356,0.9145023460486259
109.96031920965177,0.42290430603596985,-0.0711161935105617,0.9169248055825014
110.6838196699905,0.42498815359968894,-0.06935304729258557,0.9193293544919634
111.40732021249465,0.4270641882057455,-0.06758757552093231,0.9217159519324233
112.13082083600288,0.42913299602142474,-0.06581939335264486,0.9240853853954943
112.85432153938874,0.4311944759748924,-0.06404869648044831,0.9264376484302331
113.57782232152277,0.4332483889202243,-0.06227580061874699,0.9287725784591956
114.30132318131028,0.4352945969812736,-0.06050093629850917,0.9310901302610564
115.02482411767721,0.4373336859357434,-0.05872370296356527,0.933391074835052
115.74832512958088,0.4393655543233049,-0.056944292443289024,0.9356754010898988
116.47182621597594,0.4413899626108825,-0.05516301897038467,0.9379429441921496
117.19532737584875,0.4434067725366129,-0.05338010994447406,0.9401936550176999
117.91882860820418,0.4454165694941622,-0.05159514979846613,0.9424282887867905
118.64232991207487,0.44741925164024765,-0.0498083269411585,0.9446468302216537
119.36583128649175,0.4494145790601731,-0.04801995451016566,0.9468491126305119
120.08933273051358,0.45140241311185925,-0.0462302571868759,0.9490350834105944
120.81283424321494,0.45338333881040177,-0.0444388050316879,0.9512054826524914
121.5363358236985,0.4553572539350393,-0.04264578342897063,0.9533602912990492
122.25983747106312,0.4573239181949014,-0.040851504765489655,0.9554993411552926
122.98333918443188,0.4592831925731212,-0.039056191374166715,0.9576225765204092
123.70684096294589,0.46123566171163116,-0.03725939952475149,0.9597307229480139
124.43034280576967,0.4631812230175788,-0.0354613119325784,0.961823757967736
125.1538447120638,0.46511963582929766,-0.03366224054084388,0.9639015121994392
125.87734668101332,0.4670507607604997,-0.0318624056658216,0.965963927186821
126.60084871181539,0.46897518208526584,-0.03006135031828233,0.9680117144888141
127.32435080369069,0.4708927968439731,-0.02825925486415498,0.9700448485521012
128.04785295585722,0.47280336400946305,-0.026456431078022646,0.9720631590969487
128.77135516755325,0.4747067438313022,-0.02465309755803563,0.97406658522064
129.49485743803191,0.4766035202209851,-0.022848784542893352,0.9760558249848637
130.21835976656757,0.47849358985736934,-0.021043670337280163,0.9780308500520188
130.94186215242797,0.48037671135302945,-0.019238066793772046,0.979991489499831
131.66536459490254,0.48225274459860185,-0.01743219106157745,0.9819376802587811
132.38886709329245,0.48412227314816525,-0.015625561054263826,0.9838701073505943
133.1123696469189,0.4859851933242263,-0.013818353275675987,0.9857887399241285
133.835872255097,0.4878412633842535,-0.012010879878040503,0.9876934066465475
134.5593749171622,0.48969034286508745,-0.01020335680491291,0.9895840425350878
135.28287763245945,0.4915330149685003,-0.008395290055806526,0.9914613199928072
136.00638040035312,0.49336917566574884,-0.006586854569559264,0.9933252059010569
136.729883220203,0.49519858286428287,-0.004778362997712671,0.9951755287262785
137.45338609138733,0.4970210957522156,-0.002970030298519999,0.9970122218029511
138.17688901329328,0.49883729718405456,-0.0011613509362796703,0.9988359453043888
138.9003919853235,0.5006470827848324,0.0006475015011381258,1.0006466640685265
139.6238950068764,0.5024502101169903,0.0024562136826504766,1.0024442065513302
140.34739807736756,0.5042465380249,0.004264571435300846,1.0042285046144992
141.07090119622143,0.5060366490207703,0.0060730914802230584,1.0060002065613176
141.79440436287933,0.5078204383883763,0.007881601385874959,1.0077592753908777
142.5179075767762,0.5095976633500962,0.009689786978640869,1.0095055397215513
143.24141083736384,0.5113681824114931,0.011497434688985286,1.0112389301340008
143.9649141441016,0.5131325777473695,0.013305072099961901,1.0129600833947772
144.68841749646356,0.5148907443051333,0.01511252775899452,1.014668960851272
145.4119208939193,0.5166424389719698,0.016919486502239567,1.0163653914417001
146.13542433595268,0.5183875199194853,0.018725735197849314,1.0180493046411212
146.85892782205536,0.5201265689899106,0.020531811991106264,1.019721325988715
147.58243135173225,0.5218594807990995,0.022337546246477713,1.0213814153517213
148.30593492448259,0.5235860119038501,0.024142621675816933,1.0230294021318833
149.02943853982163,0.5253060201466012,0.025946825433677323,1.024665214859525
149.75294219727041,0.5270200870417726,0.027750705949505905,1.0262894681340393
150.47644589636306,0.52872810687842,0.029554093256735026,1.0279021205001049
151.1999496366289,0.5304298358876961,0.031356669820988115,1.029503001954404
151.92345341760935,0.5321251315875836,0.0331582229448556,1.0310920402303116
152.64695723885293,0.533814575169385,0.034959311083584244,1.0326698392551859
153.3704610999214,0.5354980606000457,0.036759764803908246,1.0342363563961832
154.09396500036974,0.5371753437897372,0.03855926521413122,1.0357914223653433
154.81746893976535,0.5388462819366436,0.040357599638139674,1.0373349642351477
155.54097291768332,0.5405114559135796,0.04215533631659696,1.0388675755105623
156.26447693370832,0.5421707593699946,0.043952306225033266,1.0403892125149559
156.9879809874207,0.5438239478996854,0.0457481890130621,1.0418997067863085
157.71148507841312,0.5454708783856242,0.04754277190955902,1.0433989848616894
158.43498920628258,0.5471121313866969,0.04933663271666128,1.0448876300567325
159.15849337063682,0.5487476002394127,0.051129602704256816,1.0463655977745687
159.88199757107975,0.5503770402257313,0.05292135997060038,1.0478327204808622
160.60550180722552,0.5520003079179305,0.05471169154265049,1.0492889242932106
161.32900607869382,0.5536179835654705,0.0565011845751599,1.0507347825557811
162.05251038511463,0.5552299601964116,0.058289670527016,1.0521702498658072
162.77601472611252,0.5568359927853459,0.06007682586026125,1.0535951597104305
163.4995191013229,0.5584359375983201,0.06186243730153096,1.0550094378951091
164.22302351038533,0.5600303745797977,0.0636471011631673,1.0564136479964281
164.9465279529489,0.5616191964538094,0.06543064899590317,1.0578077439117157
165.6700324286578,0.5632021578919929,0.06721275554775369,1.059191560236232
166.3935369371664,0.5647791148585525,0.06899320715428697,1.060565022562818
167.1170414781329,0.5663506469973286,0.07077260910315814,1.061928684891499
167.8405460512265,0.5679166467326909,0.07255079294724193,1.0632825005181399
168.56405065611006,0.5694768684376703,0.07432743164904321,1.0646263052262974
169.28755529245575,0.5710311677789586,0.07610231106927207,1.0659600244886451
170.01105995994047,0.5725801241040859,0.07787604530036762,1.0672842029078042
170.7345646582491,0.5741236295420534,0.07964846581437696,1.0685987932697298
171.4580693870615,0.5756614381715689,0.08141924372252163,1.0699036326206162
172.18157414606674,0.5771934053660799,0.08318816433316523,1.0711986463989946
172.9050789349581,0.5787201101810568,0.08495585038385134,1.0724843699782625
173.6285837534374,0.5802414444543718,0.08672213318897054,1.073760755719773
174.35208860120147,0.5817571619746374,0.08848668194785447,1.0750276420014204
175.07559347795433,0.5832671178262653,0.09024928134475735,1.0762849543077733
175.79909838340453,0.5847718907768492,0.09201056261267809,1.0775332189410203
176.52260331726885,0.5862713723773116,0.09377035683710461,1.0787723879175186
177.24610827925727,0.5877653161303265,0.09552833124952348,1.0800023010111295
177.96961326909016,0.5892535768354215,0.09728426984352839,1.0812228838273146
178.6931182864904,0.5907367329764435,0.09903881220723626,1.0824346537456506
179.41662333118845,0.5922146758214853,0.10079178913107245,1.0836375625118984
180.14012840291005,0.5936871585913908,0.10254286582696132,1.0848314513558202
180.8636335013877,0.5951540358048875,0.10429182553601557,1.0860162460737595
181.58713862635815,0.5966158856661459,0.10603931606977163,1.08719245526252
182.31064377756488,0.5980725991644859,0.10778516786206904,1.0883600304669026
183.03414895474782,0.5995239292429677,0.10952904405737646,1.089518814428559
183.75765415765326,0.6009697301435528,0.11127072708684033,1.0906687332002654
184.4811593860296,0.6024105797947463,0.11301087286174877,1.091810286727744
185.20466463963325,0.6038463689110966,0.11474931140207778,1.0929434264201152
185.92816991821599,0.6052768501618673,0.11648570374041689,1.0940679965833175
186.6516752215349,0.6067018775162213,0.11821983144439963,1.095183923588043
187.375180549352,0.6081220286309558,0.11995235840888352,1.096291698853028
188.09868590143523,0.6095371939497932,0.12168311418658634,1.097391273713
188.82219127754792,0.6109471258721281,0.12341175765694495,1.0984824940873112
189.54569667745886,0.6123516780982482,0.1251380694741585,1.099565286722338
190.26920210094067,0.6137514280171347,0.12686272140743865,1.1006401346268306
190.99270754777294,0.6151462658055735,0.12858554249240656,1.1017069891187405
191.7162130177291,0.6165359435969655,0.13030618941694327,1.1027656977769877
192.4397185105896,0.6179203148265804,0.13202444187518336,1.1038161877779773
193.1632240261373,0.6192999566194283,0.13374097940800594,1.1048589338308505
193.88672956416121,0.6206747588891863,0.13545563048735104,1.1058938872910216
194.61023512444564,0.6220444735070847,0.13716804957375045,1.106920897440419
195.33374070678093,0.6234089536471773,0.13887801535767158,1.107939891936683
196.05724631096032,0.6247687761742942,0.14058621505507246,1.1089513372935158
196.78075193678265,0.6261238307427818,0.1422924765306285,1.1099551849549352
197.50425758404242,0.6274738689654618,0.143996451984093,1.1109512859468305
198.22776325253915,0.6288187437589235,0.14569791906144397,1.111939568456403
198.9512689420749,0.6301590317315491,0.14739757256283537,1.1129204909002628
199.67477465245815,0.6314946222820776,0.14909523970484662,1.1138940048593087
200.39828038349194,0.6328252667686312,0.1507905703951834,1.114859963142079
201.12178613498526,0.6341508178540323,0.15248334119706064,1.115818294511004
201.84529190674874,0.6354718518938914,0.15417425440930027,1.1167694493784825
202.5687976985981,0.6367882580350123,0.15586313656208806,1.1177133795079364
203.29230351034607,0.6380997873844765,0.15754963524178656,1.1186499395271663
204.01580934181044,0.639406292354984,0.15923352589291495,1.119579058817053
204.7393151928105,0.6407083490530043,0.16091551823247413,1.1205011798735345
205.46282106317136,0.6420058463770233,0.1625954380682912,1.1214162546857553
206.18632695271288,0.6432985351866845,0.1642729306378769,1.122324139735492
206.90983286126095,0.6445862676481553,0.16594777023327328,1.1232247650630374
207.63333878864222,0.6458696196223378,0.16762067391389773,1.124118565330778
208.35684473468828,0.6471484797629639,0.16929146673139955,1.125005492794528
209.08035069922795,0.6484225986857939,0.17095979154857216,1.1258854058230157
209.8038566820949,0.6496918283140044,0.1726254214731846,1.1267582351548242
210.52736268312367,0.6509567442664564,0.17428908083576844,1.1276244076971444
211.25086870215299,0.652217234955643,0.17595059389996442,1.1284838760113216
211.9743747390183,0.6534730507569425,0.17760960112947116,1.1293365003844138
212.6978807935604,0.6547240433540272,0.17926587441780933,1.1301822122902452
213.42138686562086,0.6559707881271915,0.18092014529952116,1.1310214309548616
214.14489295504617,0.6572131732511534,0.1825722372202387,1.131854109282068
214.8683990616791,0.6584509488643637,0.1842217882215551,1.1326801095071724
215.591905185366,0.6596839664144297,0.18586856895445347,1.133499363874406
216.31541132595555,0.6609128010465024,0.1875133180943463,1.1343122839986586
217.03891748330034,0.6621373407009391,0.18915585824054976,1.1351188231613285
217.76242365724897,0.663357335282662,0.1907958249907764,1.1359188455745477
218.48592984765494,0.6645726360066057,0.19243298772673784,1.1367122842864734
219.20943605437319,0.6657838177861544,0.19406809220532623,1.1374995433669826
219.93294227726244,0.6669907683306691,0.19570096015279975,1.1382805765085384
220.65644851617827,0.6681932373149001,0.19733122470235803,1.1390552499274422
221.37995477098062,0.6693910757244499,0.19895865394113604,1.1398234975077637
222.10346104153018,0.6705848582442626,0.20058400065165688,1.1405857158368684
222.82696732769162,0.6717744723560203,0.20220708566183043,1.1413418590502102
223.5504736293264,0.6729596675076083,0.20382753962074357,1.142091795394473
224.2739799462994,0.674140294458586,0.20544512929696745,1.1428354596202046
224.9974862784774,0.6753169276687373,0.20706061444616602,1.1435732408913086
225.72099262573056,0.6764894543953373,0.2086738149739556,1.144305093816719
226.44449898792547,0.6776576238626589,0.21028435902664588,1.145030888698672
227.16800536493284,0.6788212866074719,0.2118920120314946,1.145750561183449
227.89151175662562,0.6799810168676299,0.21349754066799653,1.1464644930672634
228.61501816287875,0.6811367016792239,0.21510076389676935,1.1471726394616786
229.3385245835646,0.6822880900461273,0.2167013073435522,1.1478748727487025
230.06203101855843,0.6834350322855175,0.21829893507265746,1.1485711294983776
230.7855374677374,0.6845781024165031,0.2198944206411228,1.1492617841918833
231.50904393098253,0.6857171872571658,0.22148758204301444,1.1499467924713171
232.23255040817088,0.686852035594151,0.22307804236649903,1.1506260288218029
232.95605689918318,0.6879824975281918,0.22466556429235235,1.1512994307640314
233.67956340390134,0.6891091468627984,0.22625092821174703,1.1519673655138498
234.40306992221093,0.6902318702011734,0.22783395113171662,1.15262978927063
235.12657645399366,0.6913504161158476,0.22941425358655176,1.1532865786451434
235.85008299913534,0.692464634494227,0.23099159685388598,1.153937672134568
236.57358955752315,0.6935750989273125,0.23256676811833332,1.1545834297362916
237.29709612904696,0.6946816958065142,0.2341395833804084,1.1552238082326198
238.02060271359306,0.695784173493328,0.23570966060488896,1.155858686381767
238.7441093110521,0.6968823816648911,0.23727675964753575,1.1564880036822465
239.46761592131455,0.6979768937027483,0.23884167444832133,1.1571121129571753
240.19112254427466,0.6990675957895595,0.24040421998267802,1.157730971596441
240.91462917982346,0.7001542360788153,0.24196401163081832,1.1583444605268123
241.6381358278558,0.7012366640404051,0.24352080780873692,1.1589525202720732
242.36164248826736,0.7023154528494256,0.2450754091761579,1.1595554965226933
243.08514916095547,0.7033904884827851,0.24662762966572443,1.1601533472998458
243.80865584581542,0.7044615188889538,0.24817708205856842,1.1607459557193391
244.53216254274625,0.7055283933335528,0.24972352331379483,1.1613332633533107
245.25566925164725,0.7065916847881935,0.2512677607776318,1.161915608798755
245.97917597242028,0.7076512790269859,0.25280960732302155,1.1624929507309503
246.70268270496456,0.7087069237963278,0.25434867311799597,1.1630651744746596
247.42618944918206,0.7097584681605021,0.25588471364834753,1.1636322226726568
248.14969620497615,0.7108064848905572,0.2574185429158204,1.164194426865294
248.87320297225222,0.7118508595607203,0.2589499727174905,1.16475174640395
249.5967097509141,0.7128913397182189,0.2604786105947095,1.1653040688417284
250.32021654086765,0.7139277742288906,0.2620042105441976,1.1658513379135838
251.04372334201904,0.7149607356661001,0.2635275931943836,1.1663938781378165
251.76723015427797,0.7159901094070613,0.26504856925099446,1.1669316495631281
252.4907369775512,0.7170156428026911,0.2665667436155195,1.1674645419898628
253.21424381174802,0.718037184523233,0.2680818687804565,1.1679925002660094
253.93775065677906,0.7190553069472059,0.2695947719741502,1.1685158419202615
254.661257512557,0.7200698952576412,0.27110526279614006,1.1690345277191423
255.38476437899232,0.7210806966119674,0.27261294349523857,1.1695484497286963
256.10827125599786,0.7220875594876394,0.2741175650451273,1.1700575539301514
256.8317781434873,0.7230910560711339,0.27561996124928256,1.170562150892985
257.55528504137715,0.7240910713540851,0.27711994058680806,1.1710622021213621
258.27879194958086,0.7250873523032105,0.27861710264134293,1.1715576019650782
259.00229886801446,0.7260797472059486,0.28011119685369074,1.1720482975582065
259.72580579659433,0.7270688280594836,0.2816030635795489,1.1725345925394182
260.4493127352398,0.7280544796668081,0.2830925101639063,1.17301644916971
261.17281968386806,0.729036448806667,0.2845791335130259,1.173493764100308
261.89632664239736,0.7300145835792113,0.2860626815212496,1.1739664856371732
262.61983361074806,0.7309894557950556,0.28754400107542033,1.174434910514691
263.34334058884144,0.7319609500712542,0.2890228983732305,1.174899001769278
264.0668475765973,0.7329288130012794,0.2904989676316265,1.1753586583709323
264.7903545739383,0.7338928925006892,0.2919719551853579,1.1758138298160206
265.5138615807878,0.7348537601962046,0.2934427144330706,1.1762648059593386
266.2373685970702,0.7358113005216167,0.29491105041247495,1.1767115506307584
266.96087562270816,0.7367652598877867,0.2963765546394927,1.1771539651360807
267.6843826576262,0.7377154860283234,0.2978389718765469,1.1775920001801
268.40788970175026,0.7386625503887004,0.29929916201643175,1.178025938760969
269.1313967550075,0.7396063372220733,0.30075692892462313,1.1784557455195235
269.8549038173235,0.7405465927593171,0.3022118614045187,1.1788813241141156
270.57841088862597,0.7414831645547119,0.3036637026338854,1.1793026264755384
271.30191796884264,0.7424166238750777,0.30511331898359956,1.1797199287665558
272.0254250579045,0.7433468547955365,0.3065605131350857,1.1801331964559874
272.7489321557397,0.7442736033695603,0.3080048711678922,1.1805423355712283
273.47243926227776,0.7451967169746722,0.30944613466313636,1.180947299286208
274.1959463774503,0.7461167667016103,0.31088517645528513,1.1813483569479355
274.9194535011898,0.747033636450016,0.31232179803026305,1.1817454748697689
275.64296063342715,0.7479470720985049,0.3137555827326044,1.1821385614644053
276.3664677740936,0.7488569208503832,0.3151862705351168,1.1825275711656498
277.0899749231232,0.7497637536228381,0.31661474072285445,1.1829127665228216
277.8134820804511,0.7506674541425459,0.3180407935751524,1.1832941147099394
278.5369892460105,0.7515677681157861,0.3194640096905184,1.1836715265410538
279.2604964197362,0.7524645425741479,0.3208841274220857,1.18404495772621
279.9840036015637,0.7533583482637551,0.3223020324939224,1.184414664033588
280.7075107914306,0.7542490687408103,0.32371752396803677,1.1847806135135839
281.43101798927216,0.7551364495417247,0.32513017968598984,1.1851427193974595
282.15452519502566,0.7560203375288415,0.3265397363701651,1.1855009386875177
282.8780324086284,0.7569013032796779,0.32794708617346624,1.1858555203858896
283.60153963002006,0.7577792301824083,0.3293520269301347,1.186206433434682
284.3250468591385,0.7586538636060206,0.3307541337139837,1.1865535934980576
285.0485540959235,0.7595250502460378,0.3321531416058096,1.186896958886266
285.77206134031496,0.7603933605137965,0.33354994917852465,1.1872367718490682
286.49556859225436,0.7612586776318571,0.33494435302845676,1.1875730022352573
287.2190758516816,0.7621207468041845,0.3363359254509373,1.1879055681574318
287.942583118538,0.7629794145618837,0.33772439987459163,1.1882344292491758
288.66609039276517,0.7638352511524923,0.339110681284794,1.1885598210201906
289.38959767430794,0.7646881396353359,0.3404945650300798,1.1888817142405919
290.11310496310773,0.7655378250517306,0.3418756206166447,1.1892000294868166
290.836612259107,0.766384153770719,0.3432535798105549,1.189514727730883
291.56011956225075,0.7672276958783949,0.3446293540033657,1.189826037753424
292.2836268724842,0.7680683342731962,0.3460027372861947,1.1901339312601977
293.00713418975096,0.7689058138361222,0.3473732963654853,1.1904383313067592
293.7306415139966,0.769739980776487,0.3487407613345735,1.1907392002184005
294.45414884516737,0.7705714050212588,0.35010604998612405,1.1910367600563934
295.1776561832106,0.7713999693102945,0.3514689551444304,1.1913309834761587
295.90116352807286,0.772225418366584,0.3528290407056195,1.1916217960275484
296.62467087970083,0.7730475982420048,0.3541860350802929,1.1919091614037165
297.34817823804235,0.7738670787066829,0.35554086245832545,1.1921932949550405
298.0716856030466,0.7746837423441747,0.3568933143880054,1.1924741703003439
298.79519297466186,0.775497333721729,0.358242951944595,1.1927517154988632
299.5187003528369,0.7763076987360491,0.3595895018461259,1.1930258956259723
300.24220773752097,0.7771154070026716,0.36093389467692716,1.193296919328416
300.96571512866524,0.7779203409510985,0.3622759207002967,1.1935647612019005
301.68922252621843,0.778722244995072,0.36361513816009255,1.1938293518300516
302.41272993013143,0.7795209648783498,0.3649512720720902,1.1940906576846093
303.1362373403552,0.7803170700640998,0.3662852594134221,1.1943488807147775
303.859744756842,0.7811104428299817,0.3676168891535893,1.194603996506374
304.58325217954325,0.7819008274384404,0.3689457166945211,1.1948559381823596
305.30675960841194,0.7826880694824848,0.3702714653401857,1.195104673624784
306.0302670434014,0.7834727382751039,0.3715950784599417,1.195350398090266
306.75377448446466,0.784254715944295,0.37291634372085636,1.1955930881677337
307.47728193155444,0.7850337466033759,0.37423481367238287,1.195832679534369
308.2007893846248,0.7858096756967731,0.3755502098972556,1.1960691414962905
308.92429684363,0.7865830723894512,0.37686348215751886,1.1963026626213837
309.64780430852664,0.7873538186618985,0.3781744168093311,1.1965332205144659
310.3713117792686,0.7881216584804503,0.37948256353911375,1.196760753421787
311.094819255811,0.7888864371430816,0.38078764219904304,1.1969852320871202
311.8183267381098,0.7896487236688592,0.38209060894532576,1.1972068383923926
312.54183422612135,0.7904083998928776,0.383391248814869,1.1974255509708862
313.265341719802,0.7911652096366021,0.384689108620474,1.1976413106527302
313.9888492191084,0.7919189980536636,0.38598390647454783,1.1978540896327794
314.7123567239989,0.7926703340193278,0.3872766049299214,1.1980640631087343
315.4358642344313,0.7934190992253858,0.38856698769604825,1.1982712107547233
316.15937175036265,0.7941650373505091,0.389854598701476,1.1984754759995422
316.8828792717515,0.7949079934060568,0.391139154309708,1.1986768325024055
317.60638679855725,0.7956485361255616,0.3924216234736251,1.1988754487774982
318.32989433073936,0.7963865470595676,0.39370178856713756,1.1990713055519975
319.05340186825606,0.7971217697460073,0.3949791906238749,1.1992643488681398
319.776909411067,0.7978540490560105,0.396253544249381,1.19945455386264
320.500416959132,0.7985839535834088,0.3975258248009333,1.1996420823658844
321.22392451241285,0.7993113647395305,0.3987958133089277,1.1998269161701332
321.9474320708691,0.80003602592359,0.40006304790135055,1.2000090039458295
322.67093963446194,0.8007577818685054,0.4013272414168063,1.2001883223202046
323.394447203153,0.8014772010304131,0.4025893756222316,1.2003650264385946
324.1179547769041,0.8021941646834244,0.40384923019663144,1.2005390991702174
324.841462355677,0.8029084160900304,0.40510634035156845,1.2007104918284923
325.5649699394331,0.8036197998469192,0.4063604171497742,1.2008791825440643
326.2884775281352,0.8043288842745109,0.4076124487739996,1.2010453197750222
327.0119851217476,0.8050355505116712,0.40886221354407354,1.2012088874792688
327.73549272023274,0.8057395416861309,0.4101092437442839,1.201369839627978
328.45900032355394,0.8064407022603072,0.4113532486526157,1.2015281558679987
329.18250793167493,0.8071396004208544,0.4125952228746551,1.2016839779670536
329.90601554456066,0.8078361171733345,0.4138349433633507,1.2018372909833182
330.62952316217485,0.8085299955126527,0.4150719394647907,1.2019880515605146
331.3530307844822,0.8092210797688831,0.41630591866337674,1.2021362408743896
332.0765384114477,0.8099099379968362,0.41753788199539615,1.2022819939982763
332.80004604303707,0.8105964510706839,0.4187676050392869,1.202425297102081
333.5235536792152,0.8112803618544172,0.4199946141919409,1.2025661095168936
334.24706131994753,0.8119615145476679,0.42121861513537495,1.2027044139599607
334.9705689652005,0.8126404770752923,0.4224406153452634,1.2028403388053213
335.6940766149409,0.813317130181965,0.42366038901797903,1.202973871345951
336.4175842691352,0.8139912166026394,0.42487745959012463,1.2031049736151542
337.1410919277499,0.8146625804083794,0.4260915309325593,1.2032336298841995
337.8645995907522,0.815331789395956,0.4273036169698491,1.2033599618220627
338.58810725811026,0.8159987241824046,0.4285134905087941,1.203483957856015
339.31161492979084,0.8166631273754956,0.4297206720145329,1.2036055827364582
340.03512260576224,0.8173248429195736,0.4309248635380164,1.203724822301131
340.758630285992,0.8179844384851634,0.4321270854629937,1.2038417915073332
341.48213797044923,0.8186417945634925,0.4333271091992346,1.2039564799277505
342.205645659102,0.8192966536369761,0.43452445222914454,1.2040688550448078
342.9291533519194,0.8199488595250584,0.43571881477502267,1.204178904275094
343.6526610488705,0.8205989797738322,0.4369112236908711,1.2042867358567935
344.3761687499257,0.821246894750525,0.4381014489820217,1.2043923405190284
345.0996764550538,0.821892346813999,0.4392890051367782,1.20449568849122
345.82318416422436,0.822535179660593,0.4404735905400573,1.2045967687811285
346.5466918774075,0.8231759607137525,0.4416562385279355,1.2046956828995696
347.2701995945752,0.8238145702184898,0.4428367176939438,1.2047924227430358
347.9937073156965,0.8244507504118849,0.44401453952080155,1.2048869613029682
348.7172150407423,0.8250843448689413,0.44518940054731554,1.204979289190567
349.4407227696841,0.8257159208922197,0.44636234060420754,1.205069501180232
350.1642305024933,0.826345358606269,0.4475331268658649,1.2051575903466731
350.88773823914084,0.8269724001281398,0.4487012677978446,1.205243532458435
351.61124597959844,0.8275968889132397,0.4498664580841013,1.205327319742378
352.3347537238378,0.828219392144983,0.451029744063308,1.205409040226658
353.0582614718322,0.8288397898291896,0.45219089148340336,1.2054886881749758
353.78176922355345,0.8294578239646024,0.4533494057810831,1.2055662421481217
354.50527697897405,0.830073337888752,0.45450497977670645,1.2056416960007976
355.2287847380668,0.8306868986676198,0.45565866633091784,1.2057151310043217
355.95229250080524,0.8312983861899954,0.45681022975790647,1.2057865426220844
356.67580026716195,0.8319075423380166,0.4579591724536998,1.2058559122223333
357.3993080371109,0.8325142103330327,0.4591051853663086,1.2059232352997569
358.1228158106257,0.833118957125274,0.46024932789305845,1.2059885863574895
358.8463235876805,0.8337216624881867,0.4613913629071282,1.2060519620692451
359.5698313682491,0.8343220681889775,0.46253078975194273,1.206113346626012
360.2933391523053,0.8349200173344806,0.4636672974943814,1.2061727371745798
361.01684693982423,0.8355160767608399,0.46480195208386715,1.2062302014378128
361.7403547307807,0.8361101261278131,0.46593451494530214,1.2062857373103242
362.463862525149,0.8367019070893271,0.46706448235745535,1.2063393318211988
363.18737032290414,0.8372912626393474,0.46819154149727604,1.2063909837814188
363.9108781240215,0.8378787595015692,0.4693167648823725,1.206440754120766
364.634385928477,0.8384642772236974,0.4704399124821221,1.2064886419652727
365.35789373624607,0.8390475573480064,0.4715604774984553,1.2065346371975574
366.0814015473045,0.8396284427572113,0.4726781452095575,1.2065787403048651
366.8049093616282,0.8402075000641779,0.47379399471798783,1.2066210054103679
367.52841717919364,0.8407846087061632,0.47490778453033866,1.2066614328819878
368.25192499997695,0.8413595101153934,0.47601900475939185,1.206700015471395
368.97543282395463,0.8419320470649365,0.47712733877571767,1.2067367553541555
369.69894065110344,0.8425027860584146,0.47823387228423053,1.2067716998325986
370.42244848140064,0.8430716064242286,0.47933836232149446,1.2068048505269628
371.145956314823,0.8436382494861359,0.48044029589869586,1.2068362030735758
371.86946415134787,0.8442025579091282,0.481539354469886,1.2068657613483704
372.5929719909526,0.8447650980891607,0.48263663036041193,1.2068935658179094
373.3164798336152,0.8453257492473357,0.48373187912953874,1.2069196193651326
374.0399876793129,0.845884252600501,0.4848245846742803,1.2069439205267218
374.7634955280243,0.8464404507071309,0.48591442652324496,1.206966474891017
375.48700337972673,0.8469949098570498,0.4870025036408938,1.2069873160732059
376.21051123439946,0.8475475091656108,0.4880885701019403,1.2070064482292815
376.9340190920204,0.8480979897442884,0.48917210667650896,1.207023872812068
377.6575269525679,0.8486461940465618,0.4902527909587718,1.207039597134352
378.38103481602144,0.8491926882576581,0.491331728571651,1.2070536479436653
379.10454268236003,0.8497373513886954,0.4924086720980174,1.2070660306793735
379.8280505515622,0.8502799244472875,0.49348309916824634,1.2070767497263286
380.55155842360773,0.8508202497834307,0.49455468543305564,1.207085814133806
381.2750662984759,0.851358893479255,0.4956245431937736,1.2070932437647364
381.9985741761461,0.8518957344431397,0.496692423534129,1.2070990453521504
382.7220820565984,0.8524305135803318,0.49775780093175004,1.2071032262289136
383.4455899398124,0.8529630731388326,0.49882034908482753,1.2071057971928376
384.1690978257681,0.8534939790991516,0.49988118699365014,1.207106771204653
384.8926057144468,0.8540231102684094,0.5009400642354944,1.2071061563013243
385.6161136058274,0.8545502074509552,0.501996452122091,1.2071039627798195
386.33962149989145,0.8550751127942607,0.5030500223899786,1.207100203198543
387.063129396619,0.8555983921786761,0.5041019007595717,1.2070948835977804
387.7866372959914,0.8561199243115163,0.5051518352943525,1.20708801332868
388.51014519798935,0.856639449897684,0.5061992941268629,1.2070796056685051
389.23365310259345,0.8571568109855601,0.5072439470227945,1.2070696749483256
389.9571610097852,0.8576725733567779,0.5082869264444579,1.207058220269098
390.6806689195461,0.8581866156202804,0.5093279789341731,1.2070452523063877
391.40417683185757,0.8586986783829506,0.5103665694318453,1.2070307873340558
392.1276847467013,0.8592086035955068,0.5114023657230872,1.2070148414679265
392.8511926640591,0.8597169569422821,0.5124365070344528,1.2069974068501115
393.57470058391283,0.860223616935258,0.513468738379699,1.206978495490817
394.29820850624435,0.8607283240847077,0.5144985214925015,1.2069581266769138
395.02171643103617,0.8612309202450859,0.5155255221690818,1.20693631832109
395.74522435827055,0.8617319710048265,0.5165508864231776,1.2069130555864753
396.4687322879301,0.8622313547803427,0.5175743577325569,1.2068883518281286
397.1922402199971,0.8627288119866863,0.5185953946109145,1.206862229362458
397.9157481544541,0.8632241843834333,0.5196136608557194,1.2068347079111472
398.639256091284,0.863718037464491,0.5206303092913909,1.2068057656375912
399.3627640304701,0.8642102495520818,0.5216450818522553,1.2067754172519083
400.0862719719953,0.8647005609673982,0.5226574338181086,1.206743688116688
400.8097799158428,0.8651888133765047,0.5236670269782422,1.2067105997747671
401.53328786199603,0.8656755721801396,0.5246750209918349,1.2066761233684442
402.2567958104388,0.8661607156076843,0.5256811562422672,1.2066402749731013
402.9803037611543,0.8666439838878253,0.5266848847613801,1.2066030830142704
403.7038117141266,0.8671252185944576,0.5276858663207831,1.206564570868132
404.4273196693391,0.8676049850364886,0.5286852674390569,1.2065247026339203
405.1508276267762,0.8680831613517921,0.5296828269410965,1.2064834957624877
405.8743355864214,0.8685594876778764,0.530677993596562,1.2064409817591908
406.597843548259,0.8690338054977886,0.531670425149802,1.2063971858457752
407.3213515122731,0.8695066800299271,0.5326612950040059,1.2063520650558484
408.0448594784487,0.8699779893219741,0.5336503404180084,1.2063056382259398
408.76836744677007,0.8704474734215717,0.5346370068849047,1.2062579399582387
409.4918754172219,0.8709149737222219,0.5356209501121323,1.2062089973323116
410.2153833897894,0.871381055353114,0.5366033504132433,1.2061587602929849
410.9388913644574,0.8718455962730333,0.5375839434733853,1.2061072490726812
411.66239934121086,0.8723083364410443,0.5385621714945357,1.206054501387553
412.38590732003473,0.8727691171623952,0.539537688137508,1.2060005461872825
413.10941530091424,0.8732285034783451,0.5405116806525148,1.2059453263041755
413.8329232838354,0.8736863732600598,0.5414838831433493,1.2058888633767704
414.55643126878283,0.8741424663793003,0.5424537345061566,1.205831198252444
415.2799392557423,0.8745966240543251,0.5434208863453218,1.2057723617633285
416.00344724469943,0.8750494112397296,0.5443865328745701,1.205712289604889
416.7269552356402,0.875500705720317,0.5453504066086187,1.2056510048320153
417.4504632285503,0.8759502472817999,0.5463119431229029,1.205588551440697
418.17397122341595,0.8763978770566968,0.547270791955498,1.2055249621578956
418.89747922022315,0.8768441599141817,0.5482281543110241,1.2054601655173394
419.62098721895825,0.8772889735539398,0.5491837611073611,1.2053941860005184
420.3444952196072,0.877732057676869,0.5501370445841809,1.2053270707695571
421.0680032221565,0.8781732533309817,0.5510876522032935,1.20525885445867
421.79151122659243,0.878613125301258,0.5520367921881344,1.2051894584143816
422.51501923290175,0.8790515512034849,0.552984193851922,1.2051189085550478
423.238527241071,0.8794882706549645,0.5539292860833442,1.2050472552265847
423.9620352510871,0.8799231246204183,0.5548717142579065,1.2049745349829302
424.685543262937,0.8803566778018408,0.5558126936463081,1.2049006619573734
425.40905127660784,0.8807888077323285,0.5567519519492374,1.2048256635154195
426.1325592920864,0.881219253946786,0.5576889146890034,1.2047495932045686
426.8560673093598,0.8816478573278411,0.558623225144678,1.2046724895110041
427.5795753284154,0.8820751824956947,0.5595561056632048,1.2045942593281846
428.30308334924075,0.8825011069019403,0.5604872823248106,1.20451493147907
429.02659137182303,0.8829253700002717,0.5614161772698694,1.204434562730674
429.75009939614995,0.8833478125923995,0.5623424316707978,1.204353193514001
430.47360742220866,0.8837689992179072,0.5632672749802895,1.204270723455525
431.19711544998756,0.8841888072480534,0.564190431650117,1.2041871828459898
431.9206234794743,0.8846069760564897,0.5651113204229855,1.2041026316899939
432.64413151065634,0.8850233463651718,0.566029580354353,1.2040171123759906
433.36763954352205,0.8854384826342231,0.5669464480326845,1.2039305172357617
434.0911475780598,0.885852262155726,0.5678616462732617,1.2038428780381902
434.81465561425733,0.8862644242244356,0.568774590405201,1.2037542580436704
435.53816365210287,0.886674809483697,0.5696849173566032,1.2036647016107909
436.2616716915842,0.8870839823153192,0.5705938708822544,1.2035740937483839
436.98517973269054,0.8874918199333415,0.5715011721528307,1.2034824677138523
437.7086877754102,0.8878980615547571,0.572406233067771,1.2033898900417432
438.43219581973193,0.8883025477454348,0.5733086884173451,1.2032964070735246
439.1557038656439,0.8887058428099887,0.5742097891537046,1.2032018964662727
439.8792119131353,0.8891078238855364,0.5751092547947485,1.2031063929763244
440.6027199621948,0.8895082301124299,0.5760064937939807,1.203009966430879
441.32622801281116,0.8899069019801703,0.5769011387932508,1.2029126651670898
442.0497360649738,0.8903044037172865,0.5777944479736439,1.202814359460929
442.7732441186718,0.8907006123850826,0.5786861391920568,1.2027150855781084
443.4967521738939,0.8910952670483677,0.5795756174396055,1.2026149166571298
444.2202602306296,0.8914882081213723,0.5804625131990442,1.2025139030437004
444.9437682888683,0.8918799997576362,0.581348091912476,1.2024119076027964
445.66727634859916,0.892270518943736,0.5822320697674893,1.2023089681199828
446.3907844098117,0.8926595046700216,0.5831138482761815,1.2022051610638618
447.11429247249544,0.8930467972765378,0.5839930557514494,1.2021005388016262
447.8378005366401,0.8934329608429097,0.5848709649289905,1.2019949567568289
448.5613086022356,0.8938178722820623,0.5857472903187252,1.2018884542453994
449.2848166692712,0.8942012705109569,0.5866214299369242,1.2017811110849896
450.00832473773715,0.8945829957965167,0.5874930099157556,1.2016729816772778
450.73183280762305,0.8949636121455132,0.5883633103175983,1.2015639139734282
451.4553408789194,0.8953429963982765,0.5892320439662664,1.2014539488302867
452.17884895161615,0.8957208873994369,0.5900986053652204,1.2013431694336534
452.90235702570317,0.8960971253438436,0.590962618454925,1.201231632232762
453.625865101171,0.8964722741664635,0.5918253706580369,1.2011191776748902
454.3493731780099,0.8968462106360748,0.5926865731037617,1.2010058481683878
455.0728812562105,0.8972186735260133,0.5935456167655648,1.2008917302864617
455.79638933576206,0.8975895029600927,0.594402123381149,1.2007768825390364
456.51989741665557,0.8979592628025047,0.5952573877675341,1.2006611378374754
457.24340549888194,0.898327829751503,0.5961111193507418,1.2005445401522643
457.9669135824315,0.898694942510154,0.5969627055568829,1.2004271794634251
458.6904216672949,0.8990604411322562,0.5978117659097267,1.2003091163547857
459.41392975346287,0.8994248894122433,0.5986596026552486,1.200190176169238
460.1374378409264,0.8997881639788583,0.5995059235076419,1.2000704044500747
460.8609459296764,0.9001500034659065,0.6003501123281092,1.1999498946037037
461.58445401970346,0.9005102478581761,0.6011917864152134,1.1998287093011388
462.307962110999,0.9008694608813471,0.6020322554789774,1.1997066662837168
463.03147020355385,0.9012275190956504,0.6028712255130455,1.1995838126782552
463.75497829735974,0.9015841610666228,0.6037080767959704,1.1994602453372751
464.47848639240726,0.9019392267110364,0.604542424389737,1.1993360290323358
465.20199448868806,0.9022932796868018,0.605375585503992,1.1992109738696117
465.9255025861932,0.9026461964866231,0.6062072644030393,1.199085128570207
466.64901068491423,0.9029977156087533,0.6070368377648627,1.1989585934526439
467.37251878484267,0.9033476769029211,0.6078639184033772,1.198831435402465
468.09602688597016,0.9036966439602439,0.6086898310639378,1.19870345685655
468.8195349882882,0.9040444932068658,0.6095142782726302,1.1985747081411013
469.54304309178815,0.9043909630747237,0.6103366330887541,1.1984452930606933
470.266551196462,0.9047358933474682,0.6111565060665712,1.198315280628365
470.9900593023019,0.9050798475503806,0.6119752295237102,1.198184465577051
471.7135674092989,0.9054227020440057,0.6127925042391014,1.19805289984891
472.4370755174451,0.9057641951949109,0.6136076996350377,1.1979206907547841
473.16058362673255,0.9061041667216204,0.614420423994436,1.1977879094488049
473.88409173715326,0.9064431800845263,0.6152320172442647,1.197654342924788
474.6075998486995,0.9067811115795129,0.6160421784072666,1.197520044751759
475.33110796136316,0.9071176995087238,0.6168502732502397,1.197385125767208
476.05461607513627,0.9074527835264872,0.6176559077729389,1.1972496592800355
476.7781241900114,0.9077869270292386,0.6184604295492282,1.197113424509249
477.5016323059806,0.908120006249132,0.6192635358365611,1.1969764766617028
478.22514042303595,0.9084517594248098,0.6200645887275382,1.1968389301220814
478.94864854117,0.9087820261473297,0.6208631919268436,1.196700860367816
479.67215666037515,0.9091113697500892,0.6216607006932824,1.196562038806896
480.3956647806442,0.9094396664024281,0.6224568105098358,1.1964225222950204
481.1191729019696,0.9097666542803988,0.623250879776013,1.1962824287847846
481.842681024344,0.910092172912697,0.6240425098893984,1.1961418359359954
482.5661891477599,0.9104167855705871,0.6248330638322732,1.196000507308901
483.2896972722103,0.9107403683614964,0.6256222353038772,1.1958585014191156
484.01320539768767,0.9110626593997883,0.6264093789915455,1.195715939808031
484.736713524185,0.9113834981526933,0.6271940939736264,1.1955729023317603
485.46022165169495,0.9117034478302343,0.6279777509948972,1.1954291446655714
486.1837297802107,0.9120223844788153,0.62876004196151,1.1952847269961206
486.90723790972504,0.9123400461519969,0.6295403178293392,1.1951397744746548
487.63074604023126,0.9126562722564253,0.630318175345238,1.1949943691676126
488.3542541717222,0.9129716259417647,0.6310949930560017,1.1948482588275278
489.0777623041912,0.9132859831942737,0.6318704610652651,1.1947015053232821
489.8012704376308,0.9135990820075809,0.6326439265779529,1.194554237437209
490.52477857203496,0.9139107617286198,0.6334149839970582,1.1944065394601815
491.24828670739646,0.9142215854475605,0.6341850197113886,1.1942581511837322
491.9717948437091,0.9145314290913807,0.6349537220125481,1.1941091361702134
492.6953029809657,0.9148400305946405,0.6357204343348333,1.1939596268544477
493.4188111191598,0.9151472292454166,0.6364847487248888,1.1938097097659444
494.1423192582849,0.915453588075242,0.6372480594540315,1.1936591166964525
494.8658273983348,0.915758982952663,0.6380100529922268,1.1935079129130992
495.58933553930285,0.9160631517540176,0.6387700689832545,1.1933562345247808
496.31284368118236,0.9163659337093767,0.6395276971048228,1.1932041703139307
497.03635182396715,0.9166678917924749,0.6402843395517266,1.1930514440332232
497.7598599676509,0.9169689018142656,0.6410396809626036,1.1928981226659277
498.4833681122274,0.9172687015937065,0.6417930571706427,1.1927443460167704
499.20687625769006,0.9175671303036897,0.6425440554718833,1.1925902051354962
499.93038440403313,0.9178647508609842,0.6432940860260684,1.1924354156959
500.65389255125086,0.9181614390197804,0.6440428316307407,1.1922800464088201
501.37740069933614,0.9184569325424763,0.6447896242881992,1.1921242407967534
502.1009088482836,0.9187510705456079,0.6455340488999803,1.1919680921912355
502.8244169980871,0.9190444158897981,0.6462775236327319,1.1918113081468644
503.54792514874083,0.9193368442732881,0.647019729433034,1.1916539591135422
504.2714333002385,0.9196280934027271,0.6477599944517981,1.191496192353656
504.9949414525745,0.9199180023391085,0.64849790118311,1.191338103495107
505.7184496057427,0.9202071338877124,0.6492348758429558,1.191179391932469
506.4419577597378,0.9204953636916361,0.6499705975170053,1.191020129866267
507.16546591455364,0.9207824294025837,0.6507043904840896,1.1908604683210777
507.88897407018464,0.921068170026801,0.6514358348177592,1.1907005052358426
508.6124822266252,0.9213531483150208,0.6521663648262691,1.1905399318037726
509.3359903838696,0.9216372398559876,0.6528956577243338,1.1903788219876414
510.05949854191226,0.9219201822472491,0.6536230338977967,1.1902173305967017
510.7830067007474,0.9222018144410887,0.6543480709864704,1.190055557895707
511.5065148603698,0.9224826991344791,0.6550722114343046,1.1898931868346536
512.2300230207737,0.9227627118625927,0.655795130574927,1.1897302931502585
512.9535311819523,0.9230415901695982,0.6565161448800767,1.1895670354591197
513.6770393439034,0.9233191729545948,0.6572348295425144,1.1894035163666752
514.40054750662,0.9235960228615632,0.6579526351857807,1.1892394105373456
515.1240556700968,0.9238720153728733,0.6586692352521916,1.1890747954935552
515.8475638343283,0.9241468879800833,0.6593839422780634,1.1889098336821031
516.5710719993093,0.92442047952987,0.6600963289956534,1.1887446300640867
517.2945801650347,0.9246933526139853,0.6608078542524931,1.1885788509754776
518.0180883314995,0.9249653826627559,0.6615181895892721,1.1884125757362396
518.7415964986981,0.9252363071158831,0.6622266435853459,1.1882459706464203
519.4651046666256,0.9255059647683759,0.6629327864989005,1.1880791430378512
520.1886128352769,0.925774918160507,0.6636380854463433,1.1879117508746708
520.9121210046469,0.9260430426713078,0.664342210056327,1.1877438752862886
521.6356291747311,0.926310075689368,0.6650444649295028,1.1875756864492333
522.3591373455235,0.9265758559587711,0.66574441783629,1.1874072940812521
523.0826455170202,0.92684094596905,0.6664435442073455,1.1872383477307544
523.806153689216,0.9271052210486768,0.6671415117487804,1.187068930348573
524.5296618621057,0.9273684185358649,0.667837621060587,1.186899216011143
525.2531700356851,0.9276303771245029,0.6685314374115906,1.1867293168374151
525.9766782099491,0.9278916592541135,0.6692244445925688,1.1865588739156583
526.7001863848925,0.9281521402033367,0.6699163083764921,1.1863879720301813
527.4236945605114,0.9284115572607314,0.6706063253405181,1.1862167891809448
528.1472027368008,0.9286697490707134,0.6712940582379319,1.186045439903495
528.8707109137558,0.928927278023514,0.6719809992659903,1.1858735567810377
529.5942190913719,0.9291840193486571,0.672666812253828,1.1857012264434863
530.3177272696446,0.9294397102857608,0.6733507897333835,1.185528630838138
531.0412354485691,0.929694189430478,0.6740324919283207,1.1853558869326353
531.7647436281405,0.9299480191244553,0.6747134194892237,1.185182618759687
532.4882518083556,0.9302010745488074,0.6753932342906013,1.1850089148070135
533.2117599892089,0.9304530928949141,0.6760712247965717,1.1848349609932565
533.9352681706964,0.9307039127103665,0.6767469486869693,1.1846608767337636
534.6587763528137,0.9309540962889251,0.6774219151130517,1.1844862774647984
535.3822845355563,0.9312035187639885,0.6780957839838073,1.1843112535441698
536.1057927189199,0.9314519172793941,0.6787678396727217,1.1841359948860666
536.8293009029003,0.9316991303353611,0.6794376373014601,1.183960623369262
537.552809087493,0.931945720178452,0.6801066945697937,1.1837847457871105
538.2763172726939,0.9321915618950342,0.6807746694101996,1.1836084543798688
538.9998254584987,0.9324363925820851,0.681440842082494,1.1834319430816762
539.7233336449029,0.9326800506931322,0.6821047651357002,1.1832553362505642
540.446841831903,0.9329230984282197,0.6827679648664438,1.1830782319899957
541.1703500194942,0.9331654108273576,0.6834300972195971,1.1829007244351182
541.8938582076728,0.9334067249413379,0.6840904383180539,1.182723011564622
542.6173663964338,0.933646879177667,0.6847485381235936,1.1825452202317404
543.3408745857738,0.9338864356905358,0.6854059315785177,1.1823669398025538
544.0643827756902,0.934125269474268,0.6860622726289219,1.1821882663196142
544.7878909661774,0.9343631175341297,0.6867168332372886,1.1820094018309708
545.5113991572321,0.9345998182322703,0.6873691607634249,1.1818304757011158
546.2349073488498,0.9348359336776855,0.6880207988446378,1.181651068510733
546.9584155410269,0.9350713388196678,0.6886713994169522,1.1814712782223833
547.6819237337597,0.9353057706186142,0.6893202302587498,1.1812913109784786
548.4054319270442,0.9355390673919641,0.6899668361129815,1.1811112986709467
549.1289401208763,0.9357717912041721,0.6906127693618025,1.1809308130465417
549.8524483152527,0.9360038169601436,0.6912576799197694,1.1807499540005177
550.575956510169,0.9362348815760495,0.6919008313572352,1.1805689317948638
551.299464705622,0.9364648233252653,0.6925417657853006,1.18038788086523
552.0229729016075,0.936694204228341,0.6931820443812896,1.1802063640753926
552.7464810981223,0.9369228991464343,0.6938213150268019,1.1800244832660667
553.4699892951626,0.9371506449521274,0.694458837060021,1.179842452844234
554.1934974927246,0.9373772798753613,0.6950941499450466,1.1796604098056762
554.9170056908047,0.9376033658934132,0.6957288237052045,1.1794779080816218
555.6405138893997,0.9378287778243225,0.6963625041775459,1.1792950514710991
556.3640220885056,0.9380532524977058,0.6969944464437031,1.1791120585517085
557.0875302881192,0.9382766281006992,0.6976241873055115,1.178929068895887
557.8110384882367,0.9384994665679246,0.6982533056836233,1.1787456274522259
558.5345466888548,0.938721642674922,0.6988814453588381,1.1785618399910058
559.25805488997,0.9389428932089642,0.6995078571316519,1.1783779292862766
559.9815630915788,0.9391630563149904,0.7001320751261986,1.1781940375037823
560.7050712936779,0.9393826938855865,0.7007556872123162,1.1780097005588568
561.4285794962634,0.9396016806544029,0.7013783351027454,1.1778250262060603
562.1520876993325,0.9398197533669711,0.7019992652920015,1.1776402414419407
562.8755959028817,0.9400367501266458,0.7026180092109804,1.1774554910423112
563.5991041069078,0.9402532327845767,0.7032361637310394,1.177270301838114
564.3226123114074,0.9404690760331277,0.7038533684849541,1.1770847835813014
565.046120516377,0.9406840165766929,0.7044688656362144,1.1768991675171714
565.7696287218137,0.9408978924776353,0.7050821839067695,1.1767136010485013
566.493136927714,0.9411112655462657,0.7056949292223565,1.1765276018701747
567.2166451340747,0.9413240104342518,0.7063067391237621,1.1763412817447416
567.9401533408927,0.9415358638054413,0.7069168514181611,1.1761548761927216
568.663661548165,0.9417466636817976,0.7075247921027309,1.1759685352608642
569.3871697558883,0.9419569718333757,0.7081321762109422,1.1757817674558093
570.1106779640597,0.9421666628717352,0.7087386391794774,1.175594686563993
570.8341861726758,0.9423754734207589,0.7093434144336755,1.1754075324078421
571.5576943817334,0.9425832414625879,0.7099460252299554,1.1752204576952203
572.2812025912297,0.942790528727604,0.7105480957634086,1.1750329616917994
573.0047108011615,0.9429972097878343,0.7111492593543799,1.1748451602212888
573.7282190115259,0.9432030212277683,0.7117487450206125,1.174657297434924
574.45172722232,0.9434078009903005,0.7123460732616564,1.1744695287189446
575.1752354335409,0.9436121107667075,0.7129428774886075,1.1742813440448074
575.8987436451856,0.94381582509005,0.7135387888931288,1.1740928612869712
576.6222518572512,0.9440186805059934,0.7141330320593873,1.1739043289525994
577.3457600697345,0.9442205149187459,0.7147251247137916,1.1737159051237003
578.0692682826327,0.9444218899810424,0.7153167095383508,1.173527070423734
578.7927764959434,0.9446226801875363,0.7159074155835927,1.1733379447914798
579.5162847096632,0.9448226220456263,0.7164964629738854,1.173148781117367
580.2397929237894,0.9450215534213925,0.7170833666460943,1.1729597401966907
580.9633011383195,0.9452200359295799,0.7176697786085574,1.1727702932506023
581.68680935325,0.9454179440269888,0.7182553257581146,1.172580562295863
582.4103175685788,0.9456150141832983,0.718839223732865,1.1723908046337315
583.1338257843029,0.9458110842270092,0.7194209846635818,1.1722011837904365
583.8573340004195,0.9460067157354216,0.720002269940869,1.1720111615299742
584.5808422169246,0.9462017831280259,0.7205827042952062,1.1718208619608457
585.3043504338166,0.9463960228373266,0.721161498851733,1.1716305468229202
586.027858651095,0.9465892726547818,0.7217381629184207,1.1714403823911428
586.7513668687545,0.9467820941207858,0.7223143673246043,1.1712498209169675
587.4748750867936,0.9469743616180549,0.7228897346216181,1.1710589886144918
588.1983833052095,0.9471658115424526,0.7234634713947024,1.1708681516902029
588.9218915239991,0.9473562816489283,0.7240350841121858,1.1706774791856707
589.64539974316,0.9475463334415001,0.724606253099114,1.1704864137838862
590.3689079626901,0.9477358412666376,0.7251765987147806,1.1702950838184945
591.0924161825864,0.9479245414840894,0.7257453229773437,1.1701037599908353
591.8159244028462,0.9481122718128201,0.7263119294984917,1.1699126141271485
592.5394326234675,0.9482995937209947,0.7268781081564925,1.169721079285497
593.2629408444474,0.9484863815193593,0.7274434771055969,1.1695292859331217
593.9864490657836,0.9486723715320652,0.7280072337694533,1.1693375092946772
594.7099572874737,0.9488574014426091,0.7285688788859664,1.1691459239992519
595.4334655095153,0.9490420326838167,0.7291301119446579,1.1689539534229754
596.1569737319056,0.9492261395312228,0.7296905488816101,1.1687617301808355
596.8804819546428,0.9494094582738936,0.7302493824982964,1.1685695340494906
597.6039901777242,0.9495918265603682,0.7308061106415454,1.168377542479191
598.3274984011472,0.9497738057886427,0.7313624424707047,1.1681851691065805
599.0510066249099,0.9499552701995443,0.7319179916904438,1.1679925487086449
599.7745148490094,0.9501359560475598,0.7324719464521533,1.1677999656429665
600.4980230734438,0.9503157009467709,0.7330238016941333,1.1676076001994085
601.2215312982106,0.950495066260844,0.7335752763046537,1.1674148562170343
601.9450395233076,0.9506739261963986,0.7341259817436214,1.1672218706491757
602.6685477487324,0.9508520169738377,0.7346751014841806,1.1670289324634948
603.3920559744827,0.9510291761732812,0.7352221275385081,1.1668362248080542
604.1155642005567,0.9512059651245599,0.735768788583429,1.1666431416656908
604.8390724269515,0.9513822580005772,0.7363146938206192,1.1664498221805353
605.5625806536652,0.9515577909881394,0.7368590220165596,1.1662565599597192
606.2860888806956,0.9517324016338967,0.7374012622395664,1.166063541028227
607.0095971080403,0.9519066512343263,0.7379431530151743,1.1658701494534782
607.7331053356977,0.9520804139290999,0.7384843012732427,1.1656765265849571
608.4566135636655,0.9522534258719141,0.7390238810449434,1.1654829706988847
609.1801217919412,0.9524255245764246,0.7395613784368105,1.1652896707160387
609.903630020523,0.9525972713062386,0.7400985418838087,1.1650960007286684
610.6271382494085,0.9527685401682731,0.7406349760302732,1.1649021043062728
611.3506464785958,0.9529390672835871,0.7411698501431488,1.1647082844240253
612.0741547080828,0.9531086901333202,0.7417026473491395,1.164514732917501
612.7976629378674,0.9532779699486771,0.7422351260538741,1.1643208138434802
613.5211711679473,0.953446780804294,0.7427668886023505,1.1641266730062374
614.2446793983206,0.9536148587890634,0.74329709946813,1.1639326181099967
614.9681876289856,0.9537820413520698,0.743825238779854,1.1637388439242855
615.69169585994,0.9539488896925877,0.7443530749756264,1.163544704409549
616.4152040911817,0.9541152778534319,0.744880208087151,1.1633503476197127
617.1387123227089,0.954280941891787,0.7454057977651801,1.163156086018394
617.8622205545196,0.9544457192251515,0.7459293211219453,1.1629621173283577
618.5857287866119,0.9546101710213217,0.7464525566903427,1.1627677853523009
619.3092370189838,0.9547741712917497,0.7469751021747242,1.1625732404087752
620.0327452516331,0.9549374560623721,0.7474961123733734,1.1623787997513708
620.7562534845582,0.9550998627195473,0.7480150613635588,1.1621846640755358
621.4797617177571,0.9552619524000515,0.7485337378358726,1.1619901669642305
622.2032699512279,0.9554235990844233,0.749051737153126,1.1617954610157206
622.926778184969,0.9555845387677978,0.7495682092311979,1.1616008683043977
623.6502864189785,0.9557446088058444,0.750082625093716,1.1614065925179728
624.3737946532542,0.9559043703047616,0.7505967836523957,1.1612119569571275
625.0973028877946,0.9560636972146215,0.7511102779142106,1.1610171165150325
625.8208111225979,0.9562223255001984,0.7516222528824423,1.1608223981179544
626.544319357662,0.9563800924869175,0.7521321765082406,1.1606280084655942
627.2678275929848,0.9565375592508348,0.7526418579884234,1.1604332605132464
627.9913358285651,0.9566945997119916,0.7531508879596905,1.1602383114642927
628.714844064401,0.9568509498052434,0.7536584064822984,1.1600434931281884
629.4383523004906,0.9570064468261977,0.7541638784158818,1.1598490152365137
630.1618605368324,0.9571616518212073,0.7546691233069303,1.1596541803354843
630.8853687734246,0.9573164386807138,0.7551737294073173,1.1594591479541103
631.6088770102654,0.9574705433100823,0.7556768318035585,1.159264254816606
632.3323852473529,0.9576238029755313,0.7561778922446055,1.1590697137064572
633.0558934846857,0.9577767786941371,0.7566787406917264,1.158874816696548
633.779401722262,0.9579293443271673,0.7571789629972911,1.1586797256570434
634.5029099600802,0.9580812357509157,0.7576776892430909,1.1584847822587405
635.2264181981384,0.958232290202642,0.758174378048082,1.1582902023572021
635.949926436435,0.9583830686705622,0.7586708698539685,1.158095267487156
636.6734346749686,0.9585334449871891,0.7591667480988158,1.1579001418755623
637.3969429137373,0.9586831550001665,0.7596611378284648,1.1577051721718683
638.1204511527396,0.9588320359182034,0.7601534945123525,1.1575105773240544
638.8439593919738,0.9589806487010746,0.7606456691388684,1.1573156282632808
639.5674676314386,0.959128867152952,0.7611372427168486,1.1571204915890554
640.2909758711323,0.9592764270932379,0.7616273352246696,1.1569255189618062
641.0144841110531,0.9594231657025059,0.7621153989626033,1.1567309324424084
641.7379923511995,0.9595696439124959,0.7626032955325207,1.156535992292471
642.4615005915699,0.9597157354994442,0.7630906034989673,1.1563408674999212
643.1850088321632,0.9598611762549192,0.7635764377410903,1.156145914768748
643.9085170729777,0.9600058033317636,0.7640602473701676,1.1559513592933595
644.6320253140116,0.9601501776340816,0.7645439046689152,1.155756450599248
645.3555335552635,0.960294172910579,0.7650269857424169,1.155561360078741
646.0790417967319,0.9604375249253905,0.7655086003385543,1.1553664495122267
646.8025500384156,0.9605800708040213,0.7659881943595954,1.1551719472484472
647.5260582803127,0.9607223714233448,0.7664676508370758,1.1549770920096138
648.2495665224218,0.9608643005049247,0.7669465434012841,1.1547820576085652
648.9730747647413,0.9610055937858586,0.7674239766365334,1.1545872109351838
649.6965830072701,0.9611460883647098,0.7678993932159253,1.1543927835134944
650.4200912500067,0.9612863450915065,0.7683746869883227,1.1541980031946903
651.1435994929499,0.9614262376610655,0.7688494290937982,1.1540030462283328
651.8671077360975,0.9615655017838327,0.7693227189204994,1.153808284647166
652.5906159794486,0.9617039745318164,0.7697939958920288,1.153613953171604
653.3141242230018,0.9618422167285858,0.7702651647436836,1.153419268713488
654.0376324667556,0.9619801020425964,0.7707357941097531,1.1532244099754398
654.7611407107087,0.9621173661580241,0.7712049781493601,1.153029754166688
655.48464895486,0.9622538461207039,0.7716721530161021,1.1528355392253056
656.2081571992074,0.9623901027281266,0.7721392344014026,1.1526409710548506
656.931665443751,0.9625260096227641,0.7726057884180628,1.1524462308274654
657.6551736884878,0.9626613024628997,0.7730709039630463,1.152251700962753
658.3786819334182,0.9627958182685722,0.7735340138992736,1.1520576226378707
659.1021901785377,0.9629301178115666,0.7739970449445613,1.151863190678572
659.8256984238478,0.9630640747087449,0.7744595606743934,1.1516685887430964
660.5492066693466,0.9631974245928719,0.7749206446901694,1.1514742044955746
661.2727149150328,0.9633300044585588,0.7753797265432762,1.1512802823738413
661.9962231609048,0.9634623750522583,0.7758387440488053,1.1510860060557113
662.7197314069615,0.9635944099655852,0.7762972582289374,1.150891561702233
663.4432396532015,0.9637258448061535,0.7767543473558223,1.1506973422564848
664.1667478996236,0.9638565165435127,0.7772094376482941,1.1505035954387313
664.8902561462265,0.9639869858991459,0.7776644780901703,1.1503094937081215
665.6137643930093,0.9641171264397865,0.778119027134242,1.150115225745331
666.3372726399707,0.9642466737482575,0.778572157689432,1.149921189807083
667.060780887109,0.9643754647694062,0.7790232926208228,1.1497276369179894
667.7842891344235,0.9645040602001046,0.7794743921530112,1.149533728247198
668.5077973819127,0.9646323335825628,0.7799250121531673,1.1493396550119583
669.2313056295754,0.9647600204751681,0.7803742201327301,1.149145820817606
669.9548138774104,0.9648869577984216,0.7808214355816617,1.1489524800151814
670.6783221254168,0.9650137062249379,0.7812686300379902,1.1487587824118857
671.4018303735932,0.965140139272755,0.781715356766895,1.148564921778615
672.1253386219386,0.9652659924761771,0.7821606778477974,1.1483713071045567
672.8488468704517,0.9653911027317078,0.7826040093739848,1.1481781960894308
673.5723551191313,0.9655160306880504,0.7830473342701656,1.1479847271059351
674.2958633679762,0.9656406498394221,0.7834902031830367,1.1477910964958076
675.0193716169856,0.9657646956963873,0.7839316727251688,1.1475977186676058
675.742879866158,0.9658880051317986,0.7843711555714528,1.1474048546921445
676.4663881154927,0.966011138770792,0.7848106461071416,1.1472116314344425
677.1898963649882,0.9661339700841033,0.7852496923437967,1.1470182478244098
677.9134046146434,0.9662562345588999,0.7856873453920332,1.1468251237257665
678.6369128644571,0.9663777690447215,0.7861230144864341,1.1466325236030088
679.3604211144285,0.9664991341434782,0.7865587055472754,1.146439562739681
680.0839293645565,0.9666202033027607,0.7869939639342032,1.1462464426713181
680.80743761484,0.9667407119866757,0.7874278352204738,1.1460535887528776
681.5309458652778,0.9668604970217844,0.7878597251782742,1.1458612688652947
682.254454115869,0.9669801189871035,0.7882916513379834,1.1456685866362235
682.9779623666122,0.9670994513074107,0.7887231563904127,1.1454757462244087
683.7014706175069,0.9672182294240858,0.7891532803357758,1.1452831785123958
684.4249788685516,0.9673362901410414,0.7895814254615946,1.145091154820488
685.1484871197456,0.967454194014729,0.7900096209840497,1.1448987670454083
685.8719953710875,0.9675718144474429,0.7904374069080661,1.1447062219868198
686.5955036225764,0.9676888868581588,0.7908638176248163,1.1445139560915012
687.3190118742116,0.967805248028468,0.7912882519147126,1.1443222441422234
688.0425201259917,0.9679214584925822,0.7917127507560611,1.1441301662291032
688.7660283779156,0.968037391630632,0.7921368514506928,1.1439379318105711
689.4895366299827,0.9681527828395128,0.7925595827444636,1.143745982934562
690.213044882192,0.9682674688788158,0.7929803398880444,1.1435545978695871
690.9365531345421,0.9683820102608286,0.7934011756987971,1.14336284482286
691.6600613870324,0.9684962803438434,0.7938216247581433,1.1431709359295434
692.3835696396621,0.9686100145029887,0.7942407101300323,1.1429793188759452
693.1070778924301,0.9687230494761709,0.7946578235125713,1.1427882754397705
693.8305861453352,0.9688359457540722,0.7950750296397611,1.1425968618683833
694.554094398377,0.9689485766734542,0.7954918603551134,1.142405292991795
695.2776026515539,0.9690606775879957,0.7959073330038084,1.142214022172183
696.0011109048652,0.9691720852142274,0.7963208357083768,1.1420233347200779
696.7246191583101,0.9692833600215363,0.7967344451976601,1.1418322748454124
697.4481274118878,0.9693943753254649,0.7971476905596426,1.1416410600912872
698.1716356655973,0.9695048664585479,0.7975595833835504,1.1414501495335456
698.8951439194375,0.9696146701162517,0.7979695081931606,1.1412598320393428
699.6186521734077,0.9697243467469707,0.7983795537909794,1.1410691397029622
700.3421604275068,0.9698337696453337,0.7987892464916957,1.1408782927989718
701.065668681734,0.9699426741230367,0.7991975920911102,1.140687756154963
701.7891769360886,0.9700508968547777,0.7996039714908421,1.1404978222187134
702.5126851905694,0.9701589982682691,0.8000104856465666,1.1403075108899716
703.2361934451758,0.97026685163752,0.8004166580817437,1.1401170451932963
703.9597016999069,0.9703741922536889,0.8008214887609704,1.1399268957464075
704.6832099547617,0.9704808567710099,0.8012243549401601,1.1397373586018598
705.4067182097396,0.9705874055967992,0.801627369808233,1.1395474413853655
706.1302264648396,0.9706937119847526,0.8020300540793974,1.1393573698901078
706.8537347200609,0.9707995112057797,0.8024314018489332,1.139167620562626
707.5772429754024,0.9709046398939452,0.80283078670329,1.1389784930846003
708.3007512308639,0.9710096584364666,0.8032303341454112,1.138788982727522
709.0242594864438,0.9711144400670126,0.8036295620620263,1.1385993180719989
709.7477677421421,0.9712187200365394,0.8040274586407191,1.1384099814323596
710.4712759979574,0.9713223349592293,0.8044233937745108,1.1382212761439479
711.1947842538891,0.9714258452024903,0.8048195053617819,1.1380321850431987
711.9182925099364,0.9715291239802528,0.8052153084434329,1.1378429395170726
712.6418007660982,0.9716319065238054,0.8056097852606422,1.1376540277869687
713.365309022374,0.9717340294277336,0.8060023019888565,1.1374657568666107
714.088817278763,0.9718360530399203,0.8063950090039571,1.1372770970758834
714.8123255352646,0.9719378505548413,0.8067874184825143,1.1370882826271682
715.5358337918774,0.9720391571844,0.807178506680281,1.136899807688519
716.2593420486014,0.9721398095038677,0.807567636030794,1.1367119829769414
716.9828503054352,0.9722403678418815,0.8079569694701516,1.1365237662136114
717.7063585623785,0.9723407053737431,0.8083460162919474,1.1363353944555388
718.4298668194302,0.9724405572922482,0.8087337467271712,1.136147367857325
719.1533750765899,0.9725397601536326,0.8091195194429197,1.1359600008643456
719.8768833338567,0.9726388742675655,0.8095055100188977,1.1357722385162332
719.9996604926761,0.9726556534262881,0.8095709107795015,1.1357403960730748
719.9999999928,0.9726557129467825,0.8095711428036549,1.1357402830899102
720,0.9726557129467825,0.8095711428036549,1.1357402830899102