Time,Fuel,Reporter,sp1
0,7500,5000,0
7.011117919043452,7380,4881,0
14.038569529919872,7321,4824,0
21.05611586075137,7325,4834,2
28.07746323064565,7308,4824,2
35.085984127736694,7262,4799,2
42.08789847320851,7239,4792,3
49.11666740179302,7229,4801,4
56.12584423576146,7216,4806,5
63.14362083210416,7178,4796,6
70.1478220966837,7148,4809,10
77.1498655065618,7110,4798,14
84.14700231277158,7076,4806,21
91.15608906715194,7011,4781,26
98.1978032069153,6990,4791,33
105.21230397892711,6925,4778,37
112.22241986811335,6874,4770,42
119.24514167696749,6838,4779,50
126.24583412162123,6794,4785,55
133.2826690079186,6732,4774,63
140.287410285254,6686,4762,79
147.3047445912823,6630,4757,87
154.28372904175825,6575,4753,100
161.26515532504857,6506,4721,111
168.35213963040877,6455,4706,130
175.34013095044244,6406,4687,145
182.37391841952814,6367,4687,161
189.40028415890635,6294,4653,183
196.392384872122,6227,4629,208
203.39978232911253,6169,4615,220
210.410047344141,6157,4621,239
217.4203491840053,6094,4589,260
224.42333047475944,6056,4580,278
231.44709363049367,6009,4551,307
238.451016771812,5975,4544,327
245.49121414929309,5926,4510,353
252.500443425472,5876,4501,370
259.5400514899705,5819,4472,400
266.5535937415473,5765,4437,426
273.58551667420943,5707,4408,449
280.59124741554564,5681,4403,475
287.6072067618744,5616,4376,493
294.6169339247707,5595,4369,514
301.66303523912086,5543,4333,543
308.689274235885,5500,4318,560
315.6952597734077,5448,4278,581
322.7260723536569,5421,4279,601
329.7046169123191,5385,4257,618
336.7239598766846,5363,4239,642
343.7133560801426,5326,4210,667
350.75870445649673,5293,4183,695
357.74780448301925,5264,4170,718
364.7707575712477,5225,4138,741
371.77343210133773,5203,4104,778
378.79882579544267,5162,4065,810
385.80857539383516,5134,4057,834
392.8202234756489,5103,4030,860
399.86013403735274,5057,3984,890
406.86638325162227,5031,3959,922
413.8869429569646,5020,3972,937
420.9447817273319,4987,3943,971
427.9301756093088,4943,3926,994
434.9607195576504,4912,3908,1015
441.9809089392489,4876,3866,1040
449.0026840003311,4829,3821,1059
456.0240702768927,4815,3825,1078
463.00896227820857,4784,3793,1103
470.01475781778447,4763,3780,1120
477.0420946654444,4730,3754,1148
484.0774572718622,4701,3743,1165
491.11103985401525,4672,3720,1195
498.15924230289016,4634,3693,1218
505.16098992836106,4595,3657,1248
512.1729015572091,4556,3621,1274
519.1870348001389,4542,3606,1299
526.2029142765408,4514,3563,1331
533.1886186209978,4501,3567,1353
540.2019875164528,4490,3552,1376
547.229374596137,4462,3522,1402
554.2612864302396,4450,3508,1426
561.2863244955755,4412,3471,1444
568.369509288788,4401,3466,1463
575.3919714354744,4371,3439,1482
582.3993406243195,4334,3405,1511
589.4210947568697,4315,3390,1526
596.414857613338,4299,3383,1539
603.4778231662594,4287,3362,1571
610.5017963600305,4258,3339,1588
617.5018592950003,4238,3312,1610
624.5215084178881,4215,3290,1634
631.4671442935153,4188,3255,1658
638.5295471415074,4166,3229,1678
645.5253042986761,4153,3217,1702
652.6192161041404,4144,3204,1724
659.5867144349247,4128,3186,1745
666.6276919147961,4118,3178,1768
673.5344505496603,4098,3152,1784
680.6452003273959,4074,3119,1810
687.6845837660702,4075,3112,1834
694.7128838227895,4052,3080,1857
701.68701444879,4036,3070,1875
708.712876597311,4022,3062,1893
715.7363749427943,3993,3034,1912
722.7245497828301,3973,3017,1925
729.7822379324675,3948,2984,1952
736.7623136510242,3932,2961,1974
743.8537239078092,3908,2935,1993
750.8761451356555,3888,2915,2016
757.8916132312486,3872,2894,2034
764.9306162037124,3855,2876,2057
771.9579153854776,3845,2864,2072
778.9816781893539,3829,2857,2082
786.0046673999393,3824,2853,2094
793.1265584737259,3801,2824,2119
800.1414607935889,3767,2790,2136
807.1227313864998,3758,2787,2147
814.1851761417718,3750,2775,2169
821.2236319333535,3738,2759,2188
828.2322861274492,3720,2740,2208
835.2523836795214,3708,2725,2223
842.2587459984625,3692,2702,2245
849.2691104159459,3684,2695,2257
856.2777279674203,3666,2675,2274
863.2653922301789,3648,2663,2286
870.1761745680587,3636,2651,2307
877.2690569633392,3612,2630,2321
884.3159585378938,3608,2617,2340
891.3924578401728,3588,2593,2359
898.3666158081585,3574,2579,2372
905.3823510910255,3573,2567,2389
912.3460670509761,3555,2544,2402
919.4139834424561,3539,2520,2420
926.4519100485425,3537,2518,2435
933.4265363957272,3516,2504,2446
940.4182998191317,3511,2489,2462
947.528665546995,3503,2478,2477
954.5961339352197,3489,2458,2491
961.6100018591479,3463,2433,2513
968.6867488793765,3453,2427,2525
975.6641639660369,3440,2419,2534
982.7608098739198,3439,2400,2558
989.7814788857391,3436,2394,2568
996.8179515482414,3414,2368,2586
1003.8153767183521,3407,2360,2602
1010.856838899966,3393,2340,2615
1017.8691080372117,3387,2333,2627
1024.8642290793089,3374,2314,2642
1031.8575910183474,3365,2288,2667
1038.9301551020549,3358,2282,2676
1045.9392530308583,3341,2269,2687
1052.890870985605,3332,2257,2698
1059.9290070726372,3331,2253,2706
1066.9860080327408,3327,2247,2720
1073.972174136613,3311,2227,2735
1080.993984055543,3291,2205,2748
1088.043295511368,3285,2200,2756
1095.0909229981048,3267,2187,2766
1102.0798583653968,3263,2180,2781
1109.010073300111,3252,2172,2789
1116.265496751173,3249,2164,2804
1123.2716565928154,3240,2157,2811
1130.3032976960105,3224,2143,2822
1137.2781927810956,3218,2131,2835
1144.2925459848311,3212,2119,2850
1151.286233078488,3205,2115,2859
1158.3540256204178,3188,2093,2873
1165.361623309929,3176,2079,2882
1172.455626819564,3165,2074,2892
1179.5251992573096,3162,2062,2909
1186.473184936644,3158,2051,2918
1193.570544066257,3157,2045,2928
1200.5674223733483,3146,2034,2939
1207.5721999328198,3131,2018,2950
1214.5858299778477,3132,2017,2959
1221.6479235365425,3116,1996,2975
1228.666057204822,3110,1984,2990
1235.665932420692,3090,1971,2995
1242.6915867575926,3079,1955,3007
1249.7396809306872,3080,1956,3012
1256.7215621662288,3079,1947,3025
1263.8074068630606,3074,1929,3044
1270.8425799381541,3066,1913,3056
1277.8424561818254,3062,1904,3067
1284.818529538756,3060,1902,3072
1292.083907591912,3051,1890,3080
1299.1381339518932,3037,1870,3094
1306.1595158717578,3034,1864,3103
1313.1655060847831,3036,1859,3114
1320.2112483276612,3031,1847,3127
1327.2340383739365,3015,1826,3137
1334.2446558673473,3014,1813,3152
1341.3516503738026,3012,1812,3160
1348.3633960019456,3010,1801,3173
1355.3983561763364,2997,1787,3181
1362.4402638850902,2997,1781,3191
1369.444187553153,2983,1772,3198
1376.3650143005084,2980,1771,3203
1383.4550495382252,2979,1763,3212
1390.50117162856,2965,1747,3220
1397.633535986404,2957,1735,3228
1404.5779283571867,2966,1740,3234
1411.6379522272446,2967,1738,3241
1418.6346124342224,2956,1721,3249
1425.6705119447065,2953,1719,3257
1432.7843991383222,2946,1709,3266
1439.8009410761204,2942,1699,3279
1446.7970919912998,2924,1676,3287
1453.8849617480323,2934,1675,3299
1460.9022656419163,2936,1667,3311
1467.8960044415203,2936,1661,3320
1474.9396768139206,2919,1644,3327
1481.9724027687466,2915,1636,3335
1489.0389674568955,2909,1625,3347
1496.057567683296,2906,1624,3353
1503.2082762508494,2907,1622,3358
1510.2183581229501,2896,1612,3362
1517.2315320669313,2883,1599,3366
1524.2815915394267,2889,1607,3371
1531.3472115949419,2885,1595,3383
1538.3745900293252,2884,1589,3392
1545.3860599674395,2876,1577,3401
1552.4379430934096,2870,1564,3412
1559.443321357153,2872,1563,3419
1566.4011177816515,2864,1549,3427
1573.4763635325858,2863,1545,3434
1580.4060522447417,2860,1538,3441
1587.5290832673552,2857,1526,3453
1594.5718825223803,2850,1509,3466
1601.5972751576523,2851,1507,3473
1608.6114249784139,2842,1498,3479
1615.6123998981725,2843,1498,3483
1622.6686859286142,2840,1492,3492
1629.6190093203018,2835,1489,3494
1636.6839759486445,2831,1480,3501
1643.721670040613,2831,1471,3513
1650.7482870828364,2829,1460,3524
1657.6797629104356,2826,1452,3534
1664.8043794668633,2822,1443,3541
1671.8317375876986,2820,1427,3557
1678.8637632789948,2811,1420,3561
1685.8860503415726,2811,1421,3562
1692.88343980368,2806,1410,3568
1699.9097359320742,2806,1409,3575
1706.8868019373544,2809,1407,3583
1713.8679787943042,2793,1386,3592
1721.0024276032464,2789,1378,3599
1728.0262282776355,2782,1367,3606
1735.0175024413677,2783,1364,3614
1741.97747294436,2778,1361,3618
1749.07068141052,2774,1356,3624
1756.123253941647,2775,1350,3632
1763.1802310387613,2765,1336,3642
1770.1835697325814,2767,1337,3646
1777.2732953547381,2758,1325,3652
1784.414463589284,2752,1312,3661
1791.4261216006146,2752,1307,3668
1798.2000706025349,2747,1300,3673
1805.458596388427,2752,1304,3677
1812.5425223426496,2752,1300,3684
1819.6271756419098,2754,1295,3692
1826.6115355989439,2748,1286,3698
1833.857040399371,2745,1280,3704
1840.9091613849237,2743,1274,3711
1847.8785154095942,2739,1265,3720
1854.9139343856011,2732,1252,3728
1861.9325604761273,2732,1253,3731
1868.85473896748,2720,1239,3735
1876.0116763502556,2722,1243,3737
1883.0164757474704,2721,1237,3743
1890.0683852120792,2724,1239,3746
1897.115948218323,2725,1235,3752
1904.1208204155105,2715,1225,3755
1911.1534047955124,2711,1219,3762
1918.1785109206226,2713,1218,3767
1925.1771453877377,2705,1204,3774
1932.195119536174,2705,1204,3776
1939.2302234432677,2709,1204,3780
1946.403080623348,2705,1200,3784
1953.5362320205718,2705,1198,3790
1960.4818503647416,2702,1193,3793
1967.6537677476135,2696,1189,3796
1974.6625690453923,2687,1176,3802
1981.6520194990085,2691,1177,3807
1988.6384602188657,2688,1169,3814
1995.6842709856992,2686,1163,3818
2002.6566474092526,2683,1158,3823
2009.7114487306287,2685,1154,3831
2016.712452925151,2681,1148,3835
2023.6592471218019,2689,1153,3840
2030.7864215721158,2679,1141,3845
2037.7424963897793,2671,1129,3852
2044.8267273499582,2676,1127,3860
2051.911124255433,2675,1123,3866
2058.9639676509632,2674,1118,3870
2066.0071627811153,2665,1109,3875
2073.1218954576816,2659,1099,3881
2080.2315905393025,2664,1100,3887
2087.203288239808,2661,1089,3896
2094.2943655344416,2659,1085,3903
2101.405217196397,2659,1083,3907
2108.416042256571,2660,1081,3910
2115.4668634673876,2655,1075,3913
2122.5360902768534,2651,1064,3921
2129.58253392793,2653,1063,3925
2136.7396710647427,2651,1062,3926
2143.6899572632906,2641,1051,3928
2150.742239541879,2646,1053,3933
2157.763577350179,2645,1051,3935
2164.7148320025344,2649,1053,3938
2171.8642891914883,2643,1040,3946
2178.885103166862,2645,1042,3947
2185.8423129150024,2644,1039,3949
2193.0063677140074,2639,1033,3953
2200.0181951571512,2637,1030,3955
2207.0362330487824,2637,1024,3963
2214.052173900736,2633,1024,3963
2221.103348104938,2635,1022,3967
2228.1642386001904,2634,1018,3972
2235.2036408235285,2637,1015,3978
2242.1456298322732,2633,1009,3981
2249.2840030421667,2634,1006,3986
2256.4340917583027,2630,1000,3991
2263.464103521405,2624,994,3993
2270.5220717012216,2627,997,3994
2277.395789152091,2624,989,4000
2284.540856681974,2617,982,4001
2291.550871005906,2621,987,4003
2298.6801980743444,2617,978,4010
2305.7455632320325,2614,973,4013
2312.76111544597,2615,970,4018
2319.7385230588548,2614,965,4022
2326.893948635605,2607,957,4025
2333.90839353228,2606,951,4030
2340.900660528757,2609,954,4031
2347.8496301595324,2609,954,4034
2354.9563602875924,2608,952,4036
2361.9981921899653,2606,945,4042
2369.143703986672,2605,942,4044
2376.1927048202256,2607,940,4051
2383.20468448262,2600,931,4055
2390.22896070153,2602,929,4060
2397.2568717851486,2605,929,4064
2404.3246554720286,2602,923,4068
2411.3510471538148,2592,915,4069
2418.435135946276,2590,911,4071
2425.461106566851,2589,909,4073
2432.5597392163677,2591,913,4073
2439.5782752238883,2584,905,4076
2446.6547780128285,2587,909,4077
2453.6307475054305,2587,906,4081
2460.668030174146,2587,905,4082
2467.740949028722,2584,899,4085
2474.7703995928155,2590,901,4090
2481.642368954281,2583,896,4090
2488.8027493603895,2580,893,4091
2495.847579518699,2581,892,4094
2502.8603755861036,2584,895,4095
2509.875201989714,2578,889,4100
2516.862651796136,2574,880,4106
2523.926345987374,2573,876,4109
2530.9305993639687,2572,874,4110
2538.0862023265954,2568,869,4112
2545.05075741777,2570,872,4113
2552.136946163174,2573,872,4116
2559.1504355654015,2576,874,4118
2566.1870543566806,2573,870,4119
2573.3984677339613,2575,870,4124
2580.3645356994566,2571,864,4126
2587.4016674161667,2576,869,4127
2594.419725164219,2566,857,4130
2601.4365175767,2569,861,4132
2608.395660018597,2565,857,4135
2615.4582127415983,2561,855,4135
2622.6271367192626,2559,849,4140
2629.6483093476054,2555,841,4144
2636.779429536747,2552,837,4146
2643.7975003385964,2552,838,4146
2650.781380095925,2558,840,4150
2657.872994610066,2557,839,4151
2664.9126804942653,2554,835,4153
2671.9996159131956,2556,835,4155
2679.0136933719814,2553,829,4158
2685.9842288508776,2552,826,4162
2693.034246510816,2556,826,4166
2700.1095670783143,2552,821,4168
2707.1224920299833,2553,820,4170
2713.986823292747,2550,816,4174
2721.2171010589477,2546,812,4175
2728.2372399111446,2553,815,4180
2735.1191496704414,2547,808,4182
2742.2422838535917,2546,804,4186
2749.348118393284,2541,799,4187
2756.428999577153,2543,798,4190
2763.4760309742032,2548,801,4192
2770.5672727274505,2548,801,4193
2777.5475756051333,2541,796,4193
2784.561589341347,2541,795,4195
2791.59734189279,2543,796,4196
2798.626691339887,2541,792,4199
2805.8662013490675,2541,791,4201
2812.930906528197,2537,781,4207
2819.9585305454457,2529,769,4212
2826.939463898005,2535,774,4213
2833.8783377152536,2532,769,4215
2841.055360545701,2525,762,4216
2848.049058086963,2524,760,4217
2855.073103523285,2528,762,4220
2862.122762249962,2533,764,4223
2869.1162074842114,2537,763,4228
2876.208356017183,2537,758,4233
2883.226388500227,2533,752,4235
2890.321822040654,2531,749,4237
2897.2948228064492,2536,750,4241
2904.419227295821,2537,750,4242
2911.4300256757087,2528,742,4242
2918.320294273396,2532,745,4244
2925.4431801844553,2532,743,4246
2932.564896102116,2534,745,4246
2939.486657588329,2534,742,4250
2946.745504596647,2536,740,4254
2953.7982790997435,2535,738,4255
2960.9114337380784,2538,735,4261
2967.9237110394574,2536,733,4262
2974.9540679364004,2534,727,4266
2981.9820161456373,2529,720,4268
2988.973684205144,2536,722,4273
2996.040930568875,2534,720,4273
3002.971964025607,2533,718,4275
3010.0756144213556,2532,715,4277
3017.0452546756783,2532,713,4280
3024.137693889928,2532,713,4281
3031.1964817284024,2532,709,4285
3038.2079687977975,2527,703,4288
3045.325240072151,2522,699,4289
3052.382199117422,2522,695,4293
3059.3179971963045,2525,695,4297
3066.4431415839194,2526,692,4301
3073.5403724597763,2525,689,4303
3080.5538534584794,2525,688,4304
3087.609025991962,2525,688,4305
3094.589509153894,2522,683,4308
3101.6116669112967,2526,686,4309
3108.6601401862217,2521,680,4310
3115.6452635682863,2521,680,4311
3122.610656128587,2520,676,4314
3129.7315891407966,2520,675,4315
3136.7981949768664,2519,674,4317
3143.76896510215,2518,671,4319
3150.7615861634786,2520,672,4320
3157.841724300797,2523,673,4322
3164.9925685885837,2523,672,4323
3172.0411647611318,2522,669,4326
3179.040956070032,2523,669,4328
3186.02851712534,2520,665,4329
3193.052475927065,2515,659,4331
3200.093063344208,2516,659,4332
3206.936221283651,2512,654,4333
3214.329988216965,2514,655,4335
3221.286078942203,2516,653,4339
3228.344371713569,2521,658,4340
3235.3820266253692,2518,654,4341
3242.5108417803626,2513,649,4341
3249.5804814447706,2518,652,4343
3256.6662309788103,2514,645,4346
3263.6540787021568,2512,640,4349
3270.7284443873555,2511,639,4351
3277.7634030137024,2509,635,4353
3284.8799586780983,2507,631,4355
3291.911380943006,2512,634,4357
3298.9505148818484,2512,633,4360
3305.9331811165757,2513,633,4361
3313.0075537697717,2507,626,4363
3320.0886312919856,2511,627,4366
3327.0981131903873,2510,625,4368
3334.118726719236,2514,627,4370
3341.236114812471,2511,624,4370
3348.2410182533604,2510,621,4372
3355.1923152582185,2507,615,4375
3362.277694864065,2508,615,4376
3369.1783811018076,2507,613,4377
3376.326304441051,2506,610,4379
3383.3842058364216,2503,605,4382
3390.3632186771883,2505,605,4385
3397.4033453078277,2509,609,4385
3404.452315137289,2503,603,4385
3411.3558047311126,2500,598,4387
3418.532563996424,2505,602,4388
3425.513983147251,2507,603,4390
3432.519250786035,2505,601,4390
3439.672106534421,2505,599,4392
3446.556136485633,2506,600,4392
3453.7029620757307,2504,597,4394
3460.6902908597617,2509,601,4395
3467.7029721875456,2508,598,4397
3474.8425189379036,2503,592,4398
3481.842412902894,2502,589,4400
3488.828059248521,2506,591,4402
3495.824859515059,2502,587,4402
3502.8037102356207,2505,588,4404
3509.867506505055,2505,586,4406
3516.856703823111,2505,583,4409
3523.858675456151,2505,581,4411
3530.9752309412847,2503,576,4414
3537.9781540835857,2508,581,4414
3545.0771647001366,2506,579,4414
3552.1136773075864,2500,573,4415
3559.1001038159,2502,574,4416
3566.2878140431762,2502,573,4417
3573.427326042372,2507,576,4419
3580.4445668917315,2505,573,4420
3587.6296656765217,2505,571,4422
3594.5877291369234,2507,572,4423
3601.6668474444214,2508,570,4426
3608.655521606747,2503,562,4430
3615.802979791335,2507,565,4431
3622.7751962675675,2507,564,4432
3629.844184265237,2509,566,4432
3636.9692929494495,2508,563,4434
3643.9635651607737,2505,559,4435
3651.039881639303,2504,557,4436
3658.076869832757,2504,556,4438
3665.1307832586863,2503,551,4442
3672.149205882391,2504,552,4442
3679.082870579311,2501,547,4444
3686.356633245194,2504,550,4444
3693.394097249272,2501,546,4445
3700.2643140924833,2501,545,4446
3707.4007843911236,2505,546,4449
3714.6163560807313,2503,545,4449
3721.75221663686,2500,541,4450
3728.7898663570422,2502,542,4451
3735.846090175478,2503,542,4452
3743.073433386256,2497,534,4454
3750.078278050346,2498,534,4455
3757.126395713765,2499,533,4457
3764.170050564729,2499,532,4458
3771.1889164026697,2500,530,4461
3778.230229912814,2505,534,4462
3785.2891930130713,2505,533,4464
3792.352151441459,2502,527,4467
3799.3568271801973,2504,528,4468
3806.3426148289464,2505,529,4468
3813.4398177525386,2503,526,4469
3820.5363767912586,2502,523,4471
3827.600128249188,2503,524,4471
3834.6598571028926,2500,519,4473
3841.61113583246,2502,519,4475
3848.7842003079336,2504,521,4475
3855.942397925595,2503,520,4475
3862.9464768997123,2496,513,4476
3870.0446032466066,2497,514,4476
3877.056323012391,2495,511,4478
3884.1336559777105,2495,511,4478
3891.105939869676,2504,517,4481
3898.192157639192,2504,513,4485
3905.2229907328274,2502,511,4485
3912.2611134560148,2501,509,4486
3919.42293498269,2501,508,4487
3926.407397916932,2499,505,4489
3933.3968746205423,2493,499,4489
3940.4887398181213,2501,506,4490
3947.420870284793,2499,504,4490
3954.524077559023,2500,504,4491
3961.515829712733,2492,492,4495
3968.5704768754103,2490,488,4497
3975.7597407689937,2497,495,4497
3982.9382755838665,2496,493,4498
3989.9159184101095,2494,488,4501
3997.07473763713,2496,488,4503
4004.0465095572854,2495,486,4504
4011.085338112366,2498,487,4506
4018.2669192724484,2499,487,4507
4025.319379903914,2497,483,4509
4032.2540602501044,2499,484,4510
4039.4190663494833,2501,486,4511
4046.5134231935403,2501,484,4513
4053.489316550745,2500,481,4515
4060.581027906614,2499,480,4515
4067.6610818656736,2498,479,4516
4074.866132057472,2500,479,4519
4081.7896258453825,2498,475,4521
4088.915476834771,2496,473,4521
4095.7389233684094,2491,465,4524
4103.037526078232,2494,467,4525
4110.463898935739,2498,470,4526
4117.56523229431,2493,462,4529
4124.356439634866,2493,460,4531
4131.530284203352,2490,457,4531
4138.6065673303965,2495,460,4533
4145.615860282117,2499,464,4533
4152.712442981325,2498,463,4533
4159.776073824215,2493,457,4534
4166.740426822105,2500,464,4534
4173.772911111799,2499,463,4534
4180.8083483159835,2500,463,4535
4187.942457492727,2496,459,4535
4194.82749915561,2496,457,4537
4202.018718930925,2494,455,4537
4209.027783621861,2497,458,4537
4215.978553996421,2497,456,4539
4223.129618449606,2498,457,4539
4230.055834645734,2499,457,4540
4237.167867540391,2500,456,4542
4244.237706882525,2500,455,4543
4251.2974642742565,2499,454,4543
4258.43535188541,2495,450,4543
4265.455242298643,2498,452,4544
4272.409316382395,2494,448,4544
4279.463557724893,2492,446,4544
4286.35931111969,2491,444,4545
4293.62792079105,2493,444,4547
4300.592366535882,2496,447,4547
4307.565936096839,2499,450,4547
4314.719303705924,2495,445,4548
4321.669684710246,2494,443,4549
4328.713557981298,2492,441,4549
4335.669881624843,2491,440,4549
4342.920128205718,2495,444,4549
4349.859653907079,2494,442,4550
4357.077801245443,2493,440,4551
4364.006910786173,2497,443,4552
4371.077309024554,2498,442,4554
4378.154339513338,2497,441,4554
4385.253576566291,2499,443,4554
4392.290242127078,2497,441,4554
4399.354977798122,2499,442,4555
4406.433880306021,2497,440,4555
4413.417842133549,2494,436,4556
4420.440844021625,2498,440,4556
4427.477880471039,2499,441,4556
4434.499677199868,2496,438,4556
4441.597097902647,2498,439,4557
4448.582133123084,2498,439,4557
4455.659000708872,2494,433,4559
4462.744371810061,2491,430,4559
4469.6053125203225,2491,430,4559
4476.8964936195625,2491,430,4559
4483.8602126211445,2495,434,4559
4490.824128896298,2495,433,4560
4497.938336228983,2495,430,4563
4504.938555041589,2493,428,4563
4511.95137861739,2495,429,4564
4518.917634954804,2496,430,4564
4526.064089513673,2496,428,4566
4533.1722110050205,2499,430,4567
4540.174408760613,2500,430,4568
4547.223554009054,2500,428,4570
4554.077668808355,2500,427,4571
4561.354295197597,2498,425,4571
4568.388626884461,2500,424,4574
4575.468103641562,2496,420,4574
4582.552813740599,2497,421,4574
4589.505768253801,2497,419,4576
4596.5780291764895,2495,417,4576
4603.686685646171,2496,418,4576
4610.6962899028385,2490,412,4576
4617.743862620978,2496,416,4578
4624.907425377776,2499,417,4580
4631.96334070216,2497,414,4581
4639.07371492355,2495,412,4581
4646.224620736275,2498,414,4582
4653.233112950004,2500,415,4583
4660.407966634048,2496,409,4585
4667.443230159221,2497,410,4585
4674.593894209867,2496,408,4586
4681.561416646972,2495,407,4586
4688.6885642395855,2498,409,4587
4695.806724676813,2497,406,4589
4702.8253211073925,2496,404,4590
4709.921864458722,2497,405,4590
4717.122044569522,2499,406,4591
4724.188747873817,2497,403,4592
4731.220893040683,2493,396,4595
4738.260631867845,2493,396,4595
4745.18070182698,2494,395,4597
4752.266825487528,2497,398,4597
4759.24138440171,2495,395,4598
4766.433376604943,2495,395,4598
4773.298171083026,2497,397,4598
4780.52043488776,2497,396,4599
4787.531523024223,2498,397,4599
4794.530280862207,2497,396,4599
4801.5837558247185,2495,394,4599
4808.661160371498,2495,393,4600
4815.709141431771,2498,396,4600
4822.778618321173,2499,397,4600
4829.7767832989575,2497,394,4601
4836.722297563677,2497,394,4601
4843.824136657666,2495,391,4602
4850.966637990505,2497,393,4602
4857.948141592476,2498,394,4602
4865.006030725386,2496,392,4602
4872.010272054339,2496,392,4602
4879.096495426299,2496,392,4602
4886.03059863133,2498,393,4603
4893.131830302196,2498,393,4603
4900.134567205897,2500,395,4603
4907.17062492365,2502,396,4604
4914.212042300683,2498,392,4604
4921.222266767407,2493,387,4604
4928.38931040317,2500,392,4606
4935.410407678619,2501,393,4606
4942.800087049685,2499,389,4608
4949.777508323077,2497,386,4609
4956.856267832082,2501,388,4611
4963.873638723414,2499,386,4611
4970.980869036346,2496,383,4611
4978.01300389977,2500,386,4612
4985.051625936398,2499,385,4612
4992.098009825461,2495,380,4613
4999.104955698975,2495,380,4613
5006.119400001115,2494,378,4614
5013.239534438227,2494,378,4614
5020.242407923035,2494,376,4616
5027.178985961004,2497,377,4618
5034.397446169989,2496,376,4618
5041.494276856506,2495,375,4618
5048.338162311866,2497,377,4618
5055.606220302287,2495,375,4618
5062.633170043423,2493,372,4619
5069.769156005189,2497,375,4620
5076.930884344523,2498,376,4621
5083.933471338922,2499,375,4623
5090.899223064621,2496,372,4623
5097.975149483836,2494,370,4623
5105.1173939639,2496,372,4623
5112.177494797347,2497,372,4624
5119.22995010993,2496,371,4624
5126.177083894144,2496,371,4624
5133.221741723901,2497,371,4625
5140.378048419559,2498,371,4626
5147.327668939558,2499,372,4626
5154.29190347833,2499,372,4626
5161.446509234214,2498,371,4626
5168.4526653042285,2496,368,4627
5175.439507524061,2499,371,4627
5182.470770582161,2496,368,4628
5189.809173915022,2497,369,4628
5196.7035048624175,2493,364,4629
5203.672964757105,2495,366,4629
5210.866211632529,2494,365,4629
5217.929081115207,2494,365,4629
5224.901180313194,2494,365,4629
5231.905939220628,2492,363,4629
5238.996601281171,2496,365,4631
5245.987944794613,2495,364,4631
5252.981906625568,2495,363,4632
5260.073439550453,2495,363,4632
5267.260728917764,2496,364,4632
5274.332371744002,2494,361,4633
5281.397398971545,2494,360,4634
5288.417980052405,2500,366,4634
5295.392141723622,2495,359,4636
5302.444946070798,2495,358,4637
5309.514094419115,2493,356,4637
5316.534420719714,2494,357,4637
5323.660426687795,2495,358,4637
5330.8677635779095,2495,357,4638
5337.867148047703,2495,353,4642
5344.87010588564,2492,349,4643
5351.969985184667,2494,349,4645
5359.031572725079,2494,349,4645
5366.061318907155,2494,348,4646
5372.952830627093,2498,352,4646
5380.082003539675,2496,350,4646
5387.1656213653605,2497,350,4647
5394.262968827446,2496,349,4647
5401.369875294169,2491,344,4647
5408.362398740816,2496,348,4648
5415.442000556638,2497,348,4649
5422.5788402753615,2496,347,4649
5429.664574052586,2495,346,4649
5436.506169724915,2491,342,4649
5443.776277689646,2492,343,4649
5450.933598738036,2496,347,4649
5457.981569493121,2495,342,4653
5464.912360234379,2493,338,4655
5472.108461568648,2496,341,4655
5479.0812192707635,2498,342,4656
5486.251336679007,2495,338,4657
5493.225409877798,2495,338,4657
5500.4099018045445,2494,336,4658
5507.462020728389,2494,336,4658
5514.503413486458,2492,334,4658
5521.501421738374,2496,336,4660
5528.522581979985,2494,334,4660
5535.656089460355,2494,334,4660
5542.847197193214,2496,336,4660
5550.12085549499,2496,336,4660
5557.334050581355,2497,337,4660
5564.357988251041,2495,335,4660
5571.36763335388,2496,336,4660
5578.448397990192,2495,335,4660
5585.552912632295,2496,336,4660
5592.568823464933,2496,336,4660
5599.59301699821,2495,335,4660
5606.592116143793,2492,332,4660
5613.584736015113,2495,335,4660
5620.60760802612,2494,333,4661
5627.708002362483,2495,332,4663
5634.777970813956,2495,332,4663
5641.89375634079,2493,330,4663
5648.821186424126,2492,328,4664
5655.893550117985,2493,329,4664
5662.934853076199,2492,327,4665
5670.0333647016305,2495,330,4665
5677.024449578768,2495,329,4666
5684.121724508991,2494,327,4667
5691.130193057107,2495,328,4667
5698.127919781618,2495,328,4667
5705.120817070364,2493,326,4667
5712.225309658087,2493,326,4667
5719.190398110568,2497,329,4668
5726.26752798491,2498,330,4668
5733.289069472459,2497,328,4669
5740.336814608264,2496,327,4669
5747.374264135032,2497,326,4671
5754.427523520336,2499,328,4671
5761.474623997637,2497,326,4671
5768.479133040894,2495,323,4672
5775.647330328611,2494,322,4672
5782.598926319974,2496,324,4672
5789.662147773532,2493,321,4672
5796.623899256721,2493,321,4672
5803.64401177707,2496,323,4673
5810.735815056487,2496,323,4673
5817.747372488316,2495,320,4675
5824.8532076484025,2493,317,4676
5832.002884312203,2492,316,4676
5838.9896930987925,2497,321,4676
5845.988216289226,2495,319,4676
5853.126346820426,2495,319,4676
5860.241112756355,2497,321,4676
5867.183985941191,2495,318,4677
5874.3280975850685,2497,320,4677
5881.305589308344,2493,314,4679
5888.35467605313,2494,314,4680
5895.363397190346,2497,315,4682
5902.37469132152,2499,317,4682
5909.329608462683,2500,318,4682
5916.414766827375,2498,316,4682
5923.490749213301,2499,317,4682
5930.546997786277,2495,312,4683
5937.6081634386765,2492,309,4683
5944.508407372061,2495,311,4684
5951.616243156379,2497,313,4684
5958.694887458079,2498,313,4685
5965.699910199354,2495,310,4685
5972.8252285351355,2493,308,4685
5979.672692240169,2494,308,4686
5986.808818082782,2495,307,4688
5993.909996091508,2492,304,4688
6000.900528245502,2494,306,4688
6007.926096598882,2494,306,4688
6014.908246959544,2495,307,4688
6021.987286465836,2495,307,4688
6029.0455528325365,2499,311,4688
6036.063149660177,2497,309,4688
6043.072146926413,2497,307,4690
6050.062316483028,2494,304,4690
6057.122880741666,2498,308,4690
6064.206188545474,2498,308,4690
6071.208661768898,2498,308,4690
6078.221478378501,2497,307,4690
6085.312845022799,2497,307,4690
6092.303748291832,2498,307,4691
6099.337007131568,2497,306,4691
6106.154965457684,2497,305,4692
6113.430013030306,2498,305,4693
6120.483501341072,2497,304,4693
6127.5162756906575,2499,304,4695
6134.627047732557,2498,303,4695
6141.659591839514,2497,301,4696
6148.809114377997,2495,298,4697
6155.89052238315,2498,301,4697
6162.9511606949245,2498,300,4698
6170.102738901322,2498,300,4698
6177.134621399126,2498,298,4700
6184.108606571902,2493,293,4700
6191.1786200647,2492,292,4700
6198.2516520221725,2495,295,4700
6205.230814874213,2495,295,4700
6212.277870646088,2495,295,4700
6219.241944662932,2498,297,4701
6226.36051746837,2493,292,4701
6233.368991250318,2494,293,4701
6240.44028626869,2495,294,4701
6247.418866689326,2497,296,4701
6254.515026913645,2496,294,4702
6261.393882828115,2497,295,4702
6268.574301487435,2497,294,4703
6275.635343224123,2497,293,4704
6282.73925497011,2495,291,4704
6289.772430339741,2495,291,4704
6296.7566981396685,2498,293,4705
6303.85814096453,2499,293,4706
6310.859789352295,2495,289,4706
6317.979973447871,2496,290,4706
6325.168549850189,2498,292,4706
6332.095791916667,2494,288,4706
6339.162956824285,2494,288,4706
6346.085197946865,2499,293,4706
6353.1920522224345,2498,292,4706
6360.215701494356,2496,290,4706
6367.285718975318,2497,291,4706
6374.397660223274,2495,288,4707
6381.458460952209,2495,288,4707
6388.492274906986,2492,285,4707
6395.6633638912,2493,285,4708
6402.6622280703905,2490,281,4709
6409.684723800327,2489,280,4709
6416.7750058742395,2491,281,4710
6423.768312661729,2494,284,4710
6430.868827205207,2496,286,4710
6437.96762537961,2496,286,4710
6444.989523665325,2495,284,4711
6452.022356210916,2498,284,4714
6459.015681336768,2498,284,4714
6465.957262647385,2498,284,4714
6473.102382215589,2497,283,4714
6480.244851800505,2494,280,4714
6487.336443084327,2492,278,4714
6494.427739601942,2495,280,4715
6501.429902368731,2495,280,4715
6508.501727092971,2497,282,4715
6515.544218268528,2499,284,4715
6522.612222266524,2497,282,4715
6529.792497193714,2496,281,4715
6536.756138013085,2497,282,4715
6543.785384055782,2496,281,4715
6550.944091321477,2496,281,4715
6557.962856272242,2494,279,4715
6564.937133224701,2496,281,4715
6572.042828107327,2498,282,4716
6579.095559145564,2498,282,4716
6586.179701647236,2498,282,4716
6593.285281019539,2500,283,4717
6600.29145416899,2495,278,4717
6607.422090312263,2492,275,4717
6614.470842857234,2496,279,4717
6621.536679317323,2495,278,4717
6628.591903871959,2495,277,4718
6635.584429458711,2497,279,4718
6642.67826631381,2497,277,4720
6649.689567579288,2497,277,4720
6656.636687746665,2495,274,4721
6663.801389706361,2496,275,4721
6670.868516546517,2498,275,4723
6677.830594374242,2496,272,4724
6684.884521493488,2495,271,4724
6691.87072322509,2494,270,4724
6698.942627113672,2496,272,4724
6705.95089501672,2497,272,4725
6713.018440672364,2497,272,4725
6720.036677322973,2497,272,4725
6727.015155061428,2497,272,4725
6734.109464985676,2495,270,4725
6741.216800582356,2495,270,4725
6748.192672989272,2495,270,4725
6755.217882938119,2497,272,4725
6762.445697868099,2498,273,4725
6769.621204483861,2496,271,4725
6776.645199301138,2498,273,4725
6783.679027278745,2499,274,4725
6790.784076230893,2499,274,4725
6797.7841534188165,2498,273,4725
6804.761103810365,2497,272,4725
6811.634683031972,2498,273,4725
6818.885677958912,2499,274,4725
6825.928993234839,2499,272,4727
6832.934423295002,2497,270,4727
6840.0803016667105,2496,269,4727
6847.280172102973,2492,265,4727
6854.186345219021,2491,263,4728
6861.427182565412,2494,266,4728
6868.3878488682885,2496,268,4728
6875.616383415872,2497,269,4728
6882.60408785168,2497,269,4728
6889.611123688665,2495,267,4728
6896.667207879362,2496,268,4728
6903.768838992844,2493,265,4728
6910.886684574529,2495,267,4728
6917.936911021347,2494,265,4729
6924.991655821536,2497,267,4730
6931.951703287871,2498,268,4730
6939.078613045999,2497,265,4732
6946.159755653097,2499,266,4733
6953.271808476932,2493,260,4733
6960.357874581381,2497,264,4733
6967.24539351407,2497,264,4733
6974.407835548758,2497,264,4733
6981.500495620995,2499,266,4733
6988.530065557654,2498,265,4733
6995.623576605302,2500,267,4733
6999.987475384807,2498,265,4733
6999.999999999875,2498,265,4733